2026-05-06 10:07:58 INFO  Refreshing org.springframework.context.annotation.AnnotationConfigApplicationContext@3abfe836: startup date [Wed May 06 10:07:58 EET 2026]; root of context hierarchy
2026-05-06 10:07:58 INFO  Loading XML bean definitions from class path resource [webgame/beans/server-beans.xml]
2026-05-06 10:07:58 INFO  Loading XML bean definitions from class path resource [webgame/beans/mysql-beans.xml]
2026-05-06 10:07:58 INFO  Loading XML bean definitions from class path resource [webgame/beans/service-beans.xml]
2026-05-06 10:07:58 INFO  Loading XML bean definitions from class path resource [webgame/beans/mysql-beans.xml]
2026-05-06 10:07:58 INFO  Loading XML bean definitions from class path resource [webgame/beans/data-beans.xml]
2026-05-06 10:07:58 INFO  Loading properties file from class path resource [webgame/props/webgame.properties]
2026-05-06 10:07:58 INFO  Loading properties file from class path resource [webgame/props/mysql.properties]
2026-05-06 10:07:58 INFO  Loading properties file from class path resource [webgame/props/redis.properties]
2026-05-06 10:07:58 INFO  Loading properties file from class path resource [version.properties]
2026-05-06 10:07:58 DEBUG 加载配置文件 
2026-05-06 10:07:58 DEBUG key -> platform, value -> test 
2026-05-06 10:07:58 DEBUG key -> businessThreadCount, value -> 10 
2026-05-06 10:07:58 DEBUG key -> svn, value -> 32883 
2026-05-06 10:07:58 DEBUG key -> jdbc.url, value -> jdbc:mysql://localhost:3306/sanguo_game2?useUnicode=true&characterEncoding=utf8 
2026-05-06 10:07:58 DEBUG key -> secretKey, value -> 5Jqxjo10Yl2ElQCwJm 
2026-05-06 10:07:58 DEBUG key -> so.backlog, value -> 128 
2026-05-06 10:07:58 DEBUG key -> url, value -> http://localhost 
2026-05-06 10:07:58 DEBUG key -> redis.testOnBorrow, value -> true 
2026-05-06 10:07:58 DEBUG key -> serverId, value -> 10001 
2026-05-06 10:07:58 DEBUG key -> redis.maxTotal, value -> 600 
2026-05-06 10:07:58 DEBUG key -> serverName, value -> å°æ¸¸æ2æ 
2026-05-06 10:07:58 DEBUG key -> logserver.isOpen, value -> false 
2026-05-06 10:07:58 DEBUG key -> redis.port, value -> 6379 
2026-05-06 10:07:58 DEBUG key -> jmxPort, value -> 19302 
2026-05-06 10:07:58 DEBUG key -> redis.db, value -> 13 
2026-05-06 10:07:58 DEBUG key -> redis.timeout, value -> 5000 
2026-05-06 10:07:58 DEBUG key -> logserver.port, value -> 6000 
2026-05-06 10:07:58 DEBUG key -> jdbc.user, value -> root 
2026-05-06 10:07:58 DEBUG key -> keystorePass, value ->  
2026-05-06 10:07:59 DEBUG key -> characterEncoding, value -> UTF-8 
2026-05-06 10:07:59 DEBUG key -> logicRmi.port, value -> 17005 
2026-05-06 10:07:59 DEBUG key -> debug, value -> true 
2026-05-06 10:07:59 DEBUG key -> wss, value -> false 
2026-05-06 10:07:59 DEBUG key -> dataLocation, value -> cn 
2026-05-06 10:07:59 DEBUG key -> useUnicode, value -> true 
2026-05-06 10:07:59 DEBUG key -> redis.pass, value -> e5968b5bd4f916e4 
2026-05-06 10:07:59 DEBUG key -> jmxPass, value -> g6UoONwr6joi1ApG 
2026-05-06 10:07:59 DEBUG key -> appId, value -> 100962 
2026-05-06 10:07:59 DEBUG key -> jks, value -> localhost 
2026-05-06 10:07:59 DEBUG key -> so.keepalive, value -> true 
2026-05-06 10:07:59 DEBUG key -> http.port, value -> 19202 
2026-05-06 10:07:59 DEBUG key -> jdbc.driverClassName, value -> com.mysql.jdbc.Driver 
2026-05-06 10:07:59 DEBUG key -> cchId, value -> 392 
2026-05-06 10:07:59 DEBUG key -> workerThreadCount, value -> 14 
2026-05-06 10:07:59 DEBUG key -> bossThreadCount, value -> 1 
2026-05-06 10:07:59 DEBUG key -> redis.host, value -> localhost 
2026-05-06 10:07:59 DEBUG key -> logserver.host, value -> localhost 
2026-05-06 10:07:59 DEBUG key -> openTime, value -> 2017-09-02 00:00:00 
2026-05-06 10:07:59 DEBUG key -> logserver.dataPath, value -> ./log 
2026-05-06 10:07:59 DEBUG key -> wordLocation, value -> cn 
2026-05-06 10:07:59 DEBUG key -> ws.port, value -> 19102 
2026-05-06 10:07:59 DEBUG key -> jdbc.password, value -> EghgTJGqPmZ9RQiW 
2026-05-06 10:07:59 DEBUG key -> logicRmi.cmport, value -> 17006 
2026-05-06 10:07:59 DEBUG key -> path, value -> webgame/platform/ 
2026-05-06 10:07:59 DEBUG key -> rmi.url, value -> rmi://localhost:19850/crossRankRMI 
2026-05-06 10:07:59 DEBUG key -> tag, value -> 24b0d14d02f7970e270d2b70dfab4ea62fc2390a 
2026-05-06 10:07:59 DEBUG key -> logicRmi.host, value -> localhost 
2026-05-06 10:07:59 DEBUG key -> jmxName, value -> llyx-sanguo 
2026-05-06 10:07:59 DEBUG key -> crossUrl, value -> ws://localhost 
2026-05-06 10:07:59 DEBUG key -> redis.maxWait, value -> 10000 
2026-05-06 10:07:59 DEBUG key -> version, value -> 1.1000 
2026-05-06 10:07:59 DEBUG key -> httpSwitch, value -> false 
2026-05-06 10:07:59 DEBUG key -> ws, value -> true 
2026-05-06 10:07:59 DEBUG key -> logicRmi.serviceName, value -> crossRankLogicRMI 
2026-05-06 10:07:59 DEBUG key -> redis.maxIdle, value -> 300 
2026-05-06 10:08:03 ERROR init datasource error, url: jdbc:mysql://localhost:3306/sanguo_game2?useUnicode=true&characterEncoding=utf8
com.mysql.jdbc.exceptions.jdbc4.CommunicationsException: Communications link failure

The last packet sent successfully to the server was 0 milliseconds ago. The driver has not received any packets from the server.
	at sun.reflect.NativeConstructorAccessorImpl.newInstance0(Native Method)
	at sun.reflect.NativeConstructorAccessorImpl.newInstance(NativeConstructorAccessorImpl.java:62)
	at sun.reflect.DelegatingConstructorAccessorImpl.newInstance(DelegatingConstructorAccessorImpl.java:45)
	at java.lang.reflect.Constructor.newInstance(Constructor.java:423)
	at com.mysql.jdbc.Util.handleNewInstance(Util.java:377)
	at com.mysql.jdbc.SQLError.createCommunicationsException(SQLError.java:1036)
	at com.mysql.jdbc.MysqlIO.<init>(MysqlIO.java:338)
	at com.mysql.jdbc.ConnectionImpl.coreConnect(ConnectionImpl.java:2232)
	at com.mysql.jdbc.ConnectionImpl.connectOneTryOnly(ConnectionImpl.java:2265)
	at com.mysql.jdbc.ConnectionImpl.createNewIO(ConnectionImpl.java:2064)
	at com.mysql.jdbc.ConnectionImpl.<init>(ConnectionImpl.java:790)
	at com.mysql.jdbc.JDBC4Connection.<init>(JDBC4Connection.java:44)
	at sun.reflect.NativeConstructorAccessorImpl.newInstance0(Native Method)
	at sun.reflect.NativeConstructorAccessorImpl.newInstance(NativeConstructorAccessorImpl.java:62)
	at sun.reflect.DelegatingConstructorAccessorImpl.newInstance(DelegatingConstructorAccessorImpl.java:45)
	at java.lang.reflect.Constructor.newInstance(Constructor.java:423)
	at com.mysql.jdbc.Util.handleNewInstance(Util.java:377)
	at com.mysql.jdbc.ConnectionImpl.getInstance(ConnectionImpl.java:395)
	at com.mysql.jdbc.NonRegisteringDriver.connect(NonRegisteringDriver.java:325)
	at com.alibaba.druid.filter.FilterChainImpl.connection_connect(FilterChainImpl.java:148)
	at com.alibaba.druid.filter.stat.StatFilter.connection_connect(StatFilter.java:220)
	at com.alibaba.druid.filter.FilterChainImpl.connection_connect(FilterChainImpl.java:142)
	at com.alibaba.druid.pool.DruidAbstractDataSource.createPhysicalConnection(DruidAbstractDataSource.java:1463)
	at com.alibaba.druid.pool.DruidAbstractDataSource.createPhysicalConnection(DruidAbstractDataSource.java:1525)
	at com.alibaba.druid.pool.DruidDataSource.init(DruidDataSource.java:734)
	at sun.reflect.NativeMethodAccessorImpl.invoke0(Native Method)
	at sun.reflect.NativeMethodAccessorImpl.invoke(NativeMethodAccessorImpl.java:62)
	at sun.reflect.DelegatingMethodAccessorImpl.invoke(DelegatingMethodAccessorImpl.java:43)
	at java.lang.reflect.Method.invoke(Method.java:498)
	at org.springframework.beans.factory.support.AbstractAutowireCapableBeanFactory.invokeCustomInitMethod(AbstractAutowireCapableBeanFactory.java:1711)
	at org.springframework.beans.factory.support.AbstractAutowireCapableBeanFactory.invokeInitMethods(AbstractAutowireCapableBeanFactory.java:1650)
	at org.springframework.beans.factory.support.AbstractAutowireCapableBeanFactory.initializeBean(AbstractAutowireCapableBeanFactory.java:1579)
	at org.springframework.beans.factory.support.AbstractAutowireCapableBeanFactory.doCreateBean(AbstractAutowireCapableBeanFactory.java:545)
	at org.springframework.beans.factory.support.AbstractAutowireCapableBeanFactory.createBean(AbstractAutowireCapableBeanFactory.java:482)
	at org.springframework.beans.factory.support.AbstractBeanFactory$1.getObject(AbstractBeanFactory.java:306)
	at org.springframework.beans.factory.support.DefaultSingletonBeanRegistry.getSingleton(DefaultSingletonBeanRegistry.java:230)
	at org.springframework.beans.factory.support.AbstractBeanFactory.doGetBean(AbstractBeanFactory.java:302)
	at org.springframework.beans.factory.support.AbstractBeanFactory.getBean(AbstractBeanFactory.java:197)
	at org.springframework.beans.factory.support.DefaultListableBeanFactory.preInstantiateSingletons(DefaultListableBeanFactory.java:751)
	at org.springframework.context.support.AbstractApplicationContext.finishBeanFactoryInitialization(AbstractApplicationContext.java:861)
	at org.springframework.context.support.AbstractApplicationContext.refresh(AbstractApplicationContext.java:541)
	at org.springframework.context.annotation.AnnotationConfigApplicationContext.<init>(AnnotationConfigApplicationContext.java:84)
	at com.linlongyx.sanguo.webgame.startup.GameServer.main(GameServer.java:49)
Caused by: java.net.ConnectException: Connection refused: connect
	at java.net.DualStackPlainSocketImpl.connect0(Native Method)
	at java.net.DualStackPlainSocketImpl.socketConnect(DualStackPlainSocketImpl.java:79)
	at java.net.AbstractPlainSocketImpl.doConnect(AbstractPlainSocketImpl.java:350)
	at java.net.AbstractPlainSocketImpl.connectToAddress(AbstractPlainSocketImpl.java:206)
	at java.net.AbstractPlainSocketImpl.connect(AbstractPlainSocketImpl.java:188)
	at java.net.PlainSocketImpl.connect(PlainSocketImpl.java:172)
	at java.net.SocksSocketImpl.connect(SocksSocketImpl.java:392)
	at java.net.Socket.connect(Socket.java:589)
	at com.mysql.jdbc.StandardSocketFactory.connect(StandardSocketFactory.java:213)
	at com.mysql.jdbc.MysqlIO.<init>(MysqlIO.java:297)
	... 36 more
2026-05-06 10:08:03 ERROR {dataSource-1} init error
com.mysql.jdbc.exceptions.jdbc4.CommunicationsException: Communications link failure

The last packet sent successfully to the server was 0 milliseconds ago. The driver has not received any packets from the server.
	at sun.reflect.NativeConstructorAccessorImpl.newInstance0(Native Method)
	at sun.reflect.NativeConstructorAccessorImpl.newInstance(NativeConstructorAccessorImpl.java:62)
	at sun.reflect.DelegatingConstructorAccessorImpl.newInstance(DelegatingConstructorAccessorImpl.java:45)
	at java.lang.reflect.Constructor.newInstance(Constructor.java:423)
	at com.mysql.jdbc.Util.handleNewInstance(Util.java:377)
	at com.mysql.jdbc.SQLError.createCommunicationsException(SQLError.java:1036)
	at com.mysql.jdbc.MysqlIO.<init>(MysqlIO.java:338)
	at com.mysql.jdbc.ConnectionImpl.coreConnect(ConnectionImpl.java:2232)
	at com.mysql.jdbc.ConnectionImpl.connectOneTryOnly(ConnectionImpl.java:2265)
	at com.mysql.jdbc.ConnectionImpl.createNewIO(ConnectionImpl.java:2064)
	at com.mysql.jdbc.ConnectionImpl.<init>(ConnectionImpl.java:790)
	at com.mysql.jdbc.JDBC4Connection.<init>(JDBC4Connection.java:44)
	at sun.reflect.NativeConstructorAccessorImpl.newInstance0(Native Method)
	at sun.reflect.NativeConstructorAccessorImpl.newInstance(NativeConstructorAccessorImpl.java:62)
	at sun.reflect.DelegatingConstructorAccessorImpl.newInstance(DelegatingConstructorAccessorImpl.java:45)
	at java.lang.reflect.Constructor.newInstance(Constructor.java:423)
	at com.mysql.jdbc.Util.handleNewInstance(Util.java:377)
	at com.mysql.jdbc.ConnectionImpl.getInstance(ConnectionImpl.java:395)
	at com.mysql.jdbc.NonRegisteringDriver.connect(NonRegisteringDriver.java:325)
	at com.alibaba.druid.filter.FilterChainImpl.connection_connect(FilterChainImpl.java:148)
	at com.alibaba.druid.filter.stat.StatFilter.connection_connect(StatFilter.java:220)
	at com.alibaba.druid.filter.FilterChainImpl.connection_connect(FilterChainImpl.java:142)
	at com.alibaba.druid.pool.DruidAbstractDataSource.createPhysicalConnection(DruidAbstractDataSource.java:1463)
	at com.alibaba.druid.pool.DruidAbstractDataSource.createPhysicalConnection(DruidAbstractDataSource.java:1525)
	at com.alibaba.druid.pool.DruidDataSource.init(DruidDataSource.java:734)
	at sun.reflect.NativeMethodAccessorImpl.invoke0(Native Method)
	at sun.reflect.NativeMethodAccessorImpl.invoke(NativeMethodAccessorImpl.java:62)
	at sun.reflect.DelegatingMethodAccessorImpl.invoke(DelegatingMethodAccessorImpl.java:43)
	at java.lang.reflect.Method.invoke(Method.java:498)
	at org.springframework.beans.factory.support.AbstractAutowireCapableBeanFactory.invokeCustomInitMethod(AbstractAutowireCapableBeanFactory.java:1711)
	at org.springframework.beans.factory.support.AbstractAutowireCapableBeanFactory.invokeInitMethods(AbstractAutowireCapableBeanFactory.java:1650)
	at org.springframework.beans.factory.support.AbstractAutowireCapableBeanFactory.initializeBean(AbstractAutowireCapableBeanFactory.java:1579)
	at org.springframework.beans.factory.support.AbstractAutowireCapableBeanFactory.doCreateBean(AbstractAutowireCapableBeanFactory.java:545)
	at org.springframework.beans.factory.support.AbstractAutowireCapableBeanFactory.createBean(AbstractAutowireCapableBeanFactory.java:482)
	at org.springframework.beans.factory.support.AbstractBeanFactory$1.getObject(AbstractBeanFactory.java:306)
	at org.springframework.beans.factory.support.DefaultSingletonBeanRegistry.getSingleton(DefaultSingletonBeanRegistry.java:230)
	at org.springframework.beans.factory.support.AbstractBeanFactory.doGetBean(AbstractBeanFactory.java:302)
	at org.springframework.beans.factory.support.AbstractBeanFactory.getBean(AbstractBeanFactory.java:197)
	at org.springframework.beans.factory.support.DefaultListableBeanFactory.preInstantiateSingletons(DefaultListableBeanFactory.java:751)
	at org.springframework.context.support.AbstractApplicationContext.finishBeanFactoryInitialization(AbstractApplicationContext.java:861)
	at org.springframework.context.support.AbstractApplicationContext.refresh(AbstractApplicationContext.java:541)
	at org.springframework.context.annotation.AnnotationConfigApplicationContext.<init>(AnnotationConfigApplicationContext.java:84)
	at com.linlongyx.sanguo.webgame.startup.GameServer.main(GameServer.java:49)
Caused by: java.net.ConnectException: Connection refused: connect
	at java.net.DualStackPlainSocketImpl.connect0(Native Method)
	at java.net.DualStackPlainSocketImpl.socketConnect(DualStackPlainSocketImpl.java:79)
	at java.net.AbstractPlainSocketImpl.doConnect(AbstractPlainSocketImpl.java:350)
	at java.net.AbstractPlainSocketImpl.connectToAddress(AbstractPlainSocketImpl.java:206)
	at java.net.AbstractPlainSocketImpl.connect(AbstractPlainSocketImpl.java:188)
	at java.net.PlainSocketImpl.connect(PlainSocketImpl.java:172)
	at java.net.SocksSocketImpl.connect(SocksSocketImpl.java:392)
	at java.net.Socket.connect(Socket.java:589)
	at com.mysql.jdbc.StandardSocketFactory.connect(StandardSocketFactory.java:213)
	at com.mysql.jdbc.MysqlIO.<init>(MysqlIO.java:297)
	... 36 more
2026-05-06 10:08:03 INFO  {dataSource-1} inited
2026-05-06 10:08:03 WARN  Exception encountered during context initialization - cancelling refresh attempt: org.springframework.beans.factory.BeanCreationException: Error creating bean with name 'druidDataSource' defined in class path resource [webgame/beans/mysql-beans.xml]: Invocation of init method failed; nested exception is com.mysql.jdbc.exceptions.jdbc4.CommunicationsException: Communications link failure

The last packet sent successfully to the server was 0 milliseconds ago. The driver has not received any packets from the server.
2026-05-06 10:08:03 ERROR Error creating bean with name 'druidDataSource' defined in class path resource [webgame/beans/mysql-beans.xml]: Invocation of init method failed; nested exception is com.mysql.jdbc.exceptions.jdbc4.CommunicationsException: Communications link failure

The last packet sent successfully to the server was 0 milliseconds ago. The driver has not received any packets from the server.
org.springframework.beans.factory.BeanCreationException: Error creating bean with name 'druidDataSource' defined in class path resource [webgame/beans/mysql-beans.xml]: Invocation of init method failed; nested exception is com.mysql.jdbc.exceptions.jdbc4.CommunicationsException: Communications link failure

The last packet sent successfully to the server was 0 milliseconds ago. The driver has not received any packets from the server.
	at org.springframework.beans.factory.support.AbstractAutowireCapableBeanFactory.initializeBean(AbstractAutowireCapableBeanFactory.java:1583)
	at org.springframework.beans.factory.support.AbstractAutowireCapableBeanFactory.doCreateBean(AbstractAutowireCapableBeanFactory.java:545)
	at org.springframework.beans.factory.support.AbstractAutowireCapableBeanFactory.createBean(AbstractAutowireCapableBeanFactory.java:482)
	at org.springframework.beans.factory.support.AbstractBeanFactory$1.getObject(AbstractBeanFactory.java:306)
	at org.springframework.beans.factory.support.DefaultSingletonBeanRegistry.getSingleton(DefaultSingletonBeanRegistry.java:230)
	at org.springframework.beans.factory.support.AbstractBeanFactory.doGetBean(AbstractBeanFactory.java:302)
	at org.springframework.beans.factory.support.AbstractBeanFactory.getBean(AbstractBeanFactory.java:197)
	at org.springframework.beans.factory.support.DefaultListableBeanFactory.preInstantiateSingletons(DefaultListableBeanFactory.java:751)
	at org.springframework.context.support.AbstractApplicationContext.finishBeanFactoryInitialization(AbstractApplicationContext.java:861)
	at org.springframework.context.support.AbstractApplicationContext.refresh(AbstractApplicationContext.java:541)
	at org.springframework.context.annotation.AnnotationConfigApplicationContext.<init>(AnnotationConfigApplicationContext.java:84)
	at com.linlongyx.sanguo.webgame.startup.GameServer.main(GameServer.java:49)
Caused by: com.mysql.jdbc.exceptions.jdbc4.CommunicationsException: Communications link failure

The last packet sent successfully to the server was 0 milliseconds ago. The driver has not received any packets from the server.
	at sun.reflect.NativeConstructorAccessorImpl.newInstance0(Native Method)
	at sun.reflect.NativeConstructorAccessorImpl.newInstance(NativeConstructorAccessorImpl.java:62)
	at sun.reflect.DelegatingConstructorAccessorImpl.newInstance(DelegatingConstructorAccessorImpl.java:45)
	at java.lang.reflect.Constructor.newInstance(Constructor.java:423)
	at com.mysql.jdbc.Util.handleNewInstance(Util.java:377)
	at com.mysql.jdbc.SQLError.createCommunicationsException(SQLError.java:1036)
	at com.mysql.jdbc.MysqlIO.<init>(MysqlIO.java:338)
	at com.mysql.jdbc.ConnectionImpl.coreConnect(ConnectionImpl.java:2232)
	at com.mysql.jdbc.ConnectionImpl.connectOneTryOnly(ConnectionImpl.java:2265)
	at com.mysql.jdbc.ConnectionImpl.createNewIO(ConnectionImpl.java:2064)
	at com.mysql.jdbc.ConnectionImpl.<init>(ConnectionImpl.java:790)
	at com.mysql.jdbc.JDBC4Connection.<init>(JDBC4Connection.java:44)
	at sun.reflect.NativeConstructorAccessorImpl.newInstance0(Native Method)
	at sun.reflect.NativeConstructorAccessorImpl.newInstance(NativeConstructorAccessorImpl.java:62)
	at sun.reflect.DelegatingConstructorAccessorImpl.newInstance(DelegatingConstructorAccessorImpl.java:45)
	at java.lang.reflect.Constructor.newInstance(Constructor.java:423)
	at com.mysql.jdbc.Util.handleNewInstance(Util.java:377)
	at com.mysql.jdbc.ConnectionImpl.getInstance(ConnectionImpl.java:395)
	at com.mysql.jdbc.NonRegisteringDriver.connect(NonRegisteringDriver.java:325)
	at com.alibaba.druid.filter.FilterChainImpl.connection_connect(FilterChainImpl.java:148)
	at com.alibaba.druid.filter.stat.StatFilter.connection_connect(StatFilter.java:220)
	at com.alibaba.druid.filter.FilterChainImpl.connection_connect(FilterChainImpl.java:142)
	at com.alibaba.druid.pool.DruidAbstractDataSource.createPhysicalConnection(DruidAbstractDataSource.java:1463)
	at com.alibaba.druid.pool.DruidAbstractDataSource.createPhysicalConnection(DruidAbstractDataSource.java:1525)
	at com.alibaba.druid.pool.DruidDataSource.init(DruidDataSource.java:734)
	at sun.reflect.NativeMethodAccessorImpl.invoke0(Native Method)
	at sun.reflect.NativeMethodAccessorImpl.invoke(NativeMethodAccessorImpl.java:62)
	at sun.reflect.DelegatingMethodAccessorImpl.invoke(DelegatingMethodAccessorImpl.java:43)
	at java.lang.reflect.Method.invoke(Method.java:498)
	at org.springframework.beans.factory.support.AbstractAutowireCapableBeanFactory.invokeCustomInitMethod(AbstractAutowireCapableBeanFactory.java:1711)
	at org.springframework.beans.factory.support.AbstractAutowireCapableBeanFactory.invokeInitMethods(AbstractAutowireCapableBeanFactory.java:1650)
	at org.springframework.beans.factory.support.AbstractAutowireCapableBeanFactory.initializeBean(AbstractAutowireCapableBeanFactory.java:1579)
	... 11 more
Caused by: java.net.ConnectException: Connection refused: connect
	at java.net.DualStackPlainSocketImpl.connect0(Native Method)
	at java.net.DualStackPlainSocketImpl.socketConnect(DualStackPlainSocketImpl.java:79)
	at java.net.AbstractPlainSocketImpl.doConnect(AbstractPlainSocketImpl.java:350)
	at java.net.AbstractPlainSocketImpl.connectToAddress(AbstractPlainSocketImpl.java:206)
	at java.net.AbstractPlainSocketImpl.connect(AbstractPlainSocketImpl.java:188)
	at java.net.PlainSocketImpl.connect(PlainSocketImpl.java:172)
	at java.net.SocksSocketImpl.connect(SocksSocketImpl.java:392)
	at java.net.Socket.connect(Socket.java:589)
	at com.mysql.jdbc.StandardSocketFactory.connect(StandardSocketFactory.java:213)
	at com.mysql.jdbc.MysqlIO.<init>(MysqlIO.java:297)
	... 36 more
2026-05-06 10:08:07 ERROR create connection error, url: jdbc:mysql://localhost:3306/sanguo_game2?useUnicode=true&characterEncoding=utf8, errorCode 0, state 08S01
com.mysql.jdbc.exceptions.jdbc4.CommunicationsException: Communications link failure

The last packet sent successfully to the server was 0 milliseconds ago. The driver has not received any packets from the server.
	at sun.reflect.NativeConstructorAccessorImpl.newInstance0(Native Method)
	at sun.reflect.NativeConstructorAccessorImpl.newInstance(NativeConstructorAccessorImpl.java:62)
	at sun.reflect.DelegatingConstructorAccessorImpl.newInstance(DelegatingConstructorAccessorImpl.java:45)
	at java.lang.reflect.Constructor.newInstance(Constructor.java:423)
	at com.mysql.jdbc.Util.handleNewInstance(Util.java:377)
	at com.mysql.jdbc.SQLError.createCommunicationsException(SQLError.java:1036)
	at com.mysql.jdbc.MysqlIO.<init>(MysqlIO.java:338)
	at com.mysql.jdbc.ConnectionImpl.coreConnect(ConnectionImpl.java:2232)
	at com.mysql.jdbc.ConnectionImpl.connectOneTryOnly(ConnectionImpl.java:2265)
	at com.mysql.jdbc.ConnectionImpl.createNewIO(ConnectionImpl.java:2064)
	at com.mysql.jdbc.ConnectionImpl.<init>(ConnectionImpl.java:790)
	at com.mysql.jdbc.JDBC4Connection.<init>(JDBC4Connection.java:44)
	at sun.reflect.NativeConstructorAccessorImpl.newInstance0(Native Method)
	at sun.reflect.NativeConstructorAccessorImpl.newInstance(NativeConstructorAccessorImpl.java:62)
	at sun.reflect.DelegatingConstructorAccessorImpl.newInstance(DelegatingConstructorAccessorImpl.java:45)
	at java.lang.reflect.Constructor.newInstance(Constructor.java:423)
	at com.mysql.jdbc.Util.handleNewInstance(Util.java:377)
	at com.mysql.jdbc.ConnectionImpl.getInstance(ConnectionImpl.java:395)
	at com.mysql.jdbc.NonRegisteringDriver.connect(NonRegisteringDriver.java:325)
	at com.alibaba.druid.filter.FilterChainImpl.connection_connect(FilterChainImpl.java:148)
	at com.alibaba.druid.filter.stat.StatFilter.connection_connect(StatFilter.java:220)
	at com.alibaba.druid.filter.FilterChainImpl.connection_connect(FilterChainImpl.java:142)
	at com.alibaba.druid.pool.DruidAbstractDataSource.createPhysicalConnection(DruidAbstractDataSource.java:1463)
	at com.alibaba.druid.pool.DruidAbstractDataSource.createPhysicalConnection(DruidAbstractDataSource.java:1525)
	at com.alibaba.druid.pool.DruidDataSource$CreateConnectionThread.run(DruidDataSource.java:2100)
Caused by: java.net.ConnectException: Connection refused: connect
	at java.net.DualStackPlainSocketImpl.connect0(Native Method)
	at java.net.DualStackPlainSocketImpl.socketConnect(DualStackPlainSocketImpl.java:79)
	at java.net.AbstractPlainSocketImpl.doConnect(AbstractPlainSocketImpl.java:350)
	at java.net.AbstractPlainSocketImpl.connectToAddress(AbstractPlainSocketImpl.java:206)
	at java.net.AbstractPlainSocketImpl.connect(AbstractPlainSocketImpl.java:188)
	at java.net.PlainSocketImpl.connect(PlainSocketImpl.java:172)
	at java.net.SocksSocketImpl.connect(SocksSocketImpl.java:392)
	at java.net.Socket.connect(Socket.java:589)
	at com.mysql.jdbc.StandardSocketFactory.connect(StandardSocketFactory.java:213)
	at com.mysql.jdbc.MysqlIO.<init>(MysqlIO.java:297)
	... 18 more
2026-05-06 10:08:24 ERROR 535 Error: authentication failed, system busy
 
2026-05-06 10:42:43 INFO  Refreshing org.springframework.context.annotation.AnnotationConfigApplicationContext@61064425: startup date [Wed May 06 10:42:43 EET 2026]; root of context hierarchy
2026-05-06 10:42:44 INFO  Loading XML bean definitions from class path resource [webgame/beans/server-beans.xml]
2026-05-06 10:42:44 INFO  Loading XML bean definitions from class path resource [webgame/beans/mysql-beans.xml]
2026-05-06 10:42:44 INFO  Loading XML bean definitions from class path resource [webgame/beans/service-beans.xml]
2026-05-06 10:42:44 INFO  Loading XML bean definitions from class path resource [webgame/beans/mysql-beans.xml]
2026-05-06 10:42:44 INFO  Loading XML bean definitions from class path resource [webgame/beans/data-beans.xml]
2026-05-06 10:42:45 INFO  Loading properties file from class path resource [webgame/props/webgame.properties]
2026-05-06 10:42:45 INFO  Loading properties file from class path resource [webgame/props/mysql.properties]
2026-05-06 10:42:45 INFO  Loading properties file from class path resource [webgame/props/redis.properties]
2026-05-06 10:42:45 INFO  Loading properties file from class path resource [version.properties]
2026-05-06 10:42:45 DEBUG 加载配置文件 
2026-05-06 10:42:45 DEBUG key -> platform, value -> test 
2026-05-06 10:42:45 DEBUG key -> businessThreadCount, value -> 10 
2026-05-06 10:42:45 DEBUG key -> svn, value -> 32883 
2026-05-06 10:42:45 DEBUG key -> jdbc.url, value -> jdbc:mysql://localhost:3306/sanguo_game2?useUnicode=true&characterEncoding=utf8 
2026-05-06 10:42:45 DEBUG key -> secretKey, value -> 5Jqxjo10Yl2ElQCwJm 
2026-05-06 10:42:45 DEBUG key -> so.backlog, value -> 128 
2026-05-06 10:42:45 DEBUG key -> url, value -> http://localhost 
2026-05-06 10:42:45 DEBUG key -> redis.testOnBorrow, value -> true 
2026-05-06 10:42:45 DEBUG key -> serverId, value -> 10001 
2026-05-06 10:42:45 DEBUG key -> redis.maxTotal, value -> 600 
2026-05-06 10:42:45 DEBUG key -> serverName, value -> å°æ¸¸æ2æ 
2026-05-06 10:42:45 DEBUG key -> logserver.isOpen, value -> false 
2026-05-06 10:42:45 DEBUG key -> redis.port, value -> 6379 
2026-05-06 10:42:45 DEBUG key -> jmxPort, value -> 19302 
2026-05-06 10:42:45 DEBUG key -> redis.db, value -> 13 
2026-05-06 10:42:45 DEBUG key -> redis.timeout, value -> 5000 
2026-05-06 10:42:45 DEBUG key -> logserver.port, value -> 6000 
2026-05-06 10:42:45 DEBUG key -> jdbc.user, value -> root 
2026-05-06 10:42:45 DEBUG key -> keystorePass, value ->  
2026-05-06 10:42:45 DEBUG key -> characterEncoding, value -> UTF-8 
2026-05-06 10:42:45 DEBUG key -> logicRmi.port, value -> 17005 
2026-05-06 10:42:45 DEBUG key -> debug, value -> true 
2026-05-06 10:42:45 DEBUG key -> wss, value -> false 
2026-05-06 10:42:45 DEBUG key -> dataLocation, value -> cn 
2026-05-06 10:42:45 DEBUG key -> useUnicode, value -> true 
2026-05-06 10:42:45 DEBUG key -> redis.pass, value -> e5968b5bd4f916e4 
2026-05-06 10:42:45 DEBUG key -> jmxPass, value -> g6UoONwr6joi1ApG 
2026-05-06 10:42:45 DEBUG key -> appId, value -> 100962 
2026-05-06 10:42:45 DEBUG key -> jks, value -> localhost 
2026-05-06 10:42:45 DEBUG key -> so.keepalive, value -> true 
2026-05-06 10:42:45 DEBUG key -> http.port, value -> 19202 
2026-05-06 10:42:45 DEBUG key -> jdbc.driverClassName, value -> com.mysql.jdbc.Driver 
2026-05-06 10:42:45 DEBUG key -> cchId, value -> 392 
2026-05-06 10:42:45 DEBUG key -> workerThreadCount, value -> 14 
2026-05-06 10:42:45 DEBUG key -> bossThreadCount, value -> 1 
2026-05-06 10:42:45 DEBUG key -> redis.host, value -> localhost 
2026-05-06 10:42:45 DEBUG key -> logserver.host, value -> localhost 
2026-05-06 10:42:45 DEBUG key -> openTime, value -> 2017-09-02 00:00:00 
2026-05-06 10:42:45 DEBUG key -> logserver.dataPath, value -> ./log 
2026-05-06 10:42:45 DEBUG key -> wordLocation, value -> cn 
2026-05-06 10:42:45 DEBUG key -> ws.port, value -> 19102 
2026-05-06 10:42:45 DEBUG key -> jdbc.password, value -> EghgTJGqPmZ9RQiW 
2026-05-06 10:42:45 DEBUG key -> logicRmi.cmport, value -> 17006 
2026-05-06 10:42:45 DEBUG key -> path, value -> webgame/platform/ 
2026-05-06 10:42:45 DEBUG key -> rmi.url, value -> rmi://localhost:19850/crossRankRMI 
2026-05-06 10:42:45 DEBUG key -> tag, value -> 24b0d14d02f7970e270d2b70dfab4ea62fc2390a 
2026-05-06 10:42:45 DEBUG key -> logicRmi.host, value -> localhost 
2026-05-06 10:42:45 DEBUG key -> jmxName, value -> llyx-sanguo 
2026-05-06 10:42:45 DEBUG key -> crossUrl, value -> ws://localhost 
2026-05-06 10:42:45 DEBUG key -> redis.maxWait, value -> 10000 
2026-05-06 10:42:45 DEBUG key -> version, value -> 1.1000 
2026-05-06 10:42:45 DEBUG key -> httpSwitch, value -> false 
2026-05-06 10:42:45 DEBUG key -> ws, value -> true 
2026-05-06 10:42:45 DEBUG key -> logicRmi.serviceName, value -> crossRankLogicRMI 
2026-05-06 10:42:45 DEBUG key -> redis.maxIdle, value -> 300 
2026-05-06 10:42:46 INFO  {dataSource-1} inited
2026-05-06 10:42:46 INFO  Loaded JDBC driver: com.mysql.jdbc.Driver
2026-05-06 10:42:49 ERROR LogicRmiManager::publish rmi service url: {} rmi://localhost:17005/crossRankLogicRMI 
2026-05-06 10:42:50 ERROR RmiManager::registerLogicCrossRankRmi:e1:Could not find RMI service [rmi://localhost:19850/crossRankRMI] in RMI registry; nested exception is java.rmi.NotBoundException: crossRankRMI 
2026-05-06 10:43:05 ERROR ContinuityParameter {1={"actId":1,"startTime":1504299600,"endTime":1504904400,"closeTime":0}, 2={"actId":2,"startTime":1504558800,"endTime":1505163600,"closeTime":0}, 3={"actId":3,"startTime":1551733200,"endTime":1552337999,"closeTime":0}} 
2026-05-06 10:43:06 DEBUG {conn-10004, pstmt-20018} enter cache
2026-05-06 10:43:06 DEBUG {conn-10004, pstmt-20019} enter cache
2026-05-06 10:43:06 ERROR update group Pre:update tb_group set id=10001000000 + id where id != 0 and id<=10001000000; 
2026-05-06 10:43:06 ERROR update groupMember Pre:update tb_groupMember set id=10001000000 + id where id != 0 and id<=10001000000; 
2026-05-06 10:43:06 DEBUG server open days: 3169, rankAct id: 8, state: Expire 
2026-05-06 10:43:06 DEBUG server open days: 3169, rankAct id: 9, state: Expire 
2026-05-06 10:43:06 DEBUG server open days: 3169, rankAct id: 10, state: Expire 
2026-05-06 10:43:06 DEBUG server open days: 3169, rankAct id: 11, state: Expire 
2026-05-06 10:43:06 DEBUG server open days: 3169, rankAct id: 12, state: Expire 
2026-05-06 10:43:06 DEBUG server open days: 3169, rankAct id: 13, state: Expire 
2026-05-06 10:43:06 DEBUG server open days: 3169, rankAct id: 14, state: Expire 
2026-05-06 10:43:07 WARN  Unknown channel option 'SO_KEEPALIVE' for channel '[id: 0x896cbe12]'
2026-05-06 10:43:07 WARN  Unknown channel option 'SO_KEEPALIVE' for channel '[id: 0xb798962d]'
2026-05-06 10:43:07 INFO  Using default implementation for ThreadExecutor
2026-05-06 10:43:07 INFO  Initialized Scheduler Signaller of type: class org.quartz.core.SchedulerSignalerImpl
2026-05-06 10:43:07 INFO  Quartz Scheduler v.1.8.6 created.
2026-05-06 10:43:07 INFO  Registering Quartz Job Initialization Plug-in.
2026-05-06 10:43:07 INFO  RAMJobStore initialized.
2026-05-06 10:43:07 INFO  Scheduler meta-data: Quartz Scheduler (v1.8.6) 'AUTO' with instanceId 'NON_CLUSTERED'
  Scheduler class: 'org.quartz.core.QuartzScheduler' - running locally.
  NOT STARTED.
  Currently in standby mode.
  Number of jobs executed: 0
  Using thread pool 'org.quartz.simpl.SimpleThreadPool' - with 5 threads.
  Using job-store 'org.quartz.simpl.RAMJobStore' - which does not support persistence. and is not clustered.

2026-05-06 10:43:07 INFO  Quartz scheduler 'AUTO' initialized from default resource file in Quartz package: 'quartz.properties'
2026-05-06 10:43:07 INFO  Quartz scheduler version: 1.8.6
2026-05-06 10:43:07 DEBUG Utilizing schema packaged in local quartz distribution jar.
2026-05-06 10:43:07 INFO  Parsing XML file: quartz_jobs.xml with systemId: quartz_jobs.xml
2026-05-06 10:43:07 DEBUG Found 0 delete job group commands.
2026-05-06 10:43:07 DEBUG Found 0 delete trigger group commands.
2026-05-06 10:43:07 DEBUG Found 0 delete job commands.
2026-05-06 10:43:07 DEBUG Found 0 delete trigger commands.
2026-05-06 10:43:07 DEBUG Directive 'overwrite-existing-data' not specified, defaulting to true
2026-05-06 10:43:07 DEBUG Directive 'ignore-duplicates' not specified, defaulting to false
2026-05-06 10:43:07 DEBUG Found 1 job definitions.
2026-05-06 10:43:07 DEBUG Parsed job definition: JobDetail 'AUTO.JOBS':  jobClass: 'com.linlongyx.sanguo.webgame.quartz.QuartzJob isStateful: false isVolatile: false isDurable: false requestsRecovers: false
2026-05-06 10:43:07 DEBUG Found 11 trigger definitions.
2026-05-06 10:43:07 DEBUG Parsed trigger definition: Trigger 'DEFAULT.10000':  triggerClass: 'org.quartz.CronTrigger isVolatile: false calendar: 'null' misfireInstruction: 0 nextFireTime: null
2026-05-06 10:43:07 DEBUG Parsed trigger definition: Trigger 'DEFAULT.10001':  triggerClass: 'org.quartz.CronTrigger isVolatile: false calendar: 'null' misfireInstruction: 0 nextFireTime: null
2026-05-06 10:43:07 DEBUG Parsed trigger definition: Trigger 'DEFAULT.10002':  triggerClass: 'org.quartz.CronTrigger isVolatile: false calendar: 'null' misfireInstruction: 0 nextFireTime: null
2026-05-06 10:43:07 DEBUG Parsed trigger definition: Trigger 'DEFAULT.10010':  triggerClass: 'org.quartz.CronTrigger isVolatile: false calendar: 'null' misfireInstruction: 0 nextFireTime: null
2026-05-06 10:43:07 DEBUG Parsed trigger definition: Trigger 'DEFAULT.10011':  triggerClass: 'org.quartz.CronTrigger isVolatile: false calendar: 'null' misfireInstruction: 0 nextFireTime: null
2026-05-06 10:43:07 DEBUG Parsed trigger definition: Trigger 'DEFAULT.10012':  triggerClass: 'org.quartz.CronTrigger isVolatile: false calendar: 'null' misfireInstruction: 0 nextFireTime: null
2026-05-06 10:43:07 DEBUG Parsed trigger definition: Trigger 'DEFAULT.20001':  triggerClass: 'org.quartz.CronTrigger isVolatile: false calendar: 'null' misfireInstruction: 0 nextFireTime: null
2026-05-06 10:43:07 DEBUG Parsed trigger definition: Trigger 'DEFAULT.20003':  triggerClass: 'org.quartz.CronTrigger isVolatile: false calendar: 'null' misfireInstruction: 0 nextFireTime: null
2026-05-06 10:43:07 DEBUG Parsed trigger definition: Trigger 'DEFAULT.20004':  triggerClass: 'org.quartz.CronTrigger isVolatile: false calendar: 'null' misfireInstruction: 0 nextFireTime: null
2026-05-06 10:43:07 DEBUG Parsed trigger definition: Trigger 'DEFAULT.20005':  triggerClass: 'org.quartz.CronTrigger isVolatile: false calendar: 'null' misfireInstruction: 0 nextFireTime: null
2026-05-06 10:43:07 DEBUG Parsed trigger definition: Trigger 'DEFAULT.20006':  triggerClass: 'org.quartz.CronTrigger isVolatile: false calendar: 'null' misfireInstruction: 0 nextFireTime: null
2026-05-06 10:43:07 INFO  Adding 1 jobs, 11 triggers.
2026-05-06 10:43:07 INFO  Adding job: AUTO.JOBS
2026-05-06 10:43:07 DEBUG Scheduling job: AUTO.JOBS with trigger: DEFAULT.10000
2026-05-06 10:43:07 DEBUG Scheduling job: AUTO.JOBS with trigger: DEFAULT.10001
2026-05-06 10:43:07 DEBUG Scheduling job: AUTO.JOBS with trigger: DEFAULT.10002
2026-05-06 10:43:07 DEBUG Scheduling job: AUTO.JOBS with trigger: DEFAULT.10010
2026-05-06 10:43:07 DEBUG Scheduling job: AUTO.JOBS with trigger: DEFAULT.10011
2026-05-06 10:43:07 DEBUG Scheduling job: AUTO.JOBS with trigger: DEFAULT.10012
2026-05-06 10:43:07 DEBUG Scheduling job: AUTO.JOBS with trigger: DEFAULT.20001
2026-05-06 10:43:07 DEBUG Scheduling job: AUTO.JOBS with trigger: DEFAULT.20003
2026-05-06 10:43:07 DEBUG Scheduling job: AUTO.JOBS with trigger: DEFAULT.20004
2026-05-06 10:43:07 DEBUG Scheduling job: AUTO.JOBS with trigger: DEFAULT.20005
2026-05-06 10:43:07 DEBUG Scheduling job: AUTO.JOBS with trigger: DEFAULT.20006
2026-05-06 10:43:07 INFO  Scheduler AUTO_$_NON_CLUSTERED started.
2026-05-06 10:43:07 DEBUG Reading descriptors ( dom ) 15
2026-05-06 10:43:07 DEBUG Using existing MBeanServer 0
2026-05-06 10:43:07 DEBUG default constructor
2026-05-06 10:43:07 DEBUG preRegister com.linlongyx.sanguo.webgame.service.LookUpService@71a9b4c7 onlineNum:Click=ShowDetail
2026-05-06 10:43:07 DEBUG default constructor
2026-05-06 10:43:07 DEBUG preRegister com.linlongyx.sanguo.webgame.service.JsonTableService@4628b1d3 reload:Click=reloadJson
2026-05-06 10:43:07 DEBUG default constructor
2026-05-06 10:43:07 DEBUG preRegister com.linlongyx.core.utils.ChatUtil@77cf3f8b reload:Click=reloadSensitive
2026-05-06 10:43:07 ERROR Started version:  110000 
2026-05-06 10:43:08 DEBUG Checking for available updated version of Quartz...
2026-05-06 10:43:08 DEBUG Quartz version update check failed: Server returned HTTP response code: 403 for URL: http://www.terracotta.org/kit/reflector?kitID=quartz&pageID=update.properties&id=-1442953116&os-name=Windows+10&jvm-name=Java+HotSpot%28TM%29+64-Bit+Server+VM&jvm-version=1.8.0_181&platform=amd64&tc-version=1.8.6&tc-product=Quartz&source=Quartz&uptime-secs=1&patch=UNKNOWN
2026-05-06 10:43:30 DEBUG Producing instance of Job 'AUTO.JOBS', class=com.linlongyx.sanguo.webgame.quartz.QuartzJob
2026-05-06 10:43:30 DEBUG Calling execute on job AUTO.JOBS
2026-05-06 10:43:30 INFO  触发cmd：20005
2026-05-06 10:44:00 DEBUG Producing instance of Job 'AUTO.JOBS', class=com.linlongyx.sanguo.webgame.quartz.QuartzJob
2026-05-06 10:44:00 DEBUG Calling execute on job AUTO.JOBS
2026-05-06 10:44:00 INFO  触发cmd：20005
2026-05-06 10:44:30 DEBUG Producing instance of Job 'AUTO.JOBS', class=com.linlongyx.sanguo.webgame.quartz.QuartzJob
2026-05-06 10:44:30 DEBUG Calling execute on job AUTO.JOBS
2026-05-06 10:44:30 INFO  触发cmd：20005
2026-05-06 10:44:46 ERROR rankBossTimeOut 1001 
2026-05-06 10:45:00 DEBUG Producing instance of Job 'AUTO.JOBS', class=com.linlongyx.sanguo.webgame.quartz.QuartzJob
2026-05-06 10:45:00 DEBUG Calling execute on job AUTO.JOBS
2026-05-06 10:45:00 DEBUG Producing instance of Job 'AUTO.JOBS', class=com.linlongyx.sanguo.webgame.quartz.QuartzJob
2026-05-06 10:45:00 DEBUG Calling execute on job AUTO.JOBS
2026-05-06 10:45:00 INFO  触发cmd：20003
2026-05-06 10:45:00 INFO  触发cmd：20005
2026-05-06 10:45:30 DEBUG Producing instance of Job 'AUTO.JOBS', class=com.linlongyx.sanguo.webgame.quartz.QuartzJob
2026-05-06 10:45:30 DEBUG Calling execute on job AUTO.JOBS
2026-05-06 10:45:30 INFO  触发cmd：20005
2026-05-06 10:45:46 ERROR rankBossReBorn 1001 
2026-05-06 10:46:00 DEBUG Producing instance of Job 'AUTO.JOBS', class=com.linlongyx.sanguo.webgame.quartz.QuartzJob
2026-05-06 10:46:00 DEBUG Calling execute on job AUTO.JOBS
2026-05-06 10:46:00 INFO  触发cmd：20005
2026-05-06 10:46:26 ERROR rankBossTimeOut 1002 
2026-05-06 10:46:30 DEBUG Producing instance of Job 'AUTO.JOBS', class=com.linlongyx.sanguo.webgame.quartz.QuartzJob
2026-05-06 10:46:30 DEBUG Calling execute on job AUTO.JOBS
2026-05-06 10:46:30 INFO  触发cmd：20005
2026-05-06 10:47:00 DEBUG Producing instance of Job 'AUTO.JOBS', class=com.linlongyx.sanguo.webgame.quartz.QuartzJob
2026-05-06 10:47:00 DEBUG Calling execute on job AUTO.JOBS
2026-05-06 10:47:00 INFO  触发cmd：20005
2026-05-06 10:47:26 ERROR rankBossTimeOut 1001 
2026-05-06 10:47:30 DEBUG Producing instance of Job 'AUTO.JOBS', class=com.linlongyx.sanguo.webgame.quartz.QuartzJob
2026-05-06 10:47:30 DEBUG Calling execute on job AUTO.JOBS
2026-05-06 10:47:30 INFO  触发cmd：20005
2026-05-06 10:48:00 DEBUG Producing instance of Job 'AUTO.JOBS', class=com.linlongyx.sanguo.webgame.quartz.QuartzJob
2026-05-06 10:48:00 DEBUG Calling execute on job AUTO.JOBS
2026-05-06 10:48:00 INFO  触发cmd：20005
2026-05-06 10:48:06 ERROR rankBossTimeOut 1003 
2026-05-06 10:48:26 ERROR rankBossReBorn 1001 
2026-05-06 10:48:30 DEBUG Producing instance of Job 'AUTO.JOBS', class=com.linlongyx.sanguo.webgame.quartz.QuartzJob
2026-05-06 10:48:30 DEBUG Calling execute on job AUTO.JOBS
2026-05-06 10:48:30 INFO  触发cmd：20005
2026-05-06 10:48:56 ERROR rankBossReBorn 1002 
2026-05-06 10:49:00 DEBUG Producing instance of Job 'AUTO.JOBS', class=com.linlongyx.sanguo.webgame.quartz.QuartzJob
2026-05-06 10:49:00 DEBUG Calling execute on job AUTO.JOBS
2026-05-06 10:49:00 INFO  触发cmd：20005
2026-05-06 10:49:30 DEBUG Producing instance of Job 'AUTO.JOBS', class=com.linlongyx.sanguo.webgame.quartz.QuartzJob
2026-05-06 10:49:30 DEBUG Calling execute on job AUTO.JOBS
2026-05-06 10:49:30 INFO  触发cmd：20005
2026-05-06 10:50:00 DEBUG Producing instance of Job 'AUTO.JOBS', class=com.linlongyx.sanguo.webgame.quartz.QuartzJob
2026-05-06 10:50:00 DEBUG Calling execute on job AUTO.JOBS
2026-05-06 10:50:00 DEBUG Producing instance of Job 'AUTO.JOBS', class=com.linlongyx.sanguo.webgame.quartz.QuartzJob
2026-05-06 10:50:00 DEBUG Calling execute on job AUTO.JOBS
2026-05-06 10:50:00 INFO  触发cmd：20003
2026-05-06 10:50:00 INFO  触发cmd：20005
2026-05-06 10:50:00 ERROR destiny rank refresh 
2026-05-06 10:50:06 ERROR rankBossTimeOut 1001 
2026-05-06 10:50:30 DEBUG Producing instance of Job 'AUTO.JOBS', class=com.linlongyx.sanguo.webgame.quartz.QuartzJob
2026-05-06 10:50:30 DEBUG Calling execute on job AUTO.JOBS
2026-05-06 10:50:30 INFO  触发cmd：20005
2026-05-06 10:51:00 DEBUG Producing instance of Job 'AUTO.JOBS', class=com.linlongyx.sanguo.webgame.quartz.QuartzJob
2026-05-06 10:51:00 DEBUG Calling execute on job AUTO.JOBS
2026-05-06 10:51:00 INFO  触发cmd：20005
2026-05-06 10:51:06 ERROR rankBossReBorn 1001 
2026-05-06 10:51:26 ERROR rankBossReBorn 1003 
2026-05-06 10:51:26 ERROR rankBossTimeOut 1004 
2026-05-06 10:51:30 DEBUG Producing instance of Job 'AUTO.JOBS', class=com.linlongyx.sanguo.webgame.quartz.QuartzJob
2026-05-06 10:51:30 DEBUG Calling execute on job AUTO.JOBS
2026-05-06 10:51:30 INFO  触发cmd：20005
2026-05-06 10:52:00 DEBUG Producing instance of Job 'AUTO.JOBS', class=com.linlongyx.sanguo.webgame.quartz.QuartzJob
2026-05-06 10:52:00 DEBUG Calling execute on job AUTO.JOBS
2026-05-06 10:52:00 INFO  触发cmd：20005
2026-05-06 10:52:16 ERROR rankBossTimeOut 1002 
2026-05-06 10:52:30 DEBUG Producing instance of Job 'AUTO.JOBS', class=com.linlongyx.sanguo.webgame.quartz.QuartzJob
2026-05-06 10:52:30 DEBUG Calling execute on job AUTO.JOBS
2026-05-06 10:52:30 INFO  触发cmd：20005
2026-05-06 10:52:46 ERROR rankBossTimeOut 1001 
2026-05-06 10:53:00 DEBUG Producing instance of Job 'AUTO.JOBS', class=com.linlongyx.sanguo.webgame.quartz.QuartzJob
2026-05-06 10:53:00 DEBUG Calling execute on job AUTO.JOBS
2026-05-06 10:53:00 INFO  触发cmd：20005
2026-05-06 10:53:30 DEBUG Producing instance of Job 'AUTO.JOBS', class=com.linlongyx.sanguo.webgame.quartz.QuartzJob
2026-05-06 10:53:30 DEBUG Calling execute on job AUTO.JOBS
2026-05-06 10:53:30 INFO  触发cmd：20005
2026-05-06 10:53:46 ERROR rankBossReBorn 1001 
2026-05-06 10:54:00 DEBUG Producing instance of Job 'AUTO.JOBS', class=com.linlongyx.sanguo.webgame.quartz.QuartzJob
2026-05-06 10:54:00 DEBUG Calling execute on job AUTO.JOBS
2026-05-06 10:54:00 INFO  触发cmd：20005
2026-05-06 10:54:30 DEBUG Producing instance of Job 'AUTO.JOBS', class=com.linlongyx.sanguo.webgame.quartz.QuartzJob
2026-05-06 10:54:30 DEBUG Calling execute on job AUTO.JOBS
2026-05-06 10:54:30 INFO  触发cmd：20005
2026-05-06 10:54:46 ERROR rankBossReBorn 1002 
2026-05-06 10:54:46 ERROR rankBossTimeOut 1005 
2026-05-06 11:19:15 INFO  Refreshing org.springframework.context.annotation.AnnotationConfigApplicationContext@61064425: startup date [Wed May 06 11:19:15 EET 2026]; root of context hierarchy
2026-05-06 11:19:15 INFO  Loading XML bean definitions from class path resource [webgame/beans/server-beans.xml]
2026-05-06 11:19:15 INFO  Loading XML bean definitions from class path resource [webgame/beans/mysql-beans.xml]
2026-05-06 11:19:15 INFO  Loading XML bean definitions from class path resource [webgame/beans/service-beans.xml]
2026-05-06 11:19:15 INFO  Loading XML bean definitions from class path resource [webgame/beans/mysql-beans.xml]
2026-05-06 11:19:15 INFO  Loading XML bean definitions from class path resource [webgame/beans/data-beans.xml]
2026-05-06 11:19:16 INFO  Loading properties file from class path resource [webgame/props/webgame.properties]
2026-05-06 11:19:16 INFO  Loading properties file from class path resource [webgame/props/mysql.properties]
2026-05-06 11:19:16 INFO  Loading properties file from class path resource [webgame/props/redis.properties]
2026-05-06 11:19:16 INFO  Loading properties file from class path resource [version.properties]
2026-05-06 11:19:16 DEBUG 加载配置文件 
2026-05-06 11:19:16 DEBUG key -> platform, value -> test 
2026-05-06 11:19:16 DEBUG key -> businessThreadCount, value -> 10 
2026-05-06 11:19:16 DEBUG key -> svn, value -> 32883 
2026-05-06 11:19:16 DEBUG key -> jdbc.url, value -> jdbc:mysql://localhost:3306/sanguo_game2?useUnicode=true&characterEncoding=utf8 
2026-05-06 11:19:16 DEBUG key -> secretKey, value -> 5Jqxjo10Yl2ElQCwJm 
2026-05-06 11:19:16 DEBUG key -> so.backlog, value -> 128 
2026-05-06 11:19:16 DEBUG key -> url, value -> http://localhost 
2026-05-06 11:19:16 DEBUG key -> redis.testOnBorrow, value -> true 
2026-05-06 11:19:16 DEBUG key -> serverId, value -> 10001 
2026-05-06 11:19:16 DEBUG key -> redis.maxTotal, value -> 600 
2026-05-06 11:19:16 DEBUG key -> serverName, value -> å°æ¸¸æ2æ 
2026-05-06 11:19:16 DEBUG key -> logserver.isOpen, value -> false 
2026-05-06 11:19:16 DEBUG key -> redis.port, value -> 6379 
2026-05-06 11:19:16 DEBUG key -> jmxPort, value -> 19302 
2026-05-06 11:19:16 DEBUG key -> redis.db, value -> 13 
2026-05-06 11:19:16 DEBUG key -> redis.timeout, value -> 5000 
2026-05-06 11:19:16 DEBUG key -> logserver.port, value -> 6000 
2026-05-06 11:19:16 DEBUG key -> jdbc.user, value -> root 
2026-05-06 11:19:16 DEBUG key -> keystorePass, value ->  
2026-05-06 11:19:16 DEBUG key -> characterEncoding, value -> UTF-8 
2026-05-06 11:19:16 DEBUG key -> logicRmi.port, value -> 17005 
2026-05-06 11:19:16 DEBUG key -> debug, value -> true 
2026-05-06 11:19:16 DEBUG key -> wss, value -> false 
2026-05-06 11:19:16 DEBUG key -> dataLocation, value -> cn 
2026-05-06 11:19:16 DEBUG key -> useUnicode, value -> true 
2026-05-06 11:19:16 DEBUG key -> redis.pass, value -> e5968b5bd4f916e4 
2026-05-06 11:19:16 DEBUG key -> jmxPass, value -> g6UoONwr6joi1ApG 
2026-05-06 11:19:16 DEBUG key -> appId, value -> 100962 
2026-05-06 11:19:16 DEBUG key -> jks, value -> localhost 
2026-05-06 11:19:16 DEBUG key -> so.keepalive, value -> true 
2026-05-06 11:19:16 DEBUG key -> http.port, value -> 19202 
2026-05-06 11:19:16 DEBUG key -> jdbc.driverClassName, value -> com.mysql.jdbc.Driver 
2026-05-06 11:19:16 DEBUG key -> cchId, value -> 392 
2026-05-06 11:19:16 DEBUG key -> workerThreadCount, value -> 14 
2026-05-06 11:19:16 DEBUG key -> bossThreadCount, value -> 1 
2026-05-06 11:19:16 DEBUG key -> redis.host, value -> localhost 
2026-05-06 11:19:16 DEBUG key -> logserver.host, value -> localhost 
2026-05-06 11:19:16 DEBUG key -> openTime, value -> 2017-09-02 00:00:00 
2026-05-06 11:19:16 DEBUG key -> logserver.dataPath, value -> ./log 
2026-05-06 11:19:16 DEBUG key -> wordLocation, value -> cn 
2026-05-06 11:19:16 DEBUG key -> ws.port, value -> 19102 
2026-05-06 11:19:16 DEBUG key -> jdbc.password, value -> EghgTJGqPmZ9RQiW 
2026-05-06 11:19:16 DEBUG key -> logicRmi.cmport, value -> 17006 
2026-05-06 11:19:16 DEBUG key -> path, value -> webgame/platform/ 
2026-05-06 11:19:16 DEBUG key -> rmi.url, value -> rmi://localhost:19850/crossRankRMI 
2026-05-06 11:19:16 DEBUG key -> tag, value -> 24b0d14d02f7970e270d2b70dfab4ea62fc2390a 
2026-05-06 11:19:16 DEBUG key -> logicRmi.host, value -> localhost 
2026-05-06 11:19:16 DEBUG key -> jmxName, value -> llyx-sanguo 
2026-05-06 11:19:16 DEBUG key -> crossUrl, value -> ws://localhost 
2026-05-06 11:19:16 DEBUG key -> redis.maxWait, value -> 10000 
2026-05-06 11:19:16 DEBUG key -> version, value -> 1.1000 
2026-05-06 11:19:16 DEBUG key -> httpSwitch, value -> false 
2026-05-06 11:19:16 DEBUG key -> ws, value -> true 
2026-05-06 11:19:16 DEBUG key -> logicRmi.serviceName, value -> crossRankLogicRMI 
2026-05-06 11:19:16 DEBUG key -> redis.maxIdle, value -> 300 
2026-05-06 11:19:18 INFO  {dataSource-1} inited
2026-05-06 11:19:18 INFO  Loaded JDBC driver: com.mysql.jdbc.Driver
2026-05-06 11:19:20 ERROR LogicRmiManager::publish rmi service url: {} rmi://localhost:17005/crossRankLogicRMI 
2026-05-06 11:19:35 ERROR ContinuityParameter {1={"actId":1,"startTime":1504299600,"endTime":1504904400,"closeTime":0}, 2={"actId":2,"startTime":1504558800,"endTime":1505163600,"closeTime":0}, 3={"actId":3,"startTime":1551733200,"endTime":1552337999,"closeTime":0}} 
2026-05-06 11:19:36 DEBUG {conn-10004, pstmt-20016} enter cache
2026-05-06 11:19:36 DEBUG {conn-10004, pstmt-20017} enter cache
2026-05-06 11:19:36 ERROR update group Pre:update tb_group set id=10001000000 + id where id != 0 and id<=10001000000; 
2026-05-06 11:19:36 ERROR update groupMember Pre:update tb_groupMember set id=10001000000 + id where id != 0 and id<=10001000000; 
2026-05-06 11:19:38 DEBUG server open days: 3169, rankAct id: 8, state: Expire 
2026-05-06 11:19:38 DEBUG server open days: 3169, rankAct id: 9, state: Expire 
2026-05-06 11:19:38 DEBUG server open days: 3169, rankAct id: 10, state: Expire 
2026-05-06 11:19:38 DEBUG server open days: 3169, rankAct id: 11, state: Expire 
2026-05-06 11:19:38 DEBUG server open days: 3169, rankAct id: 12, state: Expire 
2026-05-06 11:19:38 DEBUG server open days: 3169, rankAct id: 13, state: Expire 
2026-05-06 11:19:38 DEBUG server open days: 3169, rankAct id: 14, state: Expire 
2026-05-06 11:19:40 WARN  Unknown channel option 'SO_KEEPALIVE' for channel '[id: 0xd1572c9a]'
2026-05-06 11:19:40 WARN  Unknown channel option 'SO_KEEPALIVE' for channel '[id: 0xe7bc002d]'
2026-05-06 11:19:40 INFO  Using default implementation for ThreadExecutor
2026-05-06 11:19:40 INFO  Initialized Scheduler Signaller of type: class org.quartz.core.SchedulerSignalerImpl
2026-05-06 11:19:40 INFO  Quartz Scheduler v.1.8.6 created.
2026-05-06 11:19:40 INFO  Registering Quartz Job Initialization Plug-in.
2026-05-06 11:19:40 INFO  RAMJobStore initialized.
2026-05-06 11:19:40 INFO  Scheduler meta-data: Quartz Scheduler (v1.8.6) 'AUTO' with instanceId 'NON_CLUSTERED'
  Scheduler class: 'org.quartz.core.QuartzScheduler' - running locally.
  NOT STARTED.
  Currently in standby mode.
  Number of jobs executed: 0
  Using thread pool 'org.quartz.simpl.SimpleThreadPool' - with 5 threads.
  Using job-store 'org.quartz.simpl.RAMJobStore' - which does not support persistence. and is not clustered.

2026-05-06 11:19:40 INFO  Quartz scheduler 'AUTO' initialized from default resource file in Quartz package: 'quartz.properties'
2026-05-06 11:19:40 INFO  Quartz scheduler version: 1.8.6
2026-05-06 11:19:40 DEBUG Utilizing schema packaged in local quartz distribution jar.
2026-05-06 11:19:40 INFO  Parsing XML file: quartz_jobs.xml with systemId: quartz_jobs.xml
2026-05-06 11:19:40 DEBUG Found 0 delete job group commands.
2026-05-06 11:19:41 DEBUG Found 0 delete trigger group commands.
2026-05-06 11:19:41 DEBUG Found 0 delete job commands.
2026-05-06 11:19:41 DEBUG Checking for available updated version of Quartz...
2026-05-06 11:19:41 DEBUG Found 0 delete trigger commands.
2026-05-06 11:19:41 DEBUG Directive 'overwrite-existing-data' not specified, defaulting to true
2026-05-06 11:19:41 DEBUG Directive 'ignore-duplicates' not specified, defaulting to false
2026-05-06 11:19:41 DEBUG Found 1 job definitions.
2026-05-06 11:19:41 DEBUG Parsed job definition: JobDetail 'AUTO.JOBS':  jobClass: 'com.linlongyx.sanguo.webgame.quartz.QuartzJob isStateful: false isVolatile: false isDurable: false requestsRecovers: false
2026-05-06 11:19:41 DEBUG Found 11 trigger definitions.
2026-05-06 11:19:41 DEBUG Parsed trigger definition: Trigger 'DEFAULT.10000':  triggerClass: 'org.quartz.CronTrigger isVolatile: false calendar: 'null' misfireInstruction: 0 nextFireTime: null
2026-05-06 11:19:41 DEBUG Parsed trigger definition: Trigger 'DEFAULT.10001':  triggerClass: 'org.quartz.CronTrigger isVolatile: false calendar: 'null' misfireInstruction: 0 nextFireTime: null
2026-05-06 11:19:42 DEBUG Parsed trigger definition: Trigger 'DEFAULT.10002':  triggerClass: 'org.quartz.CronTrigger isVolatile: false calendar: 'null' misfireInstruction: 0 nextFireTime: null
2026-05-06 11:19:42 DEBUG Quartz version update check failed: Server returned HTTP response code: 403 for URL: http://www.terracotta.org/kit/reflector?kitID=quartz&pageID=update.properties&id=-1442953116&os-name=Windows+10&jvm-name=Java+HotSpot%28TM%29+64-Bit+Server+VM&jvm-version=1.8.0_181&platform=amd64&tc-version=1.8.6&tc-product=Quartz&source=Quartz&uptime-secs=1&patch=UNKNOWN
2026-05-06 11:19:42 DEBUG Parsed trigger definition: Trigger 'DEFAULT.10010':  triggerClass: 'org.quartz.CronTrigger isVolatile: false calendar: 'null' misfireInstruction: 0 nextFireTime: null
2026-05-06 11:19:42 DEBUG Parsed trigger definition: Trigger 'DEFAULT.10011':  triggerClass: 'org.quartz.CronTrigger isVolatile: false calendar: 'null' misfireInstruction: 0 nextFireTime: null
2026-05-06 11:19:42 DEBUG Parsed trigger definition: Trigger 'DEFAULT.10012':  triggerClass: 'org.quartz.CronTrigger isVolatile: false calendar: 'null' misfireInstruction: 0 nextFireTime: null
2026-05-06 11:19:42 DEBUG Parsed trigger definition: Trigger 'DEFAULT.20001':  triggerClass: 'org.quartz.CronTrigger isVolatile: false calendar: 'null' misfireInstruction: 0 nextFireTime: null
2026-05-06 11:19:42 DEBUG Parsed trigger definition: Trigger 'DEFAULT.20003':  triggerClass: 'org.quartz.CronTrigger isVolatile: false calendar: 'null' misfireInstruction: 0 nextFireTime: null
2026-05-06 11:19:42 DEBUG Parsed trigger definition: Trigger 'DEFAULT.20004':  triggerClass: 'org.quartz.CronTrigger isVolatile: false calendar: 'null' misfireInstruction: 0 nextFireTime: null
2026-05-06 11:19:42 DEBUG Parsed trigger definition: Trigger 'DEFAULT.20005':  triggerClass: 'org.quartz.CronTrigger isVolatile: false calendar: 'null' misfireInstruction: 0 nextFireTime: null
2026-05-06 11:19:42 DEBUG Parsed trigger definition: Trigger 'DEFAULT.20006':  triggerClass: 'org.quartz.CronTrigger isVolatile: false calendar: 'null' misfireInstruction: 0 nextFireTime: null
2026-05-06 11:19:42 INFO  Adding 1 jobs, 11 triggers.
2026-05-06 11:19:42 INFO  Adding job: AUTO.JOBS
2026-05-06 11:19:42 DEBUG Scheduling job: AUTO.JOBS with trigger: DEFAULT.10000
2026-05-06 11:19:42 DEBUG Scheduling job: AUTO.JOBS with trigger: DEFAULT.10001
2026-05-06 11:19:42 DEBUG Scheduling job: AUTO.JOBS with trigger: DEFAULT.10002
2026-05-06 11:19:42 DEBUG Scheduling job: AUTO.JOBS with trigger: DEFAULT.10010
2026-05-06 11:19:42 DEBUG Scheduling job: AUTO.JOBS with trigger: DEFAULT.10011
2026-05-06 11:19:42 DEBUG Scheduling job: AUTO.JOBS with trigger: DEFAULT.10012
2026-05-06 11:19:42 DEBUG Scheduling job: AUTO.JOBS with trigger: DEFAULT.20001
2026-05-06 11:19:42 DEBUG Scheduling job: AUTO.JOBS with trigger: DEFAULT.20003
2026-05-06 11:19:42 DEBUG Scheduling job: AUTO.JOBS with trigger: DEFAULT.20004
2026-05-06 11:19:42 DEBUG Scheduling job: AUTO.JOBS with trigger: DEFAULT.20005
2026-05-06 11:19:42 DEBUG Scheduling job: AUTO.JOBS with trigger: DEFAULT.20006
2026-05-06 11:19:42 INFO  Scheduler AUTO_$_NON_CLUSTERED started.
2026-05-06 11:19:42 DEBUG Reading descriptors ( dom ) 50
2026-05-06 11:19:42 DEBUG Using existing MBeanServer 2
2026-05-06 11:19:42 DEBUG default constructor
2026-05-06 11:19:42 DEBUG preRegister com.linlongyx.sanguo.webgame.service.LookUpService@77cf3f8b onlineNum:Click=ShowDetail
2026-05-06 11:19:42 DEBUG default constructor
2026-05-06 11:19:42 DEBUG preRegister com.linlongyx.sanguo.webgame.service.JsonTableService@1df98368 reload:Click=reloadJson
2026-05-06 11:19:42 DEBUG default constructor
2026-05-06 11:19:42 DEBUG preRegister com.linlongyx.core.utils.ChatUtil@21ca139c reload:Click=reloadSensitive
2026-05-06 11:19:42 ERROR Started version:  110000 
2026-05-06 11:20:00 DEBUG Producing instance of Job 'AUTO.JOBS', class=com.linlongyx.sanguo.webgame.quartz.QuartzJob
2026-05-06 11:20:00 DEBUG Calling execute on job AUTO.JOBS
2026-05-06 11:20:00 DEBUG Producing instance of Job 'AUTO.JOBS', class=com.linlongyx.sanguo.webgame.quartz.QuartzJob
2026-05-06 11:20:00 DEBUG Calling execute on job AUTO.JOBS
2026-05-06 11:20:00 ERROR destiny rank refresh 
2026-05-06 11:20:00 INFO  触发cmd：20005
2026-05-06 11:20:01 INFO  触发cmd：20003
2026-05-06 11:20:30 DEBUG Producing instance of Job 'AUTO.JOBS', class=com.linlongyx.sanguo.webgame.quartz.QuartzJob
2026-05-06 11:20:30 DEBUG Calling execute on job AUTO.JOBS
2026-05-06 11:20:30 INFO  触发cmd：20005
2026-05-06 11:21:00 DEBUG Producing instance of Job 'AUTO.JOBS', class=com.linlongyx.sanguo.webgame.quartz.QuartzJob
2026-05-06 11:21:00 DEBUG Calling execute on job AUTO.JOBS
2026-05-06 11:21:00 INFO  触发cmd：20005
2026-05-06 11:21:16 ERROR rankBossTimeOut 1001 
2026-05-06 11:21:30 DEBUG Producing instance of Job 'AUTO.JOBS', class=com.linlongyx.sanguo.webgame.quartz.QuartzJob
2026-05-06 11:21:30 DEBUG Calling execute on job AUTO.JOBS
2026-05-06 11:21:30 INFO  触发cmd：20005
2026-05-06 11:22:00 DEBUG Producing instance of Job 'AUTO.JOBS', class=com.linlongyx.sanguo.webgame.quartz.QuartzJob
2026-05-06 11:22:00 DEBUG Calling execute on job AUTO.JOBS
2026-05-06 11:22:00 INFO  触发cmd：20005
2026-05-06 11:22:16 ERROR rankBossReBorn 1001 
2026-05-06 11:22:30 DEBUG Producing instance of Job 'AUTO.JOBS', class=com.linlongyx.sanguo.webgame.quartz.QuartzJob
2026-05-06 11:22:30 DEBUG Calling execute on job AUTO.JOBS
2026-05-06 11:22:30 INFO  触发cmd：20005
2026-05-06 11:22:57 ERROR rankBossTimeOut 1002 
2026-05-06 11:23:00 DEBUG Producing instance of Job 'AUTO.JOBS', class=com.linlongyx.sanguo.webgame.quartz.QuartzJob
2026-05-06 11:23:00 DEBUG Calling execute on job AUTO.JOBS
2026-05-06 11:23:00 INFO  触发cmd：20005
2026-05-06 11:23:30 DEBUG Producing instance of Job 'AUTO.JOBS', class=com.linlongyx.sanguo.webgame.quartz.QuartzJob
2026-05-06 11:23:30 DEBUG Calling execute on job AUTO.JOBS
2026-05-06 11:23:30 INFO  触发cmd：20005
2026-05-06 11:23:56 ERROR rankBossTimeOut 1001 
2026-05-06 11:24:00 DEBUG Producing instance of Job 'AUTO.JOBS', class=com.linlongyx.sanguo.webgame.quartz.QuartzJob
2026-05-06 11:24:00 DEBUG Calling execute on job AUTO.JOBS
2026-05-06 11:24:00 INFO  触发cmd：20005
2026-05-06 11:24:30 DEBUG Producing instance of Job 'AUTO.JOBS', class=com.linlongyx.sanguo.webgame.quartz.QuartzJob
2026-05-06 11:24:30 DEBUG Calling execute on job AUTO.JOBS
2026-05-06 11:24:30 INFO  触发cmd：20005
2026-05-06 11:24:37 ERROR rankBossTimeOut 1003 
2026-05-06 11:24:56 ERROR rankBossReBorn 1001 
2026-05-06 11:25:00 DEBUG Producing instance of Job 'AUTO.JOBS', class=com.linlongyx.sanguo.webgame.quartz.QuartzJob
2026-05-06 11:25:00 DEBUG Calling execute on job AUTO.JOBS
2026-05-06 11:25:00 DEBUG Producing instance of Job 'AUTO.JOBS', class=com.linlongyx.sanguo.webgame.quartz.QuartzJob
2026-05-06 11:25:00 DEBUG Calling execute on job AUTO.JOBS
2026-05-06 11:25:00 INFO  触发cmd：20003
2026-05-06 11:25:00 INFO  触发cmd：20005
2026-05-06 11:25:00 ERROR destiny rank refresh 
2026-05-06 11:25:27 ERROR rankBossReBorn 1002 
2026-05-06 11:25:30 DEBUG Producing instance of Job 'AUTO.JOBS', class=com.linlongyx.sanguo.webgame.quartz.QuartzJob
2026-05-06 11:25:30 DEBUG Calling execute on job AUTO.JOBS
2026-05-06 11:25:30 INFO  触发cmd：20005
2026-05-06 11:26:00 DEBUG Producing instance of Job 'AUTO.JOBS', class=com.linlongyx.sanguo.webgame.quartz.QuartzJob
2026-05-06 11:26:00 DEBUG Calling execute on job AUTO.JOBS
2026-05-06 11:26:00 INFO  触发cmd：20005
2026-05-06 11:26:30 DEBUG Producing instance of Job 'AUTO.JOBS', class=com.linlongyx.sanguo.webgame.quartz.QuartzJob
2026-05-06 11:26:30 DEBUG Calling execute on job AUTO.JOBS
2026-05-06 11:26:30 INFO  触发cmd：20005
2026-05-06 11:26:36 ERROR rankBossTimeOut 1001 
2026-05-06 11:27:00 DEBUG Producing instance of Job 'AUTO.JOBS', class=com.linlongyx.sanguo.webgame.quartz.QuartzJob
2026-05-06 11:27:00 DEBUG Calling execute on job AUTO.JOBS
2026-05-06 11:27:00 INFO  触发cmd：20005
2026-05-06 11:27:30 DEBUG Producing instance of Job 'AUTO.JOBS', class=com.linlongyx.sanguo.webgame.quartz.QuartzJob
2026-05-06 11:27:30 DEBUG Calling execute on job AUTO.JOBS
2026-05-06 11:27:30 INFO  触发cmd：20005
2026-05-06 11:27:36 ERROR rankBossReBorn 1001 
2026-05-06 11:27:57 ERROR rankBossReBorn 1003 
2026-05-06 11:27:57 ERROR rankBossTimeOut 1004 
2026-05-06 11:28:00 DEBUG Producing instance of Job 'AUTO.JOBS', class=com.linlongyx.sanguo.webgame.quartz.QuartzJob
2026-05-06 11:28:00 DEBUG Calling execute on job AUTO.JOBS
2026-05-06 11:28:00 INFO  触发cmd：20005
2026-05-06 11:28:30 DEBUG Producing instance of Job 'AUTO.JOBS', class=com.linlongyx.sanguo.webgame.quartz.QuartzJob
2026-05-06 11:28:30 DEBUG Calling execute on job AUTO.JOBS
2026-05-06 11:28:30 INFO  触发cmd：20005
2026-05-06 11:28:47 ERROR rankBossTimeOut 1002 
2026-05-06 11:29:00 DEBUG Producing instance of Job 'AUTO.JOBS', class=com.linlongyx.sanguo.webgame.quartz.QuartzJob
2026-05-06 11:29:00 DEBUG Calling execute on job AUTO.JOBS
2026-05-06 11:29:00 INFO  触发cmd：20005
2026-05-06 11:29:14 INFO  Refreshing org.springframework.context.annotation.AnnotationConfigApplicationContext@61064425: startup date [Wed May 06 11:29:14 EET 2026]; root of context hierarchy
2026-05-06 11:29:14 INFO  Loading XML bean definitions from class path resource [webgame/beans/server-beans.xml]
2026-05-06 11:29:14 INFO  Loading XML bean definitions from class path resource [webgame/beans/mysql-beans.xml]
2026-05-06 11:29:15 INFO  Loading XML bean definitions from class path resource [webgame/beans/service-beans.xml]
2026-05-06 11:29:15 INFO  Loading XML bean definitions from class path resource [webgame/beans/mysql-beans.xml]
2026-05-06 11:29:15 INFO  Loading XML bean definitions from class path resource [webgame/beans/data-beans.xml]
2026-05-06 11:29:16 INFO  Loading properties file from class path resource [webgame/props/webgame.properties]
2026-05-06 11:29:16 INFO  Loading properties file from class path resource [webgame/props/mysql.properties]
2026-05-06 11:29:16 INFO  Loading properties file from class path resource [webgame/props/redis.properties]
2026-05-06 11:29:16 INFO  Loading properties file from class path resource [version.properties]
2026-05-06 11:29:16 DEBUG 加载配置文件 
2026-05-06 11:29:16 DEBUG key -> platform, value -> test 
2026-05-06 11:29:16 DEBUG key -> businessThreadCount, value -> 10 
2026-05-06 11:29:16 DEBUG key -> svn, value -> 32883 
2026-05-06 11:29:16 DEBUG key -> jdbc.url, value -> jdbc:mysql://localhost:3306/sanguo_game2?useUnicode=true&characterEncoding=utf8 
2026-05-06 11:29:16 DEBUG key -> secretKey, value -> 5Jqxjo10Yl2ElQCwJm 
2026-05-06 11:29:16 DEBUG key -> so.backlog, value -> 128 
2026-05-06 11:29:16 DEBUG key -> url, value -> http://localhost 
2026-05-06 11:29:16 DEBUG key -> redis.testOnBorrow, value -> true 
2026-05-06 11:29:16 DEBUG key -> serverId, value -> 10001 
2026-05-06 11:29:16 DEBUG key -> redis.maxTotal, value -> 600 
2026-05-06 11:29:16 DEBUG key -> serverName, value -> å°æ¸¸æ2æ 
2026-05-06 11:29:16 DEBUG key -> logserver.isOpen, value -> false 
2026-05-06 11:29:16 DEBUG key -> redis.port, value -> 6379 
2026-05-06 11:29:16 DEBUG key -> jmxPort, value -> 19302 
2026-05-06 11:29:16 DEBUG key -> redis.db, value -> 13 
2026-05-06 11:29:16 DEBUG key -> redis.timeout, value -> 5000 
2026-05-06 11:29:16 DEBUG key -> logserver.port, value -> 6000 
2026-05-06 11:29:16 DEBUG key -> jdbc.user, value -> root 
2026-05-06 11:29:16 DEBUG key -> keystorePass, value ->  
2026-05-06 11:29:16 DEBUG key -> characterEncoding, value -> UTF-8 
2026-05-06 11:29:16 DEBUG key -> logicRmi.port, value -> 17005 
2026-05-06 11:29:16 DEBUG key -> debug, value -> true 
2026-05-06 11:29:16 DEBUG key -> wss, value -> false 
2026-05-06 11:29:16 DEBUG key -> dataLocation, value -> cn 
2026-05-06 11:29:16 DEBUG key -> useUnicode, value -> true 
2026-05-06 11:29:16 DEBUG key -> redis.pass, value -> e5968b5bd4f916e4 
2026-05-06 11:29:16 DEBUG key -> jmxPass, value -> g6UoONwr6joi1ApG 
2026-05-06 11:29:16 DEBUG key -> appId, value -> 100962 
2026-05-06 11:29:16 DEBUG key -> jks, value -> localhost 
2026-05-06 11:29:16 DEBUG key -> so.keepalive, value -> true 
2026-05-06 11:29:16 DEBUG key -> http.port, value -> 19202 
2026-05-06 11:29:16 DEBUG key -> jdbc.driverClassName, value -> com.mysql.jdbc.Driver 
2026-05-06 11:29:16 DEBUG key -> cchId, value -> 392 
2026-05-06 11:29:16 DEBUG key -> workerThreadCount, value -> 14 
2026-05-06 11:29:17 DEBUG key -> bossThreadCount, value -> 1 
2026-05-06 11:29:17 DEBUG key -> redis.host, value -> localhost 
2026-05-06 11:29:17 DEBUG key -> logserver.host, value -> localhost 
2026-05-06 11:29:17 DEBUG key -> openTime, value -> 2017-09-02 00:00:00 
2026-05-06 11:29:17 DEBUG key -> logserver.dataPath, value -> ./log 
2026-05-06 11:29:17 DEBUG key -> wordLocation, value -> cn 
2026-05-06 11:29:17 DEBUG key -> ws.port, value -> 19102 
2026-05-06 11:29:17 DEBUG key -> jdbc.password, value -> EghgTJGqPmZ9RQiW 
2026-05-06 11:29:17 DEBUG key -> logicRmi.cmport, value -> 17006 
2026-05-06 11:29:17 DEBUG key -> path, value -> webgame/platform/ 
2026-05-06 11:29:17 DEBUG key -> rmi.url, value -> rmi://localhost:19850/crossRankRMI 
2026-05-06 11:29:17 DEBUG key -> tag, value -> 24b0d14d02f7970e270d2b70dfab4ea62fc2390a 
2026-05-06 11:29:17 DEBUG key -> logicRmi.host, value -> localhost 
2026-05-06 11:29:17 DEBUG key -> jmxName, value -> llyx-sanguo 
2026-05-06 11:29:17 DEBUG key -> crossUrl, value -> ws://localhost 
2026-05-06 11:29:17 DEBUG key -> redis.maxWait, value -> 10000 
2026-05-06 11:29:17 DEBUG key -> version, value -> 1.1000 
2026-05-06 11:29:17 DEBUG key -> httpSwitch, value -> false 
2026-05-06 11:29:17 DEBUG key -> ws, value -> true 
2026-05-06 11:29:17 DEBUG key -> logicRmi.serviceName, value -> crossRankLogicRMI 
2026-05-06 11:29:17 DEBUG key -> redis.maxIdle, value -> 300 
2026-05-06 11:29:19 INFO  {dataSource-1} inited
2026-05-06 11:29:19 INFO  Loaded JDBC driver: com.mysql.jdbc.Driver
2026-05-06 11:29:21 ERROR LogicRmiManager::publish rmi service url: {} rmi://localhost:17005/crossRankLogicRMI 
2026-05-06 11:29:31 ERROR ContinuityParameter {1={"actId":1,"startTime":1504299600,"endTime":1504904400,"closeTime":0}, 2={"actId":2,"startTime":1504558800,"endTime":1505163600,"closeTime":0}, 3={"actId":3,"startTime":1551733200,"endTime":1552337999,"closeTime":0}} 
2026-05-06 11:29:31 DEBUG {conn-10004, pstmt-20016} enter cache
2026-05-06 11:29:31 DEBUG {conn-10004, pstmt-20017} enter cache
2026-05-06 11:29:31 ERROR update group Pre:update tb_group set id=10001000000 + id where id != 0 and id<=10001000000; 
2026-05-06 11:29:31 ERROR update groupMember Pre:update tb_groupMember set id=10001000000 + id where id != 0 and id<=10001000000; 
2026-05-06 11:29:31 DEBUG server open days: 3169, rankAct id: 8, state: Expire 
2026-05-06 11:29:31 DEBUG server open days: 3169, rankAct id: 9, state: Expire 
2026-05-06 11:29:31 DEBUG server open days: 3169, rankAct id: 10, state: Expire 
2026-05-06 11:29:31 DEBUG server open days: 3169, rankAct id: 11, state: Expire 
2026-05-06 11:29:31 DEBUG server open days: 3169, rankAct id: 12, state: Expire 
2026-05-06 11:29:31 DEBUG server open days: 3169, rankAct id: 13, state: Expire 
2026-05-06 11:29:31 DEBUG server open days: 3169, rankAct id: 14, state: Expire 
2026-05-06 11:29:32 WARN  Unknown channel option 'SO_KEEPALIVE' for channel '[id: 0x2e6c3428]'
2026-05-06 11:29:32 WARN  Unknown channel option 'SO_KEEPALIVE' for channel '[id: 0xaf6db0b8]'
2026-05-06 11:29:32 INFO  Using default implementation for ThreadExecutor
2026-05-06 11:29:32 INFO  Initialized Scheduler Signaller of type: class org.quartz.core.SchedulerSignalerImpl
2026-05-06 11:29:32 INFO  Quartz Scheduler v.1.8.6 created.
2026-05-06 11:29:32 INFO  Registering Quartz Job Initialization Plug-in.
2026-05-06 11:29:32 INFO  RAMJobStore initialized.
2026-05-06 11:29:32 INFO  Scheduler meta-data: Quartz Scheduler (v1.8.6) 'AUTO' with instanceId 'NON_CLUSTERED'
  Scheduler class: 'org.quartz.core.QuartzScheduler' - running locally.
  NOT STARTED.
  Currently in standby mode.
  Number of jobs executed: 0
  Using thread pool 'org.quartz.simpl.SimpleThreadPool' - with 5 threads.
  Using job-store 'org.quartz.simpl.RAMJobStore' - which does not support persistence. and is not clustered.

2026-05-06 11:29:32 INFO  Quartz scheduler 'AUTO' initialized from default resource file in Quartz package: 'quartz.properties'
2026-05-06 11:29:32 INFO  Quartz scheduler version: 1.8.6
2026-05-06 11:29:32 DEBUG Utilizing schema packaged in local quartz distribution jar.
2026-05-06 11:29:32 INFO  Parsing XML file: quartz_jobs.xml with systemId: quartz_jobs.xml
2026-05-06 11:29:32 DEBUG Found 0 delete job group commands.
2026-05-06 11:29:32 DEBUG Found 0 delete trigger group commands.
2026-05-06 11:29:32 DEBUG Found 0 delete job commands.
2026-05-06 11:29:32 DEBUG Found 0 delete trigger commands.
2026-05-06 11:29:32 DEBUG Directive 'overwrite-existing-data' not specified, defaulting to true
2026-05-06 11:29:32 DEBUG Directive 'ignore-duplicates' not specified, defaulting to false
2026-05-06 11:29:32 DEBUG Found 1 job definitions.
2026-05-06 11:29:32 DEBUG Parsed job definition: JobDetail 'AUTO.JOBS':  jobClass: 'com.linlongyx.sanguo.webgame.quartz.QuartzJob isStateful: false isVolatile: false isDurable: false requestsRecovers: false
2026-05-06 11:29:32 DEBUG Found 11 trigger definitions.
2026-05-06 11:29:32 DEBUG Parsed trigger definition: Trigger 'DEFAULT.10000':  triggerClass: 'org.quartz.CronTrigger isVolatile: false calendar: 'null' misfireInstruction: 0 nextFireTime: null
2026-05-06 11:29:32 DEBUG Parsed trigger definition: Trigger 'DEFAULT.10001':  triggerClass: 'org.quartz.CronTrigger isVolatile: false calendar: 'null' misfireInstruction: 0 nextFireTime: null
2026-05-06 11:29:32 DEBUG Parsed trigger definition: Trigger 'DEFAULT.10002':  triggerClass: 'org.quartz.CronTrigger isVolatile: false calendar: 'null' misfireInstruction: 0 nextFireTime: null
2026-05-06 11:29:32 DEBUG Parsed trigger definition: Trigger 'DEFAULT.10010':  triggerClass: 'org.quartz.CronTrigger isVolatile: false calendar: 'null' misfireInstruction: 0 nextFireTime: null
2026-05-06 11:29:32 DEBUG Parsed trigger definition: Trigger 'DEFAULT.10011':  triggerClass: 'org.quartz.CronTrigger isVolatile: false calendar: 'null' misfireInstruction: 0 nextFireTime: null
2026-05-06 11:29:32 DEBUG Parsed trigger definition: Trigger 'DEFAULT.10012':  triggerClass: 'org.quartz.CronTrigger isVolatile: false calendar: 'null' misfireInstruction: 0 nextFireTime: null
2026-05-06 11:29:32 DEBUG Parsed trigger definition: Trigger 'DEFAULT.20001':  triggerClass: 'org.quartz.CronTrigger isVolatile: false calendar: 'null' misfireInstruction: 0 nextFireTime: null
2026-05-06 11:29:32 DEBUG Parsed trigger definition: Trigger 'DEFAULT.20003':  triggerClass: 'org.quartz.CronTrigger isVolatile: false calendar: 'null' misfireInstruction: 0 nextFireTime: null
2026-05-06 11:29:32 DEBUG Parsed trigger definition: Trigger 'DEFAULT.20004':  triggerClass: 'org.quartz.CronTrigger isVolatile: false calendar: 'null' misfireInstruction: 0 nextFireTime: null
2026-05-06 11:29:32 DEBUG Parsed trigger definition: Trigger 'DEFAULT.20005':  triggerClass: 'org.quartz.CronTrigger isVolatile: false calendar: 'null' misfireInstruction: 0 nextFireTime: null
2026-05-06 11:29:32 DEBUG Parsed trigger definition: Trigger 'DEFAULT.20006':  triggerClass: 'org.quartz.CronTrigger isVolatile: false calendar: 'null' misfireInstruction: 0 nextFireTime: null
2026-05-06 11:29:32 INFO  Adding 1 jobs, 11 triggers.
2026-05-06 11:29:32 INFO  Adding job: AUTO.JOBS
2026-05-06 11:29:32 DEBUG Scheduling job: AUTO.JOBS with trigger: DEFAULT.10000
2026-05-06 11:29:32 DEBUG Scheduling job: AUTO.JOBS with trigger: DEFAULT.10001
2026-05-06 11:29:32 DEBUG Scheduling job: AUTO.JOBS with trigger: DEFAULT.10002
2026-05-06 11:29:32 DEBUG Scheduling job: AUTO.JOBS with trigger: DEFAULT.10010
2026-05-06 11:29:32 DEBUG Scheduling job: AUTO.JOBS with trigger: DEFAULT.10011
2026-05-06 11:29:32 DEBUG Scheduling job: AUTO.JOBS with trigger: DEFAULT.10012
2026-05-06 11:29:32 DEBUG Scheduling job: AUTO.JOBS with trigger: DEFAULT.20001
2026-05-06 11:29:32 DEBUG Scheduling job: AUTO.JOBS with trigger: DEFAULT.20003
2026-05-06 11:29:32 DEBUG Scheduling job: AUTO.JOBS with trigger: DEFAULT.20004
2026-05-06 11:29:32 DEBUG Scheduling job: AUTO.JOBS with trigger: DEFAULT.20005
2026-05-06 11:29:32 DEBUG Scheduling job: AUTO.JOBS with trigger: DEFAULT.20006
2026-05-06 11:29:32 INFO  Scheduler AUTO_$_NON_CLUSTERED started.
2026-05-06 11:29:32 DEBUG Reading descriptors ( dom ) 17
2026-05-06 11:29:32 DEBUG Using existing MBeanServer 0
2026-05-06 11:29:32 DEBUG default constructor
2026-05-06 11:29:32 DEBUG preRegister com.linlongyx.sanguo.webgame.service.LookUpService@77cf3f8b onlineNum:Click=ShowDetail
2026-05-06 11:29:32 DEBUG default constructor
2026-05-06 11:29:32 DEBUG preRegister com.linlongyx.sanguo.webgame.service.JsonTableService@1df98368 reload:Click=reloadJson
2026-05-06 11:29:32 DEBUG default constructor
2026-05-06 11:29:32 DEBUG preRegister com.linlongyx.core.utils.ChatUtil@21ca139c reload:Click=reloadSensitive
2026-05-06 11:29:32 ERROR Started version:  110000 
2026-05-06 11:29:33 DEBUG Checking for available updated version of Quartz...
2026-05-06 11:29:33 DEBUG Quartz version update check failed: Server returned HTTP response code: 403 for URL: http://www.terracotta.org/kit/reflector?kitID=quartz&pageID=update.properties&id=-1442953116&os-name=Windows+10&jvm-name=Java+HotSpot%28TM%29+64-Bit+Server+VM&jvm-version=1.8.0_181&platform=amd64&tc-version=1.8.6&tc-product=Quartz&source=Quartz&uptime-secs=1&patch=UNKNOWN
2026-05-06 11:30:00 DEBUG Producing instance of Job 'AUTO.JOBS', class=com.linlongyx.sanguo.webgame.quartz.QuartzJob
2026-05-06 11:30:00 DEBUG Producing instance of Job 'AUTO.JOBS', class=com.linlongyx.sanguo.webgame.quartz.QuartzJob
2026-05-06 11:30:00 DEBUG Calling execute on job AUTO.JOBS
2026-05-06 11:30:00 DEBUG Producing instance of Job 'AUTO.JOBS', class=com.linlongyx.sanguo.webgame.quartz.QuartzJob
2026-05-06 11:30:00 DEBUG Calling execute on job AUTO.JOBS
2026-05-06 11:30:00 DEBUG Calling execute on job AUTO.JOBS
2026-05-06 11:30:00 INFO  触发cmd：20001
2026-05-06 11:30:00 ERROR destiny rank refresh 
2026-05-06 11:30:00 INFO  触发cmd：20005
2026-05-06 11:30:00 INFO  触发cmd：20003
2026-05-06 11:30:30 DEBUG Producing instance of Job 'AUTO.JOBS', class=com.linlongyx.sanguo.webgame.quartz.QuartzJob
2026-05-06 11:30:30 DEBUG Calling execute on job AUTO.JOBS
2026-05-06 11:30:30 INFO  触发cmd：20005
2026-05-06 11:31:00 DEBUG Producing instance of Job 'AUTO.JOBS', class=com.linlongyx.sanguo.webgame.quartz.QuartzJob
2026-05-06 11:31:00 DEBUG Calling execute on job AUTO.JOBS
2026-05-06 11:31:00 INFO  触发cmd：20005
2026-05-06 11:31:11 ERROR rankBossTimeOut 1001 
2026-05-06 11:31:30 DEBUG Producing instance of Job 'AUTO.JOBS', class=com.linlongyx.sanguo.webgame.quartz.QuartzJob
2026-05-06 11:31:30 DEBUG Calling execute on job AUTO.JOBS
2026-05-06 11:31:30 INFO  触发cmd：20005
2026-05-06 11:32:00 DEBUG Producing instance of Job 'AUTO.JOBS', class=com.linlongyx.sanguo.webgame.quartz.QuartzJob
2026-05-06 11:32:00 DEBUG Calling execute on job AUTO.JOBS
2026-05-06 11:32:00 INFO  触发cmd：20005
2026-05-06 11:32:11 ERROR rankBossReBorn 1001 
2026-05-06 11:32:30 DEBUG Producing instance of Job 'AUTO.JOBS', class=com.linlongyx.sanguo.webgame.quartz.QuartzJob
2026-05-06 11:32:30 DEBUG Calling execute on job AUTO.JOBS
2026-05-06 11:32:30 INFO  触发cmd：20005
2026-05-06 11:32:51 ERROR rankBossTimeOut 1002 
2026-05-06 11:33:00 DEBUG Producing instance of Job 'AUTO.JOBS', class=com.linlongyx.sanguo.webgame.quartz.QuartzJob
2026-05-06 11:33:00 DEBUG Calling execute on job AUTO.JOBS
2026-05-06 11:33:00 INFO  触发cmd：20005
2026-05-06 11:33:30 DEBUG Producing instance of Job 'AUTO.JOBS', class=com.linlongyx.sanguo.webgame.quartz.QuartzJob
2026-05-06 11:33:30 DEBUG Calling execute on job AUTO.JOBS
2026-05-06 11:33:30 INFO  触发cmd：20005
2026-05-06 11:33:51 ERROR rankBossTimeOut 1001 
2026-05-06 11:34:00 DEBUG Producing instance of Job 'AUTO.JOBS', class=com.linlongyx.sanguo.webgame.quartz.QuartzJob
2026-05-06 11:34:00 DEBUG Calling execute on job AUTO.JOBS
2026-05-06 11:34:00 INFO  触发cmd：20005
2026-05-06 11:34:30 DEBUG Producing instance of Job 'AUTO.JOBS', class=com.linlongyx.sanguo.webgame.quartz.QuartzJob
2026-05-06 11:34:30 DEBUG Calling execute on job AUTO.JOBS
2026-05-06 11:34:30 INFO  触发cmd：20005
2026-05-06 11:34:31 ERROR rankBossTimeOut 1003 
2026-05-06 11:34:51 ERROR rankBossReBorn 1001 
2026-05-06 11:35:00 DEBUG Producing instance of Job 'AUTO.JOBS', class=com.linlongyx.sanguo.webgame.quartz.QuartzJob
2026-05-06 11:35:00 DEBUG Calling execute on job AUTO.JOBS
2026-05-06 11:35:00 INFO  触发cmd：20003
2026-05-06 11:35:00 DEBUG Producing instance of Job 'AUTO.JOBS', class=com.linlongyx.sanguo.webgame.quartz.QuartzJob
2026-05-06 11:35:00 DEBUG Calling execute on job AUTO.JOBS
2026-05-06 11:35:00 INFO  触发cmd：20005
2026-05-06 11:35:00 ERROR destiny rank refresh 
2026-05-06 11:35:21 ERROR rankBossReBorn 1002 
2026-05-06 11:35:30 DEBUG Producing instance of Job 'AUTO.JOBS', class=com.linlongyx.sanguo.webgame.quartz.QuartzJob
2026-05-06 11:35:30 DEBUG Calling execute on job AUTO.JOBS
2026-05-06 11:35:30 INFO  触发cmd：20005
2026-05-06 11:36:00 DEBUG Producing instance of Job 'AUTO.JOBS', class=com.linlongyx.sanguo.webgame.quartz.QuartzJob
2026-05-06 11:36:00 DEBUG Calling execute on job AUTO.JOBS
2026-05-06 11:36:00 INFO  触发cmd：20005
2026-05-06 11:36:30 DEBUG Producing instance of Job 'AUTO.JOBS', class=com.linlongyx.sanguo.webgame.quartz.QuartzJob
2026-05-06 11:36:30 DEBUG Calling execute on job AUTO.JOBS
2026-05-06 11:36:30 INFO  触发cmd：20005
2026-05-06 11:36:31 ERROR rankBossTimeOut 1001 
2026-05-06 11:37:00 DEBUG Producing instance of Job 'AUTO.JOBS', class=com.linlongyx.sanguo.webgame.quartz.QuartzJob
2026-05-06 11:37:00 DEBUG Calling execute on job AUTO.JOBS
2026-05-06 11:37:00 INFO  触发cmd：20005
2026-05-06 11:37:30 DEBUG Producing instance of Job 'AUTO.JOBS', class=com.linlongyx.sanguo.webgame.quartz.QuartzJob
2026-05-06 11:37:30 DEBUG Calling execute on job AUTO.JOBS
2026-05-06 11:37:30 INFO  触发cmd：20005
2026-05-06 11:37:31 ERROR rankBossReBorn 1001 
2026-05-06 11:37:51 ERROR rankBossReBorn 1003 
2026-05-06 11:37:51 ERROR rankBossTimeOut 1004 
2026-05-06 11:38:00 DEBUG Producing instance of Job 'AUTO.JOBS', class=com.linlongyx.sanguo.webgame.quartz.QuartzJob
2026-05-06 11:38:00 DEBUG Calling execute on job AUTO.JOBS
2026-05-06 11:38:00 INFO  触发cmd：20005
2026-05-06 11:38:30 DEBUG Producing instance of Job 'AUTO.JOBS', class=com.linlongyx.sanguo.webgame.quartz.QuartzJob
2026-05-06 11:38:30 DEBUG Calling execute on job AUTO.JOBS
2026-05-06 11:38:30 INFO  触发cmd：20005
2026-05-06 11:38:41 ERROR rankBossTimeOut 1002 
2026-05-06 11:39:00 DEBUG Producing instance of Job 'AUTO.JOBS', class=com.linlongyx.sanguo.webgame.quartz.QuartzJob
2026-05-06 11:39:00 DEBUG Calling execute on job AUTO.JOBS
2026-05-06 11:39:00 INFO  触发cmd：20005
2026-05-06 11:39:11 ERROR rankBossTimeOut 1001 
2026-05-06 11:39:30 DEBUG Producing instance of Job 'AUTO.JOBS', class=com.linlongyx.sanguo.webgame.quartz.QuartzJob
2026-05-06 11:39:30 DEBUG Calling execute on job AUTO.JOBS
2026-05-06 11:39:30 INFO  触发cmd：20005
2026-05-06 11:40:00 DEBUG Producing instance of Job 'AUTO.JOBS', class=com.linlongyx.sanguo.webgame.quartz.QuartzJob
2026-05-06 11:40:00 DEBUG Calling execute on job AUTO.JOBS
2026-05-06 11:40:00 DEBUG Producing instance of Job 'AUTO.JOBS', class=com.linlongyx.sanguo.webgame.quartz.QuartzJob
2026-05-06 11:40:00 INFO  触发cmd：20003
2026-05-06 11:40:00 DEBUG Calling execute on job AUTO.JOBS
2026-05-06 11:40:00 INFO  触发cmd：20005
2026-05-06 11:40:00 ERROR destiny rank refresh 
2026-05-06 11:40:11 ERROR rankBossReBorn 1001 
2026-05-06 11:40:30 DEBUG Producing instance of Job 'AUTO.JOBS', class=com.linlongyx.sanguo.webgame.quartz.QuartzJob
2026-05-06 11:40:30 DEBUG Calling execute on job AUTO.JOBS
2026-05-06 11:40:30 INFO  触发cmd：20005
2026-05-06 11:41:00 DEBUG Producing instance of Job 'AUTO.JOBS', class=com.linlongyx.sanguo.webgame.quartz.QuartzJob
2026-05-06 11:41:00 DEBUG Calling execute on job AUTO.JOBS
2026-05-06 11:41:00 INFO  触发cmd：20005
2026-05-06 11:41:11 ERROR rankBossReBorn 1002 
2026-05-06 11:41:11 ERROR rankBossTimeOut 1005 
2026-05-06 11:41:30 DEBUG Producing instance of Job 'AUTO.JOBS', class=com.linlongyx.sanguo.webgame.quartz.QuartzJob
2026-05-06 11:41:30 DEBUG Calling execute on job AUTO.JOBS
2026-05-06 11:41:30 INFO  触发cmd：20005
2026-05-06 11:41:51 ERROR rankBossTimeOut 1001 
2026-05-06 11:42:00 DEBUG Producing instance of Job 'AUTO.JOBS', class=com.linlongyx.sanguo.webgame.quartz.QuartzJob
2026-05-06 11:42:00 DEBUG Calling execute on job AUTO.JOBS
2026-05-06 11:42:00 INFO  触发cmd：20005
2026-05-06 11:42:30 DEBUG Producing instance of Job 'AUTO.JOBS', class=com.linlongyx.sanguo.webgame.quartz.QuartzJob
2026-05-06 11:42:30 DEBUG Calling execute on job AUTO.JOBS
2026-05-06 11:42:30 INFO  触发cmd：20005
2026-05-06 11:42:51 ERROR rankBossReBorn 1001 
2026-05-06 11:42:51 ERROR rankBossTimeOut 1003 
2026-05-06 11:42:51 ERROR rankBossReBorn 1004 
2026-05-06 11:42:51 ERROR rankBossTimeOut 1006 
2026-05-06 11:43:00 DEBUG Producing instance of Job 'AUTO.JOBS', class=com.linlongyx.sanguo.webgame.quartz.QuartzJob
2026-05-06 11:43:00 DEBUG Calling execute on job AUTO.JOBS
2026-05-06 11:43:00 INFO  触发cmd：20005
2026-05-06 11:43:30 DEBUG Producing instance of Job 'AUTO.JOBS', class=com.linlongyx.sanguo.webgame.quartz.QuartzJob
2026-05-06 11:43:30 DEBUG Calling execute on job AUTO.JOBS
2026-05-06 11:43:30 INFO  触发cmd：20005
2026-05-06 11:44:00 DEBUG Producing instance of Job 'AUTO.JOBS', class=com.linlongyx.sanguo.webgame.quartz.QuartzJob
2026-05-06 11:44:00 DEBUG Calling execute on job AUTO.JOBS
2026-05-06 11:44:00 INFO  触发cmd：20005
2026-05-06 11:44:30 DEBUG Producing instance of Job 'AUTO.JOBS', class=com.linlongyx.sanguo.webgame.quartz.QuartzJob
2026-05-06 11:44:30 DEBUG Calling execute on job AUTO.JOBS
2026-05-06 11:44:30 INFO  触发cmd：20005
2026-05-06 11:44:31 ERROR rankBossTimeOut 1001 
2026-05-06 11:44:31 ERROR rankBossTimeOut 1002 
2026-05-06 11:44:31 ERROR rankBossTimeOut 1007 
2026-05-06 11:45:00 DEBUG Producing instance of Job 'AUTO.JOBS', class=com.linlongyx.sanguo.webgame.quartz.QuartzJob
2026-05-06 11:45:00 DEBUG Calling execute on job AUTO.JOBS
2026-05-06 11:45:00 DEBUG Producing instance of Job 'AUTO.JOBS', class=com.linlongyx.sanguo.webgame.quartz.QuartzJob
2026-05-06 11:45:00 INFO  触发cmd：20003
2026-05-06 11:45:00 DEBUG Calling execute on job AUTO.JOBS
2026-05-06 11:45:00 INFO  触发cmd：20005
2026-05-06 11:45:00 ERROR destiny rank refresh 
2026-05-06 11:45:30 DEBUG Producing instance of Job 'AUTO.JOBS', class=com.linlongyx.sanguo.webgame.quartz.QuartzJob
2026-05-06 11:45:30 DEBUG Calling execute on job AUTO.JOBS
2026-05-06 11:45:30 INFO  触发cmd：20005
2026-05-06 11:45:31 ERROR rankBossReBorn 1001 
2026-05-06 11:46:00 DEBUG Producing instance of Job 'AUTO.JOBS', class=com.linlongyx.sanguo.webgame.quartz.QuartzJob
2026-05-06 11:46:00 DEBUG Calling execute on job AUTO.JOBS
2026-05-06 11:46:00 INFO  触发cmd：20005
2026-05-06 11:46:11 ERROR rankBossReBorn 1003 
2026-05-06 11:46:11 ERROR rankBossTimeOut 1008 
2026-05-06 11:46:30 DEBUG Producing instance of Job 'AUTO.JOBS', class=com.linlongyx.sanguo.webgame.quartz.QuartzJob
2026-05-06 11:46:30 DEBUG Calling execute on job AUTO.JOBS
2026-05-06 11:46:30 INFO  触发cmd：20005
2026-05-06 11:47:00 DEBUG Producing instance of Job 'AUTO.JOBS', class=com.linlongyx.sanguo.webgame.quartz.QuartzJob
2026-05-06 11:47:00 DEBUG Calling execute on job AUTO.JOBS
2026-05-06 11:47:00 INFO  触发cmd：20005
2026-05-06 11:47:01 ERROR rankBossReBorn 1002 
2026-05-06 11:47:01 ERROR rankBossReBorn 1005 
2026-05-06 11:47:11 ERROR rankBossTimeOut 1001 
2026-05-06 11:47:30 DEBUG Producing instance of Job 'AUTO.JOBS', class=com.linlongyx.sanguo.webgame.quartz.QuartzJob
2026-05-06 11:47:30 DEBUG Calling execute on job AUTO.JOBS
2026-05-06 11:47:30 INFO  触发cmd：20005
2026-05-06 11:47:51 ERROR rankBossTimeOut 1009 
2026-05-06 11:48:00 DEBUG Producing instance of Job 'AUTO.JOBS', class=com.linlongyx.sanguo.webgame.quartz.QuartzJob
2026-05-06 11:48:00 DEBUG Calling execute on job AUTO.JOBS
2026-05-06 11:48:00 INFO  触发cmd：20005
2026-05-06 11:48:11 ERROR rankBossReBorn 1001 
2026-05-06 11:53:57 INFO  Refreshing org.springframework.context.annotation.AnnotationConfigApplicationContext@61064425: startup date [Wed May 06 11:53:57 EET 2026]; root of context hierarchy
2026-05-06 11:53:57 INFO  Loading XML bean definitions from class path resource [webgame/beans/server-beans.xml]
2026-05-06 11:53:57 INFO  Loading XML bean definitions from class path resource [webgame/beans/mysql-beans.xml]
2026-05-06 11:53:57 INFO  Loading XML bean definitions from class path resource [webgame/beans/service-beans.xml]
2026-05-06 11:53:57 INFO  Loading XML bean definitions from class path resource [webgame/beans/mysql-beans.xml]
2026-05-06 11:53:57 INFO  Loading XML bean definitions from class path resource [webgame/beans/data-beans.xml]
2026-05-06 11:53:58 INFO  Loading properties file from class path resource [webgame/props/webgame.properties]
2026-05-06 11:53:58 INFO  Loading properties file from class path resource [webgame/props/mysql.properties]
2026-05-06 11:53:58 INFO  Loading properties file from class path resource [webgame/props/redis.properties]
2026-05-06 11:53:58 INFO  Loading properties file from class path resource [version.properties]
2026-05-06 11:53:58 DEBUG 加载配置文件 
2026-05-06 11:53:58 DEBUG key -> platform, value -> test 
2026-05-06 11:53:58 DEBUG key -> businessThreadCount, value -> 10 
2026-05-06 11:53:58 DEBUG key -> svn, value -> 32883 
2026-05-06 11:53:58 DEBUG key -> jdbc.url, value -> jdbc:mysql://localhost:3306/sanguo_game2?useUnicode=true&characterEncoding=utf8 
2026-05-06 11:53:58 DEBUG key -> secretKey, value -> 5Jqxjo10Yl2ElQCwJm 
2026-05-06 11:53:58 DEBUG key -> so.backlog, value -> 128 
2026-05-06 11:53:58 DEBUG key -> url, value -> http://localhost 
2026-05-06 11:53:58 DEBUG key -> redis.testOnBorrow, value -> true 
2026-05-06 11:53:58 DEBUG key -> serverId, value -> 10001 
2026-05-06 11:53:58 DEBUG key -> redis.maxTotal, value -> 600 
2026-05-06 11:53:58 DEBUG key -> serverName, value -> å°æ¸¸æ2æ 
2026-05-06 11:53:58 DEBUG key -> logserver.isOpen, value -> false 
2026-05-06 11:53:58 DEBUG key -> redis.port, value -> 6379 
2026-05-06 11:53:58 DEBUG key -> jmxPort, value -> 19302 
2026-05-06 11:53:58 DEBUG key -> redis.db, value -> 13 
2026-05-06 11:53:58 DEBUG key -> redis.timeout, value -> 5000 
2026-05-06 11:53:58 DEBUG key -> logserver.port, value -> 6000 
2026-05-06 11:53:58 DEBUG key -> jdbc.user, value -> root 
2026-05-06 11:53:58 DEBUG key -> keystorePass, value ->  
2026-05-06 11:53:58 DEBUG key -> characterEncoding, value -> UTF-8 
2026-05-06 11:53:58 DEBUG key -> logicRmi.port, value -> 17005 
2026-05-06 11:53:58 DEBUG key -> debug, value -> true 
2026-05-06 11:53:58 DEBUG key -> wss, value -> false 
2026-05-06 11:53:58 DEBUG key -> dataLocation, value -> cn 
2026-05-06 11:53:58 DEBUG key -> useUnicode, value -> true 
2026-05-06 11:53:58 DEBUG key -> redis.pass, value -> e5968b5bd4f916e4 
2026-05-06 11:53:58 DEBUG key -> jmxPass, value -> g6UoONwr6joi1ApG 
2026-05-06 11:53:58 DEBUG key -> appId, value -> 100962 
2026-05-06 11:53:58 DEBUG key -> jks, value -> localhost 
2026-05-06 11:53:58 DEBUG key -> so.keepalive, value -> true 
2026-05-06 11:53:58 DEBUG key -> http.port, value -> 19202 
2026-05-06 11:53:58 DEBUG key -> jdbc.driverClassName, value -> com.mysql.jdbc.Driver 
2026-05-06 11:53:58 DEBUG key -> cchId, value -> 392 
2026-05-06 11:53:58 DEBUG key -> workerThreadCount, value -> 14 
2026-05-06 11:53:58 DEBUG key -> bossThreadCount, value -> 1 
2026-05-06 11:53:58 DEBUG key -> redis.host, value -> localhost 
2026-05-06 11:53:58 DEBUG key -> logserver.host, value -> localhost 
2026-05-06 11:53:58 DEBUG key -> openTime, value -> 2017-09-02 00:00:00 
2026-05-06 11:53:58 DEBUG key -> logserver.dataPath, value -> ./log 
2026-05-06 11:53:58 DEBUG key -> wordLocation, value -> cn 
2026-05-06 11:53:58 DEBUG key -> ws.port, value -> 19102 
2026-05-06 11:53:58 DEBUG key -> jdbc.password, value -> EghgTJGqPmZ9RQiW 
2026-05-06 11:53:58 DEBUG key -> logicRmi.cmport, value -> 17006 
2026-05-06 11:53:58 DEBUG key -> path, value -> webgame/platform/ 
2026-05-06 11:53:58 DEBUG key -> rmi.url, value -> rmi://localhost:19850/crossRankRMI 
2026-05-06 11:53:58 DEBUG key -> tag, value -> 24b0d14d02f7970e270d2b70dfab4ea62fc2390a 
2026-05-06 11:53:58 DEBUG key -> logicRmi.host, value -> localhost 
2026-05-06 11:53:58 DEBUG key -> jmxName, value -> llyx-sanguo 
2026-05-06 11:53:58 DEBUG key -> crossUrl, value -> ws://localhost 
2026-05-06 11:53:58 DEBUG key -> redis.maxWait, value -> 10000 
2026-05-06 11:53:58 DEBUG key -> version, value -> 1.1000 
2026-05-06 11:53:58 DEBUG key -> httpSwitch, value -> false 
2026-05-06 11:53:58 DEBUG key -> ws, value -> true 
2026-05-06 11:53:58 DEBUG key -> logicRmi.serviceName, value -> crossRankLogicRMI 
2026-05-06 11:53:58 DEBUG key -> redis.maxIdle, value -> 300 
2026-05-06 11:54:00 INFO  {dataSource-1} inited
2026-05-06 11:54:00 INFO  Loaded JDBC driver: com.mysql.jdbc.Driver
2026-05-06 11:54:01 ERROR LogicRmiManager::publish rmi service url: {} rmi://localhost:17005/crossRankLogicRMI 
2026-05-06 11:54:14 ERROR ContinuityParameter {1={"actId":1,"startTime":1504299600,"endTime":1504904400,"closeTime":0}, 2={"actId":2,"startTime":1504558800,"endTime":1505163600,"closeTime":0}, 3={"actId":3,"startTime":1551733200,"endTime":1552337999,"closeTime":0}} 
2026-05-06 11:54:14 DEBUG {conn-10004, pstmt-20016} enter cache
2026-05-06 11:54:14 DEBUG {conn-10004, pstmt-20017} enter cache
2026-05-06 11:54:14 ERROR update group Pre:update tb_group set id=10001000000 + id where id != 0 and id<=10001000000; 
2026-05-06 11:54:14 ERROR update groupMember Pre:update tb_groupMember set id=10001000000 + id where id != 0 and id<=10001000000; 
2026-05-06 11:54:14 DEBUG server open days: 3169, rankAct id: 8, state: Expire 
2026-05-06 11:54:14 DEBUG server open days: 3169, rankAct id: 9, state: Expire 
2026-05-06 11:54:14 DEBUG server open days: 3169, rankAct id: 10, state: Expire 
2026-05-06 11:54:14 DEBUG server open days: 3169, rankAct id: 11, state: Expire 
2026-05-06 11:54:14 DEBUG server open days: 3169, rankAct id: 12, state: Expire 
2026-05-06 11:54:14 DEBUG server open days: 3169, rankAct id: 13, state: Expire 
2026-05-06 11:54:14 DEBUG server open days: 3169, rankAct id: 14, state: Expire 
2026-05-06 11:54:15 WARN  Unknown channel option 'SO_KEEPALIVE' for channel '[id: 0x606966df]'
2026-05-06 11:54:15 WARN  Unknown channel option 'SO_KEEPALIVE' for channel '[id: 0xd92240ff]'
2026-05-06 11:54:15 INFO  Using default implementation for ThreadExecutor
2026-05-06 11:54:15 INFO  Initialized Scheduler Signaller of type: class org.quartz.core.SchedulerSignalerImpl
2026-05-06 11:54:15 INFO  Quartz Scheduler v.1.8.6 created.
2026-05-06 11:54:15 INFO  Registering Quartz Job Initialization Plug-in.
2026-05-06 11:54:15 INFO  RAMJobStore initialized.
2026-05-06 11:54:15 INFO  Scheduler meta-data: Quartz Scheduler (v1.8.6) 'AUTO' with instanceId 'NON_CLUSTERED'
  Scheduler class: 'org.quartz.core.QuartzScheduler' - running locally.
  NOT STARTED.
  Currently in standby mode.
  Number of jobs executed: 0
  Using thread pool 'org.quartz.simpl.SimpleThreadPool' - with 5 threads.
  Using job-store 'org.quartz.simpl.RAMJobStore' - which does not support persistence. and is not clustered.

2026-05-06 11:54:15 INFO  Quartz scheduler 'AUTO' initialized from default resource file in Quartz package: 'quartz.properties'
2026-05-06 11:54:15 INFO  Quartz scheduler version: 1.8.6
2026-05-06 11:54:15 DEBUG Utilizing schema packaged in local quartz distribution jar.
2026-05-06 11:54:15 INFO  Parsing XML file: quartz_jobs.xml with systemId: quartz_jobs.xml
2026-05-06 11:54:15 DEBUG Found 0 delete job group commands.
2026-05-06 11:54:15 DEBUG Found 0 delete trigger group commands.
2026-05-06 11:54:15 DEBUG Found 0 delete job commands.
2026-05-06 11:54:15 DEBUG Found 0 delete trigger commands.
2026-05-06 11:54:15 DEBUG Directive 'overwrite-existing-data' not specified, defaulting to true
2026-05-06 11:54:15 DEBUG Directive 'ignore-duplicates' not specified, defaulting to false
2026-05-06 11:54:15 DEBUG Found 1 job definitions.
2026-05-06 11:54:15 DEBUG Parsed job definition: JobDetail 'AUTO.JOBS':  jobClass: 'com.linlongyx.sanguo.webgame.quartz.QuartzJob isStateful: false isVolatile: false isDurable: false requestsRecovers: false
2026-05-06 11:54:15 DEBUG Found 11 trigger definitions.
2026-05-06 11:54:15 DEBUG Parsed trigger definition: Trigger 'DEFAULT.10000':  triggerClass: 'org.quartz.CronTrigger isVolatile: false calendar: 'null' misfireInstruction: 0 nextFireTime: null
2026-05-06 11:54:15 DEBUG Parsed trigger definition: Trigger 'DEFAULT.10001':  triggerClass: 'org.quartz.CronTrigger isVolatile: false calendar: 'null' misfireInstruction: 0 nextFireTime: null
2026-05-06 11:54:15 DEBUG Parsed trigger definition: Trigger 'DEFAULT.10002':  triggerClass: 'org.quartz.CronTrigger isVolatile: false calendar: 'null' misfireInstruction: 0 nextFireTime: null
2026-05-06 11:54:15 DEBUG Parsed trigger definition: Trigger 'DEFAULT.10010':  triggerClass: 'org.quartz.CronTrigger isVolatile: false calendar: 'null' misfireInstruction: 0 nextFireTime: null
2026-05-06 11:54:15 DEBUG Parsed trigger definition: Trigger 'DEFAULT.10011':  triggerClass: 'org.quartz.CronTrigger isVolatile: false calendar: 'null' misfireInstruction: 0 nextFireTime: null
2026-05-06 11:54:15 DEBUG Parsed trigger definition: Trigger 'DEFAULT.10012':  triggerClass: 'org.quartz.CronTrigger isVolatile: false calendar: 'null' misfireInstruction: 0 nextFireTime: null
2026-05-06 11:54:15 DEBUG Parsed trigger definition: Trigger 'DEFAULT.20001':  triggerClass: 'org.quartz.CronTrigger isVolatile: false calendar: 'null' misfireInstruction: 0 nextFireTime: null
2026-05-06 11:54:15 DEBUG Parsed trigger definition: Trigger 'DEFAULT.20003':  triggerClass: 'org.quartz.CronTrigger isVolatile: false calendar: 'null' misfireInstruction: 0 nextFireTime: null
2026-05-06 11:54:15 DEBUG Parsed trigger definition: Trigger 'DEFAULT.20004':  triggerClass: 'org.quartz.CronTrigger isVolatile: false calendar: 'null' misfireInstruction: 0 nextFireTime: null
2026-05-06 11:54:15 DEBUG Parsed trigger definition: Trigger 'DEFAULT.20005':  triggerClass: 'org.quartz.CronTrigger isVolatile: false calendar: 'null' misfireInstruction: 0 nextFireTime: null
2026-05-06 11:54:15 DEBUG Parsed trigger definition: Trigger 'DEFAULT.20006':  triggerClass: 'org.quartz.CronTrigger isVolatile: false calendar: 'null' misfireInstruction: 0 nextFireTime: null
2026-05-06 11:54:15 INFO  Adding 1 jobs, 11 triggers.
2026-05-06 11:54:15 INFO  Adding job: AUTO.JOBS
2026-05-06 11:54:15 DEBUG Scheduling job: AUTO.JOBS with trigger: DEFAULT.10000
2026-05-06 11:54:15 DEBUG Scheduling job: AUTO.JOBS with trigger: DEFAULT.10001
2026-05-06 11:54:15 DEBUG Scheduling job: AUTO.JOBS with trigger: DEFAULT.10002
2026-05-06 11:54:15 DEBUG Scheduling job: AUTO.JOBS with trigger: DEFAULT.10010
2026-05-06 11:54:15 DEBUG Scheduling job: AUTO.JOBS with trigger: DEFAULT.10011
2026-05-06 11:54:15 DEBUG Scheduling job: AUTO.JOBS with trigger: DEFAULT.10012
2026-05-06 11:54:15 DEBUG Scheduling job: AUTO.JOBS with trigger: DEFAULT.20001
2026-05-06 11:54:15 DEBUG Scheduling job: AUTO.JOBS with trigger: DEFAULT.20003
2026-05-06 11:54:15 DEBUG Scheduling job: AUTO.JOBS with trigger: DEFAULT.20004
2026-05-06 11:54:15 DEBUG Scheduling job: AUTO.JOBS with trigger: DEFAULT.20005
2026-05-06 11:54:15 DEBUG Scheduling job: AUTO.JOBS with trigger: DEFAULT.20006
2026-05-06 11:54:15 INFO  Scheduler AUTO_$_NON_CLUSTERED started.
2026-05-06 11:54:15 DEBUG Reading descriptors ( dom ) 19
2026-05-06 11:54:15 DEBUG Using existing MBeanServer 0
2026-05-06 11:54:15 DEBUG default constructor
2026-05-06 11:54:15 DEBUG preRegister com.linlongyx.sanguo.webgame.service.LookUpService@77cf3f8b onlineNum:Click=ShowDetail
2026-05-06 11:54:15 DEBUG default constructor
2026-05-06 11:54:15 DEBUG preRegister com.linlongyx.sanguo.webgame.service.JsonTableService@1df98368 reload:Click=reloadJson
2026-05-06 11:54:15 DEBUG default constructor
2026-05-06 11:54:15 DEBUG preRegister com.linlongyx.core.utils.ChatUtil@21ca139c reload:Click=reloadSensitive
2026-05-06 11:54:15 ERROR Started version:  110000 
2026-05-06 11:54:16 DEBUG Checking for available updated version of Quartz...
2026-05-06 11:54:16 DEBUG Quartz version update check failed: Server returned HTTP response code: 403 for URL: http://www.terracotta.org/kit/reflector?kitID=quartz&pageID=update.properties&id=-1442953116&os-name=Windows+10&jvm-name=Java+HotSpot%28TM%29+64-Bit+Server+VM&jvm-version=1.8.0_181&platform=amd64&tc-version=1.8.6&tc-product=Quartz&source=Quartz&uptime-secs=1&patch=UNKNOWN
2026-05-06 11:54:30 DEBUG Producing instance of Job 'AUTO.JOBS', class=com.linlongyx.sanguo.webgame.quartz.QuartzJob
2026-05-06 11:54:30 DEBUG Calling execute on job AUTO.JOBS
2026-05-06 11:54:30 INFO  触发cmd：20005
2026-05-06 11:55:00 DEBUG Producing instance of Job 'AUTO.JOBS', class=com.linlongyx.sanguo.webgame.quartz.QuartzJob
2026-05-06 11:55:00 DEBUG Calling execute on job AUTO.JOBS
2026-05-06 11:55:00 DEBUG Producing instance of Job 'AUTO.JOBS', class=com.linlongyx.sanguo.webgame.quartz.QuartzJob
2026-05-06 11:55:00 DEBUG Calling execute on job AUTO.JOBS
2026-05-06 11:55:00 ERROR destiny rank refresh 
2026-05-06 11:55:00 INFO  触发cmd：20003
2026-05-06 11:55:00 INFO  触发cmd：20005
2026-05-06 11:55:30 DEBUG Producing instance of Job 'AUTO.JOBS', class=com.linlongyx.sanguo.webgame.quartz.QuartzJob
2026-05-06 11:55:30 DEBUG Calling execute on job AUTO.JOBS
2026-05-06 11:55:30 INFO  触发cmd：20005
2026-05-06 11:55:54 ERROR rankBossTimeOut 1001 
2026-05-06 11:56:00 DEBUG Producing instance of Job 'AUTO.JOBS', class=com.linlongyx.sanguo.webgame.quartz.QuartzJob
2026-05-06 11:56:00 DEBUG Calling execute on job AUTO.JOBS
2026-05-06 11:56:00 INFO  触发cmd：20005
2026-05-06 11:56:30 DEBUG Producing instance of Job 'AUTO.JOBS', class=com.linlongyx.sanguo.webgame.quartz.QuartzJob
2026-05-06 11:56:30 DEBUG Calling execute on job AUTO.JOBS
2026-05-06 11:56:30 INFO  触发cmd：20005
2026-05-06 11:56:54 ERROR rankBossReBorn 1001 
2026-05-06 11:57:00 DEBUG Producing instance of Job 'AUTO.JOBS', class=com.linlongyx.sanguo.webgame.quartz.QuartzJob
2026-05-06 11:57:00 DEBUG Calling execute on job AUTO.JOBS
2026-05-06 11:57:00 INFO  触发cmd：20005
2026-05-06 11:57:30 DEBUG Producing instance of Job 'AUTO.JOBS', class=com.linlongyx.sanguo.webgame.quartz.QuartzJob
2026-05-06 11:57:30 DEBUG Calling execute on job AUTO.JOBS
2026-05-06 11:57:30 INFO  触发cmd：20005
2026-05-06 11:57:34 ERROR rankBossTimeOut 1002 
2026-05-06 11:58:00 DEBUG Producing instance of Job 'AUTO.JOBS', class=com.linlongyx.sanguo.webgame.quartz.QuartzJob
2026-05-06 11:58:00 DEBUG Calling execute on job AUTO.JOBS
2026-05-06 11:58:00 INFO  触发cmd：20005
2026-05-06 11:58:30 DEBUG Producing instance of Job 'AUTO.JOBS', class=com.linlongyx.sanguo.webgame.quartz.QuartzJob
2026-05-06 11:58:30 DEBUG Calling execute on job AUTO.JOBS
2026-05-06 11:58:30 INFO  触发cmd：20005
2026-05-06 11:58:34 ERROR rankBossTimeOut 1001 
2026-05-06 11:59:00 DEBUG Producing instance of Job 'AUTO.JOBS', class=com.linlongyx.sanguo.webgame.quartz.QuartzJob
2026-05-06 11:59:00 DEBUG Calling execute on job AUTO.JOBS
2026-05-06 11:59:00 INFO  触发cmd：20005
2026-05-06 11:59:14 ERROR rankBossTimeOut 1003 
2026-05-06 11:59:14 ERROR rankBossTimeOut 1003 
2026-05-06 11:59:30 DEBUG Producing instance of Job 'AUTO.JOBS', class=com.linlongyx.sanguo.webgame.quartz.QuartzJob
2026-05-06 11:59:30 DEBUG Calling execute on job AUTO.JOBS
2026-05-06 11:59:30 INFO  触发cmd：20005
2026-05-06 11:59:34 ERROR rankBossReBorn 1001 
2026-05-06 12:00:00 DEBUG Producing instance of Job 'AUTO.JOBS', class=com.linlongyx.sanguo.webgame.quartz.QuartzJob
2026-05-06 12:00:00 DEBUG Calling execute on job AUTO.JOBS
2026-05-06 12:00:00 DEBUG Producing instance of Job 'AUTO.JOBS', class=com.linlongyx.sanguo.webgame.quartz.QuartzJob
2026-05-06 12:00:00 DEBUG Producing instance of Job 'AUTO.JOBS', class=com.linlongyx.sanguo.webgame.quartz.QuartzJob
2026-05-06 12:00:00 ERROR destiny rank refresh 
2026-05-06 12:00:00 DEBUG Calling execute on job AUTO.JOBS
2026-05-06 12:00:00 DEBUG Calling execute on job AUTO.JOBS
2026-05-06 12:00:00 DEBUG Producing instance of Job 'AUTO.JOBS', class=com.linlongyx.sanguo.webgame.quartz.QuartzJob
2026-05-06 12:00:00 INFO  触发cmd：20001
2026-05-06 12:00:00 INFO  HttpSender.socket：127.0.0.1:19202 GET /?cmd=10010&signature=da17f04de701f635f23cdfa3f23bbee5 HTTP/1.1

2026-05-06 12:00:00 INFO  触发cmd：10010
2026-05-06 12:00:00 DEBUG Producing instance of Job 'AUTO.JOBS', class=com.linlongyx.sanguo.webgame.quartz.QuartzJob
2026-05-06 12:00:00 DEBUG Producing instance of Job 'AUTO.JOBS', class=com.linlongyx.sanguo.webgame.quartz.QuartzJob
2026-05-06 12:00:00 DEBUG Calling execute on job AUTO.JOBS
2026-05-06 12:00:00 DEBUG Calling execute on job AUTO.JOBS
2026-05-06 12:00:00 DEBUG Calling execute on job AUTO.JOBS
2026-05-06 12:00:00 INFO  HttpSender.socket：127.0.0.1:19202 GET /?cmd=10012&signature=c18c989c08dea6f64754a0d42eb61183 HTTP/1.1

2026-05-06 12:00:00 INFO  触发cmd：10012
2026-05-06 12:00:00 INFO  触发cmd：20003
2026-05-06 12:00:00 INFO  触发cmd：20005
2026-05-06 12:00:00 INFO  触发cmd：20006
2026-05-06 12:00:00 INFO  HttpServerHandler.channelRead0:cmd=10012,signature=c18c989c08dea6f64754a0d42eb61183,
2026-05-06 12:00:00 INFO  HttpServerHandler.channelRead0:cmd=10010,signature=da17f04de701f635f23cdfa3f23bbee5,
2026-05-06 12:00:00 INFO  ProcessingHttpEvents.trigger.income.cmd:10012 method:
2026-05-06 12:00:00 INFO  ProcessingHttpEvents.trigger.income.cmd:10010 method:
2026-05-06 12:00:00 DEBUG skip not validate connection.
2026-05-06 12:00:00 DEBUG skip not validate connection.
2026-05-06 12:00:01 DEBUG ProcessingHttpEvents.trigger.cmd:10012 method: spendTime:114 p:{cmd=[10012], signature=[c18c989c08dea6f64754a0d42eb61183]}
2026-05-06 12:00:01 DEBUG world boss open 20260506 
2026-05-06 12:00:01 DEBUG ProcessingHttpEvents.trigger.cmd:10010 method: spendTime:256 p:{cmd=[10010], signature=[da17f04de701f635f23cdfa3f23bbee5]}
2026-05-06 12:00:04 ERROR rankBossReBorn 1002 
2026-05-06 12:00:30 DEBUG Producing instance of Job 'AUTO.JOBS', class=com.linlongyx.sanguo.webgame.quartz.QuartzJob
2026-05-06 12:00:30 DEBUG Calling execute on job AUTO.JOBS
2026-05-06 12:00:30 INFO  触发cmd：20005
2026-05-06 12:01:00 DEBUG Producing instance of Job 'AUTO.JOBS', class=com.linlongyx.sanguo.webgame.quartz.QuartzJob
2026-05-06 12:01:00 DEBUG Calling execute on job AUTO.JOBS
2026-05-06 12:01:00 INFO  触发cmd：20005
2026-05-06 12:01:14 ERROR rankBossTimeOut 1001 
2026-05-06 12:01:30 DEBUG Producing instance of Job 'AUTO.JOBS', class=com.linlongyx.sanguo.webgame.quartz.QuartzJob
2026-05-06 12:01:30 DEBUG Calling execute on job AUTO.JOBS
2026-05-06 12:01:30 INFO  触发cmd：20005
2026-05-06 12:02:00 DEBUG Producing instance of Job 'AUTO.JOBS', class=com.linlongyx.sanguo.webgame.quartz.QuartzJob
2026-05-06 12:02:00 DEBUG Calling execute on job AUTO.JOBS
2026-05-06 12:02:00 INFO  触发cmd：20005
2026-05-06 12:02:14 ERROR rankBossReBorn 1001 
2026-05-06 12:02:30 DEBUG Producing instance of Job 'AUTO.JOBS', class=com.linlongyx.sanguo.webgame.quartz.QuartzJob
2026-05-06 12:02:30 DEBUG Calling execute on job AUTO.JOBS
2026-05-06 12:02:30 INFO  触发cmd：20005
2026-05-06 12:02:34 ERROR rankBossReBorn 1003 
2026-05-06 12:02:34 ERROR rankBossTimeOut 1004 
2026-05-06 12:03:00 DEBUG Producing instance of Job 'AUTO.JOBS', class=com.linlongyx.sanguo.webgame.quartz.QuartzJob
2026-05-06 12:03:00 DEBUG Calling execute on job AUTO.JOBS
2026-05-06 12:03:00 INFO  触发cmd：20005
2026-05-06 12:03:24 ERROR rankBossTimeOut 1002 
2026-05-06 12:03:24 ERROR rankBossTimeOut 1002 
2026-05-06 12:03:30 DEBUG Producing instance of Job 'AUTO.JOBS', class=com.linlongyx.sanguo.webgame.quartz.QuartzJob
2026-05-06 12:03:30 DEBUG Calling execute on job AUTO.JOBS
2026-05-06 12:03:30 INFO  触发cmd：20005
2026-05-06 12:03:54 ERROR rankBossTimeOut 1001 
2026-05-06 12:04:00 DEBUG Producing instance of Job 'AUTO.JOBS', class=com.linlongyx.sanguo.webgame.quartz.QuartzJob
2026-05-06 12:04:00 DEBUG Calling execute on job AUTO.JOBS
2026-05-06 12:04:00 INFO  触发cmd：20005
2026-05-06 12:04:30 DEBUG Producing instance of Job 'AUTO.JOBS', class=com.linlongyx.sanguo.webgame.quartz.QuartzJob
2026-05-06 12:04:30 DEBUG Calling execute on job AUTO.JOBS
2026-05-06 12:04:30 INFO  触发cmd：20005
2026-05-06 12:04:54 ERROR rankBossReBorn 1001 
2026-05-06 12:05:00 DEBUG Producing instance of Job 'AUTO.JOBS', class=com.linlongyx.sanguo.webgame.quartz.QuartzJob
2026-05-06 12:05:00 DEBUG Calling execute on job AUTO.JOBS
2026-05-06 12:05:00 DEBUG Producing instance of Job 'AUTO.JOBS', class=com.linlongyx.sanguo.webgame.quartz.QuartzJob
2026-05-06 12:05:00 DEBUG Calling execute on job AUTO.JOBS
2026-05-06 12:05:00 INFO  触发cmd：20003
2026-05-06 12:05:00 INFO  触发cmd：20005
2026-05-06 12:05:00 ERROR destiny rank refresh 
2026-05-06 12:05:30 DEBUG Producing instance of Job 'AUTO.JOBS', class=com.linlongyx.sanguo.webgame.quartz.QuartzJob
2026-05-06 12:05:30 DEBUG Calling execute on job AUTO.JOBS
2026-05-06 12:05:30 INFO  触发cmd：20005
2026-05-06 12:05:54 ERROR rankBossReBorn 1002 
2026-05-06 12:05:54 ERROR rankBossTimeOut 1005 
2026-05-06 12:06:00 DEBUG Producing instance of Job 'AUTO.JOBS', class=com.linlongyx.sanguo.webgame.quartz.QuartzJob
2026-05-06 12:06:00 DEBUG Calling execute on job AUTO.JOBS
2026-05-06 12:06:00 INFO  触发cmd：20005
2026-05-06 12:06:00 INFO  Loading XML bean definitions from class path resource [org/springframework/jdbc/support/sql-error-codes.xml]
2026-05-06 12:06:00 INFO  SQLErrorCodes loaded: [DB2, Derby, H2, HSQL, Informix, MS-SQL, MySQL, Oracle, PostgreSQL, Sybase, Hana]
2026-05-06 12:06:00 DEBUG skip not validate connection.
2026-05-06 12:06:00 DEBUG skip not validate connection.
2026-05-06 12:06:00 DEBUG skip not validate connection.
2026-05-06 12:06:05 ERROR create connection error, url: jdbc:mysql://localhost:3306/sanguo_game2?useUnicode=true&characterEncoding=utf8, errorCode 0, state 08S01
com.mysql.jdbc.exceptions.jdbc4.CommunicationsException: Communications link failure

The last packet sent successfully to the server was 0 milliseconds ago. The driver has not received any packets from the server.
	at sun.reflect.NativeConstructorAccessorImpl.newInstance0(Native Method)
	at sun.reflect.NativeConstructorAccessorImpl.newInstance(NativeConstructorAccessorImpl.java:62)
	at sun.reflect.DelegatingConstructorAccessorImpl.newInstance(DelegatingConstructorAccessorImpl.java:45)
	at java.lang.reflect.Constructor.newInstance(Constructor.java:423)
	at com.mysql.jdbc.Util.handleNewInstance(Util.java:377)
	at com.mysql.jdbc.SQLError.createCommunicationsException(SQLError.java:1036)
	at com.mysql.jdbc.MysqlIO.<init>(MysqlIO.java:338)
	at com.mysql.jdbc.ConnectionImpl.coreConnect(ConnectionImpl.java:2232)
	at com.mysql.jdbc.ConnectionImpl.connectOneTryOnly(ConnectionImpl.java:2265)
	at com.mysql.jdbc.ConnectionImpl.createNewIO(ConnectionImpl.java:2064)
	at com.mysql.jdbc.ConnectionImpl.<init>(ConnectionImpl.java:790)
	at com.mysql.jdbc.JDBC4Connection.<init>(JDBC4Connection.java:44)
	at sun.reflect.NativeConstructorAccessorImpl.newInstance0(Native Method)
	at sun.reflect.NativeConstructorAccessorImpl.newInstance(NativeConstructorAccessorImpl.java:62)
	at sun.reflect.DelegatingConstructorAccessorImpl.newInstance(DelegatingConstructorAccessorImpl.java:45)
	at java.lang.reflect.Constructor.newInstance(Constructor.java:423)
	at com.mysql.jdbc.Util.handleNewInstance(Util.java:377)
	at com.mysql.jdbc.ConnectionImpl.getInstance(ConnectionImpl.java:395)
	at com.mysql.jdbc.NonRegisteringDriver.connect(NonRegisteringDriver.java:325)
	at com.alibaba.druid.filter.FilterChainImpl.connection_connect(FilterChainImpl.java:148)
	at com.alibaba.druid.filter.stat.StatFilter.connection_connect(StatFilter.java:220)
	at com.alibaba.druid.filter.FilterChainImpl.connection_connect(FilterChainImpl.java:142)
	at com.alibaba.druid.pool.DruidAbstractDataSource.createPhysicalConnection(DruidAbstractDataSource.java:1463)
	at com.alibaba.druid.pool.DruidAbstractDataSource.createPhysicalConnection(DruidAbstractDataSource.java:1525)
	at com.alibaba.druid.pool.DruidDataSource$CreateConnectionThread.run(DruidDataSource.java:2100)
Caused by: java.net.ConnectException: Connection refused: connect
	at java.net.DualStackPlainSocketImpl.connect0(Native Method)
	at java.net.DualStackPlainSocketImpl.socketConnect(DualStackPlainSocketImpl.java:79)
	at java.net.AbstractPlainSocketImpl.doConnect(AbstractPlainSocketImpl.java:350)
	at java.net.AbstractPlainSocketImpl.connectToAddress(AbstractPlainSocketImpl.java:206)
	at java.net.AbstractPlainSocketImpl.connect(AbstractPlainSocketImpl.java:188)
	at java.net.PlainSocketImpl.connect(PlainSocketImpl.java:172)
	at java.net.SocksSocketImpl.connect(SocksSocketImpl.java:392)
	at java.net.Socket.connect(Socket.java:589)
	at com.mysql.jdbc.StandardSocketFactory.connect(StandardSocketFactory.java:213)
	at com.mysql.jdbc.MysqlIO.<init>(MysqlIO.java:297)
	... 18 more
2026-05-06 12:06:09 ERROR create connection error, url: jdbc:mysql://localhost:3306/sanguo_game2?useUnicode=true&characterEncoding=utf8, errorCode 0, state 08S01
com.mysql.jdbc.exceptions.jdbc4.CommunicationsException: Communications link failure

The last packet sent successfully to the server was 0 milliseconds ago. The driver has not received any packets from the server.
	at sun.reflect.NativeConstructorAccessorImpl.newInstance0(Native Method)
	at sun.reflect.NativeConstructorAccessorImpl.newInstance(NativeConstructorAccessorImpl.java:62)
	at sun.reflect.DelegatingConstructorAccessorImpl.newInstance(DelegatingConstructorAccessorImpl.java:45)
	at java.lang.reflect.Constructor.newInstance(Constructor.java:423)
	at com.mysql.jdbc.Util.handleNewInstance(Util.java:377)
	at com.mysql.jdbc.SQLError.createCommunicationsException(SQLError.java:1036)
	at com.mysql.jdbc.MysqlIO.<init>(MysqlIO.java:338)
	at com.mysql.jdbc.ConnectionImpl.coreConnect(ConnectionImpl.java:2232)
	at com.mysql.jdbc.ConnectionImpl.connectOneTryOnly(ConnectionImpl.java:2265)
	at com.mysql.jdbc.ConnectionImpl.createNewIO(ConnectionImpl.java:2064)
	at com.mysql.jdbc.ConnectionImpl.<init>(ConnectionImpl.java:790)
	at com.mysql.jdbc.JDBC4Connection.<init>(JDBC4Connection.java:44)
	at sun.reflect.NativeConstructorAccessorImpl.newInstance0(Native Method)
	at sun.reflect.NativeConstructorAccessorImpl.newInstance(NativeConstructorAccessorImpl.java:62)
	at sun.reflect.DelegatingConstructorAccessorImpl.newInstance(DelegatingConstructorAccessorImpl.java:45)
	at java.lang.reflect.Constructor.newInstance(Constructor.java:423)
	at com.mysql.jdbc.Util.handleNewInstance(Util.java:377)
	at com.mysql.jdbc.ConnectionImpl.getInstance(ConnectionImpl.java:395)
	at com.mysql.jdbc.NonRegisteringDriver.connect(NonRegisteringDriver.java:325)
	at com.alibaba.druid.filter.FilterChainImpl.connection_connect(FilterChainImpl.java:148)
	at com.alibaba.druid.filter.stat.StatFilter.connection_connect(StatFilter.java:220)
	at com.alibaba.druid.filter.FilterChainImpl.connection_connect(FilterChainImpl.java:142)
	at com.alibaba.druid.pool.DruidAbstractDataSource.createPhysicalConnection(DruidAbstractDataSource.java:1463)
	at com.alibaba.druid.pool.DruidAbstractDataSource.createPhysicalConnection(DruidAbstractDataSource.java:1525)
	at com.alibaba.druid.pool.DruidDataSource$CreateConnectionThread.run(DruidDataSource.java:2100)
Caused by: java.net.ConnectException: Connection refused: connect
	at java.net.DualStackPlainSocketImpl.connect0(Native Method)
	at java.net.DualStackPlainSocketImpl.socketConnect(DualStackPlainSocketImpl.java:79)
	at java.net.AbstractPlainSocketImpl.doConnect(AbstractPlainSocketImpl.java:350)
	at java.net.AbstractPlainSocketImpl.connectToAddress(AbstractPlainSocketImpl.java:206)
	at java.net.AbstractPlainSocketImpl.connect(AbstractPlainSocketImpl.java:188)
	at java.net.PlainSocketImpl.connect(PlainSocketImpl.java:172)
	at java.net.SocksSocketImpl.connect(SocksSocketImpl.java:392)
	at java.net.Socket.connect(Socket.java:589)
	at com.mysql.jdbc.StandardSocketFactory.connect(StandardSocketFactory.java:213)
	at com.mysql.jdbc.MysqlIO.<init>(MysqlIO.java:297)
	... 18 more
