2026-05-06 10:07:51 INFO  Refreshing org.springframework.context.annotation.AnnotationConfigApplicationContext@3abfe836: startup date [Wed May 06 10:07:51 EET 2026]; root of context hierarchy
2026-05-06 10:07:51 INFO  Loading XML bean definitions from class path resource [webgame/beans/server-beans.xml]
2026-05-06 10:07:51 INFO  Loading XML bean definitions from class path resource [webgame/beans/mysql-beans.xml]
2026-05-06 10:07:51 INFO  Loading XML bean definitions from class path resource [webgame/beans/service-beans.xml]
2026-05-06 10:07:51 INFO  Loading XML bean definitions from class path resource [webgame/beans/mysql-beans.xml]
2026-05-06 10:07:51 INFO  Loading XML bean definitions from class path resource [webgame/beans/data-beans.xml]
2026-05-06 10:07:52 INFO  Loading properties file from class path resource [webgame/props/webgame.properties]
2026-05-06 10:07:52 INFO  Loading properties file from class path resource [webgame/props/mysql.properties]
2026-05-06 10:07:52 INFO  Loading properties file from class path resource [webgame/props/redis.properties]
2026-05-06 10:07:52 INFO  Loading properties file from class path resource [version.properties]
2026-05-06 10:07:52 DEBUG 加载配置文件 
2026-05-06 10:07:52 DEBUG key -> platform, value -> test 
2026-05-06 10:07:52 DEBUG key -> businessThreadCount, value -> 10 
2026-05-06 10:07:52 DEBUG key -> svn, value -> 32883 
2026-05-06 10:07:52 DEBUG key -> jdbc.url, value -> jdbc:mysql://localhost:3306/sanguo_game?useUnicode=true&characterEncoding=utf8 
2026-05-06 10:07:52 DEBUG key -> secretKey, value -> 5Jqxjo10Yl2ElQCwJm 
2026-05-06 10:07:52 DEBUG key -> so.backlog, value -> 128 
2026-05-06 10:07:52 DEBUG key -> url, value -> http://localhost 
2026-05-06 10:07:52 DEBUG key -> redis.testOnBorrow, value -> true 
2026-05-06 10:07:52 DEBUG key -> serverId, value -> 10000 
2026-05-06 10:07:52 DEBUG key -> redis.maxTotal, value -> 600 
2026-05-06 10:07:52 DEBUG key -> serverName, value -> å°æ¸¸æ1æ 
2026-05-06 10:07:52 DEBUG key -> logserver.isOpen, value -> false 
2026-05-06 10:07:52 DEBUG key -> redis.port, value -> 6379 
2026-05-06 10:07:52 DEBUG key -> jmxPort, value -> 19301 
2026-05-06 10:07:52 DEBUG key -> redis.db, value -> 13 
2026-05-06 10:07:52 DEBUG key -> redis.timeout, value -> 5000 
2026-05-06 10:07:52 DEBUG key -> logserver.port, value -> 6000 
2026-05-06 10:07:52 DEBUG key -> jdbc.user, value -> root 
2026-05-06 10:07:52 DEBUG key -> keystorePass, value ->  
2026-05-06 10:07:52 DEBUG key -> characterEncoding, value -> UTF-8 
2026-05-06 10:07:52 DEBUG key -> logicRmi.port, value -> 17003 
2026-05-06 10:07:52 DEBUG key -> debug, value -> true 
2026-05-06 10:07:52 DEBUG key -> wss, value -> false 
2026-05-06 10:07:52 DEBUG key -> dataLocation, value -> cn 
2026-05-06 10:07:52 DEBUG key -> useUnicode, value -> true 
2026-05-06 10:07:52 DEBUG key -> redis.pass, value -> e5968b5bd4f916e4 
2026-05-06 10:07:52 DEBUG key -> jmxPass, value -> g6UoONwr6joi1ApG 
2026-05-06 10:07:52 DEBUG key -> appId, value -> 100962 
2026-05-06 10:07:52 DEBUG key -> jks, value -> localhost 
2026-05-06 10:07:52 DEBUG key -> so.keepalive, value -> true 
2026-05-06 10:07:52 DEBUG key -> http.port, value -> 19201 
2026-05-06 10:07:52 DEBUG key -> jdbc.driverClassName, value -> com.mysql.jdbc.Driver 
2026-05-06 10:07:52 DEBUG key -> cchId, value -> 392 
2026-05-06 10:07:52 DEBUG key -> workerThreadCount, value -> 14 
2026-05-06 10:07:52 DEBUG key -> bossThreadCount, value -> 1 
2026-05-06 10:07:52 DEBUG key -> redis.host, value -> localhost 
2026-05-06 10:07:52 DEBUG key -> logserver.host, value -> localhost 
2026-05-06 10:07:52 DEBUG key -> openTime, value -> 2017-09-02 00:00:00 
2026-05-06 10:07:52 DEBUG key -> logserver.dataPath, value -> ./log 
2026-05-06 10:07:52 DEBUG key -> wordLocation, value -> cn 
2026-05-06 10:07:52 DEBUG key -> ws.port, value -> 19101 
2026-05-06 10:07:52 DEBUG key -> jdbc.password, value -> EghgTJGqPmZ9RQiW 
2026-05-06 10:07:52 DEBUG key -> logicRmi.cmport, value -> 17004 
2026-05-06 10:07:52 DEBUG key -> path, value -> webgame/platform/ 
2026-05-06 10:07:52 DEBUG key -> rmi.url, value -> rmi://localhost:19850/crossRankRMI 
2026-05-06 10:07:52 DEBUG key -> tag, value -> 24b0d14d02f7970e270d2b70dfab4ea62fc2390a 
2026-05-06 10:07:52 DEBUG key -> logicRmi.host, value -> localhost 
2026-05-06 10:07:52 DEBUG key -> jmxName, value -> llyx-sanguo 
2026-05-06 10:07:52 DEBUG key -> crossUrl, value -> ws://localhost 
2026-05-06 10:07:52 DEBUG key -> redis.maxWait, value -> 10000 
2026-05-06 10:07:52 DEBUG key -> version, value -> 1.1000 
2026-05-06 10:07:52 DEBUG key -> httpSwitch, value -> false 
2026-05-06 10:07:52 DEBUG key -> ws, value -> true 
2026-05-06 10:07:52 DEBUG key -> logicRmi.serviceName, value -> crossRankLogicRMI 
2026-05-06 10:07:52 DEBUG key -> redis.maxIdle, value -> 300 
2026-05-06 10:07:57 ERROR init datasource error, url: jdbc:mysql://localhost:3306/sanguo_game?useUnicode=true&characterEncoding=utf8
com.mysql.jdbc.exceptions.jdbc4.CommunicationsException: Communications link failure

The last packet sent successfully to the server was 0 milliseconds ago. The driver has not received any packets from the server.
	at sun.reflect.NativeConstructorAccessorImpl.newInstance0(Native Method)
	at sun.reflect.NativeConstructorAccessorImpl.newInstance(NativeConstructorAccessorImpl.java:62)
	at sun.reflect.DelegatingConstructorAccessorImpl.newInstance(DelegatingConstructorAccessorImpl.java:45)
	at java.lang.reflect.Constructor.newInstance(Constructor.java:423)
	at com.mysql.jdbc.Util.handleNewInstance(Util.java:377)
	at com.mysql.jdbc.SQLError.createCommunicationsException(SQLError.java:1036)
	at com.mysql.jdbc.MysqlIO.<init>(MysqlIO.java:338)
	at com.mysql.jdbc.ConnectionImpl.coreConnect(ConnectionImpl.java:2232)
	at com.mysql.jdbc.ConnectionImpl.connectOneTryOnly(ConnectionImpl.java:2265)
	at com.mysql.jdbc.ConnectionImpl.createNewIO(ConnectionImpl.java:2064)
	at com.mysql.jdbc.ConnectionImpl.<init>(ConnectionImpl.java:790)
	at com.mysql.jdbc.JDBC4Connection.<init>(JDBC4Connection.java:44)
	at sun.reflect.NativeConstructorAccessorImpl.newInstance0(Native Method)
	at sun.reflect.NativeConstructorAccessorImpl.newInstance(NativeConstructorAccessorImpl.java:62)
	at sun.reflect.DelegatingConstructorAccessorImpl.newInstance(DelegatingConstructorAccessorImpl.java:45)
	at java.lang.reflect.Constructor.newInstance(Constructor.java:423)
	at com.mysql.jdbc.Util.handleNewInstance(Util.java:377)
	at com.mysql.jdbc.ConnectionImpl.getInstance(ConnectionImpl.java:395)
	at com.mysql.jdbc.NonRegisteringDriver.connect(NonRegisteringDriver.java:325)
	at com.alibaba.druid.filter.FilterChainImpl.connection_connect(FilterChainImpl.java:148)
	at com.alibaba.druid.filter.stat.StatFilter.connection_connect(StatFilter.java:220)
	at com.alibaba.druid.filter.FilterChainImpl.connection_connect(FilterChainImpl.java:142)
	at com.alibaba.druid.pool.DruidAbstractDataSource.createPhysicalConnection(DruidAbstractDataSource.java:1463)
	at com.alibaba.druid.pool.DruidAbstractDataSource.createPhysicalConnection(DruidAbstractDataSource.java:1525)
	at com.alibaba.druid.pool.DruidDataSource.init(DruidDataSource.java:734)
	at sun.reflect.NativeMethodAccessorImpl.invoke0(Native Method)
	at sun.reflect.NativeMethodAccessorImpl.invoke(NativeMethodAccessorImpl.java:62)
	at sun.reflect.DelegatingMethodAccessorImpl.invoke(DelegatingMethodAccessorImpl.java:43)
	at java.lang.reflect.Method.invoke(Method.java:498)
	at org.springframework.beans.factory.support.AbstractAutowireCapableBeanFactory.invokeCustomInitMethod(AbstractAutowireCapableBeanFactory.java:1711)
	at org.springframework.beans.factory.support.AbstractAutowireCapableBeanFactory.invokeInitMethods(AbstractAutowireCapableBeanFactory.java:1650)
	at org.springframework.beans.factory.support.AbstractAutowireCapableBeanFactory.initializeBean(AbstractAutowireCapableBeanFactory.java:1579)
	at org.springframework.beans.factory.support.AbstractAutowireCapableBeanFactory.doCreateBean(AbstractAutowireCapableBeanFactory.java:545)
	at org.springframework.beans.factory.support.AbstractAutowireCapableBeanFactory.createBean(AbstractAutowireCapableBeanFactory.java:482)
	at org.springframework.beans.factory.support.AbstractBeanFactory$1.getObject(AbstractBeanFactory.java:306)
	at org.springframework.beans.factory.support.DefaultSingletonBeanRegistry.getSingleton(DefaultSingletonBeanRegistry.java:230)
	at org.springframework.beans.factory.support.AbstractBeanFactory.doGetBean(AbstractBeanFactory.java:302)
	at org.springframework.beans.factory.support.AbstractBeanFactory.getBean(AbstractBeanFactory.java:197)
	at org.springframework.beans.factory.support.DefaultListableBeanFactory.preInstantiateSingletons(DefaultListableBeanFactory.java:751)
	at org.springframework.context.support.AbstractApplicationContext.finishBeanFactoryInitialization(AbstractApplicationContext.java:861)
	at org.springframework.context.support.AbstractApplicationContext.refresh(AbstractApplicationContext.java:541)
	at org.springframework.context.annotation.AnnotationConfigApplicationContext.<init>(AnnotationConfigApplicationContext.java:84)
	at com.linlongyx.sanguo.webgame.startup.GameServer.main(GameServer.java:49)
Caused by: java.net.ConnectException: Connection refused: connect
	at java.net.DualStackPlainSocketImpl.connect0(Native Method)
	at java.net.DualStackPlainSocketImpl.socketConnect(DualStackPlainSocketImpl.java:79)
	at java.net.AbstractPlainSocketImpl.doConnect(AbstractPlainSocketImpl.java:350)
	at java.net.AbstractPlainSocketImpl.connectToAddress(AbstractPlainSocketImpl.java:206)
	at java.net.AbstractPlainSocketImpl.connect(AbstractPlainSocketImpl.java:188)
	at java.net.PlainSocketImpl.connect(PlainSocketImpl.java:172)
	at java.net.SocksSocketImpl.connect(SocksSocketImpl.java:392)
	at java.net.Socket.connect(Socket.java:589)
	at com.mysql.jdbc.StandardSocketFactory.connect(StandardSocketFactory.java:213)
	at com.mysql.jdbc.MysqlIO.<init>(MysqlIO.java:297)
	... 36 more
2026-05-06 10:07:57 ERROR {dataSource-1} init error
com.mysql.jdbc.exceptions.jdbc4.CommunicationsException: Communications link failure

The last packet sent successfully to the server was 0 milliseconds ago. The driver has not received any packets from the server.
	at sun.reflect.NativeConstructorAccessorImpl.newInstance0(Native Method)
	at sun.reflect.NativeConstructorAccessorImpl.newInstance(NativeConstructorAccessorImpl.java:62)
	at sun.reflect.DelegatingConstructorAccessorImpl.newInstance(DelegatingConstructorAccessorImpl.java:45)
	at java.lang.reflect.Constructor.newInstance(Constructor.java:423)
	at com.mysql.jdbc.Util.handleNewInstance(Util.java:377)
	at com.mysql.jdbc.SQLError.createCommunicationsException(SQLError.java:1036)
	at com.mysql.jdbc.MysqlIO.<init>(MysqlIO.java:338)
	at com.mysql.jdbc.ConnectionImpl.coreConnect(ConnectionImpl.java:2232)
	at com.mysql.jdbc.ConnectionImpl.connectOneTryOnly(ConnectionImpl.java:2265)
	at com.mysql.jdbc.ConnectionImpl.createNewIO(ConnectionImpl.java:2064)
	at com.mysql.jdbc.ConnectionImpl.<init>(ConnectionImpl.java:790)
	at com.mysql.jdbc.JDBC4Connection.<init>(JDBC4Connection.java:44)
	at sun.reflect.NativeConstructorAccessorImpl.newInstance0(Native Method)
	at sun.reflect.NativeConstructorAccessorImpl.newInstance(NativeConstructorAccessorImpl.java:62)
	at sun.reflect.DelegatingConstructorAccessorImpl.newInstance(DelegatingConstructorAccessorImpl.java:45)
	at java.lang.reflect.Constructor.newInstance(Constructor.java:423)
	at com.mysql.jdbc.Util.handleNewInstance(Util.java:377)
	at com.mysql.jdbc.ConnectionImpl.getInstance(ConnectionImpl.java:395)
	at com.mysql.jdbc.NonRegisteringDriver.connect(NonRegisteringDriver.java:325)
	at com.alibaba.druid.filter.FilterChainImpl.connection_connect(FilterChainImpl.java:148)
	at com.alibaba.druid.filter.stat.StatFilter.connection_connect(StatFilter.java:220)
	at com.alibaba.druid.filter.FilterChainImpl.connection_connect(FilterChainImpl.java:142)
	at com.alibaba.druid.pool.DruidAbstractDataSource.createPhysicalConnection(DruidAbstractDataSource.java:1463)
	at com.alibaba.druid.pool.DruidAbstractDataSource.createPhysicalConnection(DruidAbstractDataSource.java:1525)
	at com.alibaba.druid.pool.DruidDataSource.init(DruidDataSource.java:734)
	at sun.reflect.NativeMethodAccessorImpl.invoke0(Native Method)
	at sun.reflect.NativeMethodAccessorImpl.invoke(NativeMethodAccessorImpl.java:62)
	at sun.reflect.DelegatingMethodAccessorImpl.invoke(DelegatingMethodAccessorImpl.java:43)
	at java.lang.reflect.Method.invoke(Method.java:498)
	at org.springframework.beans.factory.support.AbstractAutowireCapableBeanFactory.invokeCustomInitMethod(AbstractAutowireCapableBeanFactory.java:1711)
	at org.springframework.beans.factory.support.AbstractAutowireCapableBeanFactory.invokeInitMethods(AbstractAutowireCapableBeanFactory.java:1650)
	at org.springframework.beans.factory.support.AbstractAutowireCapableBeanFactory.initializeBean(AbstractAutowireCapableBeanFactory.java:1579)
	at org.springframework.beans.factory.support.AbstractAutowireCapableBeanFactory.doCreateBean(AbstractAutowireCapableBeanFactory.java:545)
	at org.springframework.beans.factory.support.AbstractAutowireCapableBeanFactory.createBean(AbstractAutowireCapableBeanFactory.java:482)
	at org.springframework.beans.factory.support.AbstractBeanFactory$1.getObject(AbstractBeanFactory.java:306)
	at org.springframework.beans.factory.support.DefaultSingletonBeanRegistry.getSingleton(DefaultSingletonBeanRegistry.java:230)
	at org.springframework.beans.factory.support.AbstractBeanFactory.doGetBean(AbstractBeanFactory.java:302)
	at org.springframework.beans.factory.support.AbstractBeanFactory.getBean(AbstractBeanFactory.java:197)
	at org.springframework.beans.factory.support.DefaultListableBeanFactory.preInstantiateSingletons(DefaultListableBeanFactory.java:751)
	at org.springframework.context.support.AbstractApplicationContext.finishBeanFactoryInitialization(AbstractApplicationContext.java:861)
	at org.springframework.context.support.AbstractApplicationContext.refresh(AbstractApplicationContext.java:541)
	at org.springframework.context.annotation.AnnotationConfigApplicationContext.<init>(AnnotationConfigApplicationContext.java:84)
	at com.linlongyx.sanguo.webgame.startup.GameServer.main(GameServer.java:49)
Caused by: java.net.ConnectException: Connection refused: connect
	at java.net.DualStackPlainSocketImpl.connect0(Native Method)
	at java.net.DualStackPlainSocketImpl.socketConnect(DualStackPlainSocketImpl.java:79)
	at java.net.AbstractPlainSocketImpl.doConnect(AbstractPlainSocketImpl.java:350)
	at java.net.AbstractPlainSocketImpl.connectToAddress(AbstractPlainSocketImpl.java:206)
	at java.net.AbstractPlainSocketImpl.connect(AbstractPlainSocketImpl.java:188)
	at java.net.PlainSocketImpl.connect(PlainSocketImpl.java:172)
	at java.net.SocksSocketImpl.connect(SocksSocketImpl.java:392)
	at java.net.Socket.connect(Socket.java:589)
	at com.mysql.jdbc.StandardSocketFactory.connect(StandardSocketFactory.java:213)
	at com.mysql.jdbc.MysqlIO.<init>(MysqlIO.java:297)
	... 36 more
2026-05-06 10:07:57 INFO  {dataSource-1} inited
2026-05-06 10:07:57 WARN  Exception encountered during context initialization - cancelling refresh attempt: org.springframework.beans.factory.BeanCreationException: Error creating bean with name 'druidDataSource' defined in class path resource [webgame/beans/mysql-beans.xml]: Invocation of init method failed; nested exception is com.mysql.jdbc.exceptions.jdbc4.CommunicationsException: Communications link failure

The last packet sent successfully to the server was 0 milliseconds ago. The driver has not received any packets from the server.
2026-05-06 10:07:57 ERROR Error creating bean with name 'druidDataSource' defined in class path resource [webgame/beans/mysql-beans.xml]: Invocation of init method failed; nested exception is com.mysql.jdbc.exceptions.jdbc4.CommunicationsException: Communications link failure

The last packet sent successfully to the server was 0 milliseconds ago. The driver has not received any packets from the server.
org.springframework.beans.factory.BeanCreationException: Error creating bean with name 'druidDataSource' defined in class path resource [webgame/beans/mysql-beans.xml]: Invocation of init method failed; nested exception is com.mysql.jdbc.exceptions.jdbc4.CommunicationsException: Communications link failure

The last packet sent successfully to the server was 0 milliseconds ago. The driver has not received any packets from the server.
	at org.springframework.beans.factory.support.AbstractAutowireCapableBeanFactory.initializeBean(AbstractAutowireCapableBeanFactory.java:1583)
	at org.springframework.beans.factory.support.AbstractAutowireCapableBeanFactory.doCreateBean(AbstractAutowireCapableBeanFactory.java:545)
	at org.springframework.beans.factory.support.AbstractAutowireCapableBeanFactory.createBean(AbstractAutowireCapableBeanFactory.java:482)
	at org.springframework.beans.factory.support.AbstractBeanFactory$1.getObject(AbstractBeanFactory.java:306)
	at org.springframework.beans.factory.support.DefaultSingletonBeanRegistry.getSingleton(DefaultSingletonBeanRegistry.java:230)
	at org.springframework.beans.factory.support.AbstractBeanFactory.doGetBean(AbstractBeanFactory.java:302)
	at org.springframework.beans.factory.support.AbstractBeanFactory.getBean(AbstractBeanFactory.java:197)
	at org.springframework.beans.factory.support.DefaultListableBeanFactory.preInstantiateSingletons(DefaultListableBeanFactory.java:751)
	at org.springframework.context.support.AbstractApplicationContext.finishBeanFactoryInitialization(AbstractApplicationContext.java:861)
	at org.springframework.context.support.AbstractApplicationContext.refresh(AbstractApplicationContext.java:541)
	at org.springframework.context.annotation.AnnotationConfigApplicationContext.<init>(AnnotationConfigApplicationContext.java:84)
	at com.linlongyx.sanguo.webgame.startup.GameServer.main(GameServer.java:49)
Caused by: com.mysql.jdbc.exceptions.jdbc4.CommunicationsException: Communications link failure

The last packet sent successfully to the server was 0 milliseconds ago. The driver has not received any packets from the server.
	at sun.reflect.NativeConstructorAccessorImpl.newInstance0(Native Method)
	at sun.reflect.NativeConstructorAccessorImpl.newInstance(NativeConstructorAccessorImpl.java:62)
	at sun.reflect.DelegatingConstructorAccessorImpl.newInstance(DelegatingConstructorAccessorImpl.java:45)
	at java.lang.reflect.Constructor.newInstance(Constructor.java:423)
	at com.mysql.jdbc.Util.handleNewInstance(Util.java:377)
	at com.mysql.jdbc.SQLError.createCommunicationsException(SQLError.java:1036)
	at com.mysql.jdbc.MysqlIO.<init>(MysqlIO.java:338)
	at com.mysql.jdbc.ConnectionImpl.coreConnect(ConnectionImpl.java:2232)
	at com.mysql.jdbc.ConnectionImpl.connectOneTryOnly(ConnectionImpl.java:2265)
	at com.mysql.jdbc.ConnectionImpl.createNewIO(ConnectionImpl.java:2064)
	at com.mysql.jdbc.ConnectionImpl.<init>(ConnectionImpl.java:790)
	at com.mysql.jdbc.JDBC4Connection.<init>(JDBC4Connection.java:44)
	at sun.reflect.NativeConstructorAccessorImpl.newInstance0(Native Method)
	at sun.reflect.NativeConstructorAccessorImpl.newInstance(NativeConstructorAccessorImpl.java:62)
	at sun.reflect.DelegatingConstructorAccessorImpl.newInstance(DelegatingConstructorAccessorImpl.java:45)
	at java.lang.reflect.Constructor.newInstance(Constructor.java:423)
	at com.mysql.jdbc.Util.handleNewInstance(Util.java:377)
	at com.mysql.jdbc.ConnectionImpl.getInstance(ConnectionImpl.java:395)
	at com.mysql.jdbc.NonRegisteringDriver.connect(NonRegisteringDriver.java:325)
	at com.alibaba.druid.filter.FilterChainImpl.connection_connect(FilterChainImpl.java:148)
	at com.alibaba.druid.filter.stat.StatFilter.connection_connect(StatFilter.java:220)
	at com.alibaba.druid.filter.FilterChainImpl.connection_connect(FilterChainImpl.java:142)
	at com.alibaba.druid.pool.DruidAbstractDataSource.createPhysicalConnection(DruidAbstractDataSource.java:1463)
	at com.alibaba.druid.pool.DruidAbstractDataSource.createPhysicalConnection(DruidAbstractDataSource.java:1525)
	at com.alibaba.druid.pool.DruidDataSource.init(DruidDataSource.java:734)
	at sun.reflect.NativeMethodAccessorImpl.invoke0(Native Method)
	at sun.reflect.NativeMethodAccessorImpl.invoke(NativeMethodAccessorImpl.java:62)
	at sun.reflect.DelegatingMethodAccessorImpl.invoke(DelegatingMethodAccessorImpl.java:43)
	at java.lang.reflect.Method.invoke(Method.java:498)
	at org.springframework.beans.factory.support.AbstractAutowireCapableBeanFactory.invokeCustomInitMethod(AbstractAutowireCapableBeanFactory.java:1711)
	at org.springframework.beans.factory.support.AbstractAutowireCapableBeanFactory.invokeInitMethods(AbstractAutowireCapableBeanFactory.java:1650)
	at org.springframework.beans.factory.support.AbstractAutowireCapableBeanFactory.initializeBean(AbstractAutowireCapableBeanFactory.java:1579)
	... 11 more
Caused by: java.net.ConnectException: Connection refused: connect
	at java.net.DualStackPlainSocketImpl.connect0(Native Method)
	at java.net.DualStackPlainSocketImpl.socketConnect(DualStackPlainSocketImpl.java:79)
	at java.net.AbstractPlainSocketImpl.doConnect(AbstractPlainSocketImpl.java:350)
	at java.net.AbstractPlainSocketImpl.connectToAddress(AbstractPlainSocketImpl.java:206)
	at java.net.AbstractPlainSocketImpl.connect(AbstractPlainSocketImpl.java:188)
	at java.net.PlainSocketImpl.connect(PlainSocketImpl.java:172)
	at java.net.SocksSocketImpl.connect(SocksSocketImpl.java:392)
	at java.net.Socket.connect(Socket.java:589)
	at com.mysql.jdbc.StandardSocketFactory.connect(StandardSocketFactory.java:213)
	at com.mysql.jdbc.MysqlIO.<init>(MysqlIO.java:297)
	... 36 more
2026-05-06 10:08:01 ERROR create connection error, url: jdbc:mysql://localhost:3306/sanguo_game?useUnicode=true&characterEncoding=utf8, errorCode 0, state 08S01
com.mysql.jdbc.exceptions.jdbc4.CommunicationsException: Communications link failure

The last packet sent successfully to the server was 0 milliseconds ago. The driver has not received any packets from the server.
	at sun.reflect.NativeConstructorAccessorImpl.newInstance0(Native Method)
	at sun.reflect.NativeConstructorAccessorImpl.newInstance(NativeConstructorAccessorImpl.java:62)
	at sun.reflect.DelegatingConstructorAccessorImpl.newInstance(DelegatingConstructorAccessorImpl.java:45)
	at java.lang.reflect.Constructor.newInstance(Constructor.java:423)
	at com.mysql.jdbc.Util.handleNewInstance(Util.java:377)
	at com.mysql.jdbc.SQLError.createCommunicationsException(SQLError.java:1036)
	at com.mysql.jdbc.MysqlIO.<init>(MysqlIO.java:338)
	at com.mysql.jdbc.ConnectionImpl.coreConnect(ConnectionImpl.java:2232)
	at com.mysql.jdbc.ConnectionImpl.connectOneTryOnly(ConnectionImpl.java:2265)
	at com.mysql.jdbc.ConnectionImpl.createNewIO(ConnectionImpl.java:2064)
	at com.mysql.jdbc.ConnectionImpl.<init>(ConnectionImpl.java:790)
	at com.mysql.jdbc.JDBC4Connection.<init>(JDBC4Connection.java:44)
	at sun.reflect.NativeConstructorAccessorImpl.newInstance0(Native Method)
	at sun.reflect.NativeConstructorAccessorImpl.newInstance(NativeConstructorAccessorImpl.java:62)
	at sun.reflect.DelegatingConstructorAccessorImpl.newInstance(DelegatingConstructorAccessorImpl.java:45)
	at java.lang.reflect.Constructor.newInstance(Constructor.java:423)
	at com.mysql.jdbc.Util.handleNewInstance(Util.java:377)
	at com.mysql.jdbc.ConnectionImpl.getInstance(ConnectionImpl.java:395)
	at com.mysql.jdbc.NonRegisteringDriver.connect(NonRegisteringDriver.java:325)
	at com.alibaba.druid.filter.FilterChainImpl.connection_connect(FilterChainImpl.java:148)
	at com.alibaba.druid.filter.stat.StatFilter.connection_connect(StatFilter.java:220)
	at com.alibaba.druid.filter.FilterChainImpl.connection_connect(FilterChainImpl.java:142)
	at com.alibaba.druid.pool.DruidAbstractDataSource.createPhysicalConnection(DruidAbstractDataSource.java:1463)
	at com.alibaba.druid.pool.DruidAbstractDataSource.createPhysicalConnection(DruidAbstractDataSource.java:1525)
	at com.alibaba.druid.pool.DruidDataSource$CreateConnectionThread.run(DruidDataSource.java:2100)
Caused by: java.net.ConnectException: Connection refused: connect
	at java.net.DualStackPlainSocketImpl.connect0(Native Method)
	at java.net.DualStackPlainSocketImpl.socketConnect(DualStackPlainSocketImpl.java:79)
	at java.net.AbstractPlainSocketImpl.doConnect(AbstractPlainSocketImpl.java:350)
	at java.net.AbstractPlainSocketImpl.connectToAddress(AbstractPlainSocketImpl.java:206)
	at java.net.AbstractPlainSocketImpl.connect(AbstractPlainSocketImpl.java:188)
	at java.net.PlainSocketImpl.connect(PlainSocketImpl.java:172)
	at java.net.SocksSocketImpl.connect(SocksSocketImpl.java:392)
	at java.net.Socket.connect(Socket.java:589)
	at com.mysql.jdbc.StandardSocketFactory.connect(StandardSocketFactory.java:213)
	at com.mysql.jdbc.MysqlIO.<init>(MysqlIO.java:297)
	... 18 more
2026-05-06 10:08:05 ERROR create connection error, url: jdbc:mysql://localhost:3306/sanguo_game?useUnicode=true&characterEncoding=utf8, errorCode 0, state 08S01
com.mysql.jdbc.exceptions.jdbc4.CommunicationsException: Communications link failure

The last packet sent successfully to the server was 0 milliseconds ago. The driver has not received any packets from the server.
	at sun.reflect.NativeConstructorAccessorImpl.newInstance0(Native Method)
	at sun.reflect.NativeConstructorAccessorImpl.newInstance(NativeConstructorAccessorImpl.java:62)
	at sun.reflect.DelegatingConstructorAccessorImpl.newInstance(DelegatingConstructorAccessorImpl.java:45)
	at java.lang.reflect.Constructor.newInstance(Constructor.java:423)
	at com.mysql.jdbc.Util.handleNewInstance(Util.java:377)
	at com.mysql.jdbc.SQLError.createCommunicationsException(SQLError.java:1036)
	at com.mysql.jdbc.MysqlIO.<init>(MysqlIO.java:338)
	at com.mysql.jdbc.ConnectionImpl.coreConnect(ConnectionImpl.java:2232)
	at com.mysql.jdbc.ConnectionImpl.connectOneTryOnly(ConnectionImpl.java:2265)
	at com.mysql.jdbc.ConnectionImpl.createNewIO(ConnectionImpl.java:2064)
	at com.mysql.jdbc.ConnectionImpl.<init>(ConnectionImpl.java:790)
	at com.mysql.jdbc.JDBC4Connection.<init>(JDBC4Connection.java:44)
	at sun.reflect.NativeConstructorAccessorImpl.newInstance0(Native Method)
	at sun.reflect.NativeConstructorAccessorImpl.newInstance(NativeConstructorAccessorImpl.java:62)
	at sun.reflect.DelegatingConstructorAccessorImpl.newInstance(DelegatingConstructorAccessorImpl.java:45)
	at java.lang.reflect.Constructor.newInstance(Constructor.java:423)
	at com.mysql.jdbc.Util.handleNewInstance(Util.java:377)
	at com.mysql.jdbc.ConnectionImpl.getInstance(ConnectionImpl.java:395)
	at com.mysql.jdbc.NonRegisteringDriver.connect(NonRegisteringDriver.java:325)
	at com.alibaba.druid.filter.FilterChainImpl.connection_connect(FilterChainImpl.java:148)
	at com.alibaba.druid.filter.stat.StatFilter.connection_connect(StatFilter.java:220)
	at com.alibaba.druid.filter.FilterChainImpl.connection_connect(FilterChainImpl.java:142)
	at com.alibaba.druid.pool.DruidAbstractDataSource.createPhysicalConnection(DruidAbstractDataSource.java:1463)
	at com.alibaba.druid.pool.DruidAbstractDataSource.createPhysicalConnection(DruidAbstractDataSource.java:1525)
	at com.alibaba.druid.pool.DruidDataSource$CreateConnectionThread.run(DruidDataSource.java:2100)
Caused by: java.net.ConnectException: Connection refused: connect
	at java.net.DualStackPlainSocketImpl.connect0(Native Method)
	at java.net.DualStackPlainSocketImpl.socketConnect(DualStackPlainSocketImpl.java:79)
	at java.net.AbstractPlainSocketImpl.doConnect(AbstractPlainSocketImpl.java:350)
	at java.net.AbstractPlainSocketImpl.connectToAddress(AbstractPlainSocketImpl.java:206)
	at java.net.AbstractPlainSocketImpl.connect(AbstractPlainSocketImpl.java:188)
	at java.net.PlainSocketImpl.connect(PlainSocketImpl.java:172)
	at java.net.SocksSocketImpl.connect(SocksSocketImpl.java:392)
	at java.net.Socket.connect(Socket.java:589)
	at com.mysql.jdbc.StandardSocketFactory.connect(StandardSocketFactory.java:213)
	at com.mysql.jdbc.MysqlIO.<init>(MysqlIO.java:297)
	... 18 more
2026-05-06 10:08:09 ERROR create connection error, url: jdbc:mysql://localhost:3306/sanguo_game?useUnicode=true&characterEncoding=utf8, errorCode 0, state 08S01
com.mysql.jdbc.exceptions.jdbc4.CommunicationsException: Communications link failure

The last packet sent successfully to the server was 0 milliseconds ago. The driver has not received any packets from the server.
	at sun.reflect.NativeConstructorAccessorImpl.newInstance0(Native Method)
	at sun.reflect.NativeConstructorAccessorImpl.newInstance(NativeConstructorAccessorImpl.java:62)
	at sun.reflect.DelegatingConstructorAccessorImpl.newInstance(DelegatingConstructorAccessorImpl.java:45)
	at java.lang.reflect.Constructor.newInstance(Constructor.java:423)
	at com.mysql.jdbc.Util.handleNewInstance(Util.java:377)
	at com.mysql.jdbc.SQLError.createCommunicationsException(SQLError.java:1036)
	at com.mysql.jdbc.MysqlIO.<init>(MysqlIO.java:338)
	at com.mysql.jdbc.ConnectionImpl.coreConnect(ConnectionImpl.java:2232)
	at com.mysql.jdbc.ConnectionImpl.connectOneTryOnly(ConnectionImpl.java:2265)
	at com.mysql.jdbc.ConnectionImpl.createNewIO(ConnectionImpl.java:2064)
	at com.mysql.jdbc.ConnectionImpl.<init>(ConnectionImpl.java:790)
	at com.mysql.jdbc.JDBC4Connection.<init>(JDBC4Connection.java:44)
	at sun.reflect.NativeConstructorAccessorImpl.newInstance0(Native Method)
	at sun.reflect.NativeConstructorAccessorImpl.newInstance(NativeConstructorAccessorImpl.java:62)
	at sun.reflect.DelegatingConstructorAccessorImpl.newInstance(DelegatingConstructorAccessorImpl.java:45)
	at java.lang.reflect.Constructor.newInstance(Constructor.java:423)
	at com.mysql.jdbc.Util.handleNewInstance(Util.java:377)
	at com.mysql.jdbc.ConnectionImpl.getInstance(ConnectionImpl.java:395)
	at com.mysql.jdbc.NonRegisteringDriver.connect(NonRegisteringDriver.java:325)
	at com.alibaba.druid.filter.FilterChainImpl.connection_connect(FilterChainImpl.java:148)
	at com.alibaba.druid.filter.stat.StatFilter.connection_connect(StatFilter.java:220)
	at com.alibaba.druid.filter.FilterChainImpl.connection_connect(FilterChainImpl.java:142)
	at com.alibaba.druid.pool.DruidAbstractDataSource.createPhysicalConnection(DruidAbstractDataSource.java:1463)
	at com.alibaba.druid.pool.DruidAbstractDataSource.createPhysicalConnection(DruidAbstractDataSource.java:1525)
	at com.alibaba.druid.pool.DruidDataSource$CreateConnectionThread.run(DruidDataSource.java:2100)
Caused by: java.net.ConnectException: Connection refused: connect
	at java.net.DualStackPlainSocketImpl.connect0(Native Method)
	at java.net.DualStackPlainSocketImpl.socketConnect(DualStackPlainSocketImpl.java:79)
	at java.net.AbstractPlainSocketImpl.doConnect(AbstractPlainSocketImpl.java:350)
	at java.net.AbstractPlainSocketImpl.connectToAddress(AbstractPlainSocketImpl.java:206)
	at java.net.AbstractPlainSocketImpl.connect(AbstractPlainSocketImpl.java:188)
	at java.net.PlainSocketImpl.connect(PlainSocketImpl.java:172)
	at java.net.SocksSocketImpl.connect(SocksSocketImpl.java:392)
	at java.net.Socket.connect(Socket.java:589)
	at com.mysql.jdbc.StandardSocketFactory.connect(StandardSocketFactory.java:213)
	at com.mysql.jdbc.MysqlIO.<init>(MysqlIO.java:297)
	... 18 more
2026-05-06 10:08:17 ERROR 535 Error: authentication failed, system busy
 
2026-05-06 10:17:57 INFO  Refreshing org.springframework.context.annotation.AnnotationConfigApplicationContext@3abfe836: startup date [Wed May 06 10:17:57 EET 2026]; root of context hierarchy
2026-05-06 10:17:57 INFO  Loading XML bean definitions from class path resource [webgame/beans/server-beans.xml]
2026-05-06 10:17:57 INFO  Loading XML bean definitions from class path resource [webgame/beans/mysql-beans.xml]
2026-05-06 10:17:57 INFO  Loading XML bean definitions from class path resource [webgame/beans/service-beans.xml]
2026-05-06 10:17:57 INFO  Loading XML bean definitions from class path resource [webgame/beans/mysql-beans.xml]
2026-05-06 10:17:57 INFO  Loading XML bean definitions from class path resource [webgame/beans/data-beans.xml]
2026-05-06 10:17:58 INFO  Loading properties file from class path resource [webgame/props/webgame.properties]
2026-05-06 10:17:58 INFO  Loading properties file from class path resource [webgame/props/mysql.properties]
2026-05-06 10:17:58 INFO  Loading properties file from class path resource [webgame/props/redis.properties]
2026-05-06 10:17:58 INFO  Loading properties file from class path resource [version.properties]
2026-05-06 10:17:58 DEBUG 加载配置文件 
2026-05-06 10:17:58 DEBUG key -> platform, value -> test 
2026-05-06 10:17:58 DEBUG key -> businessThreadCount, value -> 10 
2026-05-06 10:17:58 DEBUG key -> svn, value -> 32883 
2026-05-06 10:17:58 DEBUG key -> jdbc.url, value -> jdbc:mysql://localhost:3306/sanguo_game?useUnicode=true&characterEncoding=utf8 
2026-05-06 10:17:58 DEBUG key -> secretKey, value -> 5Jqxjo10Yl2ElQCwJm 
2026-05-06 10:17:58 DEBUG key -> so.backlog, value -> 128 
2026-05-06 10:17:58 DEBUG key -> url, value -> http://localhost 
2026-05-06 10:17:58 DEBUG key -> redis.testOnBorrow, value -> true 
2026-05-06 10:17:58 DEBUG key -> serverId, value -> 10000 
2026-05-06 10:17:58 DEBUG key -> redis.maxTotal, value -> 600 
2026-05-06 10:17:58 DEBUG key -> serverName, value -> å°æ¸¸æ1æ 
2026-05-06 10:17:58 DEBUG key -> logserver.isOpen, value -> false 
2026-05-06 10:17:58 DEBUG key -> redis.port, value -> 6379 
2026-05-06 10:17:58 DEBUG key -> jmxPort, value -> 19301 
2026-05-06 10:17:58 DEBUG key -> redis.db, value -> 13 
2026-05-06 10:17:58 DEBUG key -> redis.timeout, value -> 5000 
2026-05-06 10:17:58 DEBUG key -> logserver.port, value -> 6000 
2026-05-06 10:17:58 DEBUG key -> jdbc.user, value -> root 
2026-05-06 10:17:58 DEBUG key -> keystorePass, value ->  
2026-05-06 10:17:58 DEBUG key -> characterEncoding, value -> UTF-8 
2026-05-06 10:17:58 DEBUG key -> logicRmi.port, value -> 17003 
2026-05-06 10:17:58 DEBUG key -> debug, value -> true 
2026-05-06 10:17:58 DEBUG key -> wss, value -> false 
2026-05-06 10:17:58 DEBUG key -> dataLocation, value -> cn 
2026-05-06 10:17:58 DEBUG key -> useUnicode, value -> true 
2026-05-06 10:17:58 DEBUG key -> redis.pass, value -> e5968b5bd4f916e4 
2026-05-06 10:17:58 DEBUG key -> jmxPass, value -> g6UoONwr6joi1ApG 
2026-05-06 10:17:58 DEBUG key -> appId, value -> 100962 
2026-05-06 10:17:58 DEBUG key -> jks, value -> localhost 
2026-05-06 10:17:58 DEBUG key -> so.keepalive, value -> true 
2026-05-06 10:17:58 DEBUG key -> http.port, value -> 19201 
2026-05-06 10:17:58 DEBUG key -> jdbc.driverClassName, value -> com.mysql.jdbc.Driver 
2026-05-06 10:17:58 DEBUG key -> cchId, value -> 392 
2026-05-06 10:17:58 DEBUG key -> workerThreadCount, value -> 14 
2026-05-06 10:17:58 DEBUG key -> bossThreadCount, value -> 1 
2026-05-06 10:17:58 DEBUG key -> redis.host, value -> localhost 
2026-05-06 10:17:58 DEBUG key -> logserver.host, value -> localhost 
2026-05-06 10:17:58 DEBUG key -> openTime, value -> 2017-09-02 00:00:00 
2026-05-06 10:17:58 DEBUG key -> logserver.dataPath, value -> ./log 
2026-05-06 10:17:58 DEBUG key -> wordLocation, value -> cn 
2026-05-06 10:17:58 DEBUG key -> ws.port, value -> 19101 
2026-05-06 10:17:58 DEBUG key -> jdbc.password, value -> EghgTJGqPmZ9RQiW 
2026-05-06 10:17:58 DEBUG key -> logicRmi.cmport, value -> 17004 
2026-05-06 10:17:58 DEBUG key -> path, value -> webgame/platform/ 
2026-05-06 10:17:58 DEBUG key -> rmi.url, value -> rmi://localhost:19850/crossRankRMI 
2026-05-06 10:17:58 DEBUG key -> tag, value -> 24b0d14d02f7970e270d2b70dfab4ea62fc2390a 
2026-05-06 10:17:58 DEBUG key -> logicRmi.host, value -> localhost 
2026-05-06 10:17:58 DEBUG key -> jmxName, value -> llyx-sanguo 
2026-05-06 10:17:58 DEBUG key -> crossUrl, value -> ws://localhost 
2026-05-06 10:17:58 DEBUG key -> redis.maxWait, value -> 10000 
2026-05-06 10:17:58 DEBUG key -> version, value -> 1.1000 
2026-05-06 10:17:58 DEBUG key -> httpSwitch, value -> false 
2026-05-06 10:17:58 DEBUG key -> ws, value -> true 
2026-05-06 10:17:58 DEBUG key -> logicRmi.serviceName, value -> crossRankLogicRMI 
2026-05-06 10:17:58 DEBUG key -> redis.maxIdle, value -> 300 
2026-05-06 10:18:10 INFO  Refreshing org.springframework.context.annotation.AnnotationConfigApplicationContext@3abfe836: startup date [Wed May 06 10:18:10 EET 2026]; root of context hierarchy
2026-05-06 10:18:10 INFO  Loading XML bean definitions from class path resource [webgame/beans/server-beans.xml]
2026-05-06 10:18:10 INFO  Loading XML bean definitions from class path resource [webgame/beans/mysql-beans.xml]
2026-05-06 10:18:10 INFO  Loading XML bean definitions from class path resource [webgame/beans/service-beans.xml]
2026-05-06 10:18:10 INFO  Loading XML bean definitions from class path resource [webgame/beans/mysql-beans.xml]
2026-05-06 10:18:10 INFO  Loading XML bean definitions from class path resource [webgame/beans/data-beans.xml]
2026-05-06 10:18:10 INFO  Loading properties file from class path resource [webgame/props/webgame.properties]
2026-05-06 10:18:10 INFO  Loading properties file from class path resource [webgame/props/mysql.properties]
2026-05-06 10:18:10 INFO  Loading properties file from class path resource [webgame/props/redis.properties]
2026-05-06 10:18:10 INFO  Loading properties file from class path resource [version.properties]
2026-05-06 10:18:10 DEBUG 加载配置文件 
2026-05-06 10:18:10 DEBUG key -> platform, value -> test 
2026-05-06 10:18:10 DEBUG key -> businessThreadCount, value -> 10 
2026-05-06 10:18:10 DEBUG key -> svn, value -> 32883 
2026-05-06 10:18:10 DEBUG key -> jdbc.url, value -> jdbc:mysql://localhost:3306/sanguo_game?useUnicode=true&characterEncoding=utf8 
2026-05-06 10:18:10 DEBUG key -> secretKey, value -> 5Jqxjo10Yl2ElQCwJm 
2026-05-06 10:18:10 DEBUG key -> so.backlog, value -> 128 
2026-05-06 10:18:10 DEBUG key -> url, value -> http://localhost 
2026-05-06 10:18:10 DEBUG key -> redis.testOnBorrow, value -> true 
2026-05-06 10:18:10 DEBUG key -> serverId, value -> 10000 
2026-05-06 10:18:10 DEBUG key -> redis.maxTotal, value -> 600 
2026-05-06 10:18:10 DEBUG key -> serverName, value -> å°æ¸¸æ1æ 
2026-05-06 10:18:10 DEBUG key -> logserver.isOpen, value -> false 
2026-05-06 10:18:10 DEBUG key -> redis.port, value -> 6379 
2026-05-06 10:18:10 DEBUG key -> jmxPort, value -> 19301 
2026-05-06 10:18:10 DEBUG key -> redis.db, value -> 13 
2026-05-06 10:18:10 DEBUG key -> redis.timeout, value -> 5000 
2026-05-06 10:18:10 DEBUG key -> logserver.port, value -> 6000 
2026-05-06 10:18:10 DEBUG key -> jdbc.user, value -> root 
2026-05-06 10:18:10 DEBUG key -> keystorePass, value ->  
2026-05-06 10:18:10 DEBUG key -> characterEncoding, value -> UTF-8 
2026-05-06 10:18:10 DEBUG key -> logicRmi.port, value -> 17003 
2026-05-06 10:18:10 DEBUG key -> debug, value -> true 
2026-05-06 10:18:10 DEBUG key -> wss, value -> false 
2026-05-06 10:18:10 DEBUG key -> dataLocation, value -> cn 
2026-05-06 10:18:10 DEBUG key -> useUnicode, value -> true 
2026-05-06 10:18:10 DEBUG key -> redis.pass, value -> e5968b5bd4f916e4 
2026-05-06 10:18:10 DEBUG key -> jmxPass, value -> g6UoONwr6joi1ApG 
2026-05-06 10:18:10 DEBUG key -> appId, value -> 100962 
2026-05-06 10:18:10 DEBUG key -> jks, value -> localhost 
2026-05-06 10:18:10 DEBUG key -> so.keepalive, value -> true 
2026-05-06 10:18:10 DEBUG key -> http.port, value -> 19201 
2026-05-06 10:18:10 DEBUG key -> jdbc.driverClassName, value -> com.mysql.jdbc.Driver 
2026-05-06 10:18:10 DEBUG key -> cchId, value -> 392 
2026-05-06 10:18:10 DEBUG key -> workerThreadCount, value -> 14 
2026-05-06 10:18:10 DEBUG key -> bossThreadCount, value -> 1 
2026-05-06 10:18:10 DEBUG key -> redis.host, value -> localhost 
2026-05-06 10:18:10 DEBUG key -> logserver.host, value -> localhost 
2026-05-06 10:18:10 DEBUG key -> openTime, value -> 2017-09-02 00:00:00 
2026-05-06 10:18:10 DEBUG key -> logserver.dataPath, value -> ./log 
2026-05-06 10:18:10 DEBUG key -> wordLocation, value -> cn 
2026-05-06 10:18:10 DEBUG key -> ws.port, value -> 19101 
2026-05-06 10:18:10 DEBUG key -> jdbc.password, value -> EghgTJGqPmZ9RQiW 
2026-05-06 10:18:10 DEBUG key -> logicRmi.cmport, value -> 17004 
2026-05-06 10:18:10 DEBUG key -> path, value -> webgame/platform/ 
2026-05-06 10:18:10 DEBUG key -> rmi.url, value -> rmi://localhost:19850/crossRankRMI 
2026-05-06 10:18:10 DEBUG key -> tag, value -> 24b0d14d02f7970e270d2b70dfab4ea62fc2390a 
2026-05-06 10:18:10 DEBUG key -> logicRmi.host, value -> localhost 
2026-05-06 10:18:10 DEBUG key -> jmxName, value -> llyx-sanguo 
2026-05-06 10:18:10 DEBUG key -> crossUrl, value -> ws://localhost 
2026-05-06 10:18:10 DEBUG key -> redis.maxWait, value -> 10000 
2026-05-06 10:18:10 DEBUG key -> version, value -> 1.1000 
2026-05-06 10:18:10 DEBUG key -> httpSwitch, value -> false 
2026-05-06 10:18:10 DEBUG key -> ws, value -> true 
2026-05-06 10:18:10 DEBUG key -> logicRmi.serviceName, value -> crossRankLogicRMI 
2026-05-06 10:18:10 DEBUG key -> redis.maxIdle, value -> 300 
2026-05-06 10:18:11 INFO  {dataSource-1} inited
2026-05-06 10:18:11 INFO  Loaded JDBC driver: com.mysql.jdbc.Driver
2026-05-06 10:18:12 ERROR LogicRmiManager::publish rmi service url: {} rmi://localhost:17003/crossRankLogicRMI 
2026-05-06 10:18:14 ERROR RmiManager::registerLogicCrossRankRmi:e1:Lookup of RMI stub failed; nested exception is java.rmi.ConnectException: Connection refused to host: localhost; nested exception is: 
	java.net.ConnectException: Connection refused: connect 
2026-05-06 10:18:19 ERROR ContinuityParameter {1={"actId":1,"startTime":1682974800,"endTime":1683579600,"closeTime":0}, 2={"actId":2,"startTime":1683234000,"endTime":1683838800,"closeTime":0}, 3={"actId":3,"startTime":1551733200,"endTime":1552337999,"closeTime":0}} 
2026-05-06 10:18:20 DEBUG {conn-10004, pstmt-20018} enter cache
2026-05-06 10:18:20 DEBUG {conn-10004, pstmt-20019} enter cache
2026-05-06 10:18:20 ERROR update group Pre:update tb_group set id=10000000000 + id where id != 0 and id<=10000000000; 
2026-05-06 10:18:20 ERROR update groupMember Pre:update tb_groupMember set id=10000000000 + id where id != 0 and id<=10000000000; 
2026-05-06 10:18:20 ERROR ArenaRankError 10000000005 10000000001 3001 
2026-05-06 10:18:20 DEBUG server open days: 1101, rankAct id: 15, state: Expire 
2026-05-06 10:18:20 DEBUG server open days: 1101, rankAct id: 16, state: Expire 
2026-05-06 10:18:20 DEBUG server open days: 1101, rankAct id: 17, state: Expire 
2026-05-06 10:18:20 DEBUG server open days: 1101, rankAct id: 18, state: Expire 
2026-05-06 10:18:20 DEBUG server open days: 1101, rankAct id: 19, state: Expire 
2026-05-06 10:18:20 DEBUG server open days: 1101, rankAct id: 20, state: Expire 
2026-05-06 10:18:20 DEBUG server open days: 1101, rankAct id: 21, state: Expire 
2026-05-06 10:18:21 WARN  Unknown channel option 'SO_KEEPALIVE' for channel '[id: 0x220b0456]'
2026-05-06 10:18:21 WARN  Unknown channel option 'SO_KEEPALIVE' for channel '[id: 0x16c7b82f]'
2026-05-06 10:18:21 INFO  Using default implementation for ThreadExecutor
2026-05-06 10:18:21 INFO  Initialized Scheduler Signaller of type: class org.quartz.core.SchedulerSignalerImpl
2026-05-06 10:18:21 INFO  Quartz Scheduler v.1.8.6 created.
2026-05-06 10:18:21 INFO  Registering Quartz Job Initialization Plug-in.
2026-05-06 10:18:21 INFO  RAMJobStore initialized.
2026-05-06 10:18:21 INFO  Scheduler meta-data: Quartz Scheduler (v1.8.6) 'AUTO' with instanceId 'NON_CLUSTERED'
  Scheduler class: 'org.quartz.core.QuartzScheduler' - running locally.
  NOT STARTED.
  Currently in standby mode.
  Number of jobs executed: 0
  Using thread pool 'org.quartz.simpl.SimpleThreadPool' - with 5 threads.
  Using job-store 'org.quartz.simpl.RAMJobStore' - which does not support persistence. and is not clustered.

2026-05-06 10:18:21 INFO  Quartz scheduler 'AUTO' initialized from default resource file in Quartz package: 'quartz.properties'
2026-05-06 10:18:21 INFO  Quartz scheduler version: 1.8.6
2026-05-06 10:18:21 DEBUG Utilizing schema packaged in local quartz distribution jar.
2026-05-06 10:18:21 INFO  Parsing XML file: quartz_jobs.xml with systemId: quartz_jobs.xml
2026-05-06 10:18:21 DEBUG Found 0 delete job group commands.
2026-05-06 10:18:21 DEBUG Found 0 delete trigger group commands.
2026-05-06 10:18:21 DEBUG Found 0 delete job commands.
2026-05-06 10:18:21 DEBUG Found 0 delete trigger commands.
2026-05-06 10:18:21 DEBUG Directive 'overwrite-existing-data' not specified, defaulting to true
2026-05-06 10:18:21 DEBUG Directive 'ignore-duplicates' not specified, defaulting to false
2026-05-06 10:18:21 DEBUG Found 1 job definitions.
2026-05-06 10:18:21 DEBUG Parsed job definition: JobDetail 'AUTO.JOBS':  jobClass: 'com.linlongyx.sanguo.webgame.quartz.QuartzJob isStateful: false isVolatile: false isDurable: false requestsRecovers: false
2026-05-06 10:18:21 DEBUG Found 11 trigger definitions.
2026-05-06 10:18:21 DEBUG Parsed trigger definition: Trigger 'DEFAULT.10000':  triggerClass: 'org.quartz.CronTrigger isVolatile: false calendar: 'null' misfireInstruction: 0 nextFireTime: null
2026-05-06 10:18:21 DEBUG Parsed trigger definition: Trigger 'DEFAULT.10001':  triggerClass: 'org.quartz.CronTrigger isVolatile: false calendar: 'null' misfireInstruction: 0 nextFireTime: null
2026-05-06 10:18:21 DEBUG Parsed trigger definition: Trigger 'DEFAULT.10002':  triggerClass: 'org.quartz.CronTrigger isVolatile: false calendar: 'null' misfireInstruction: 0 nextFireTime: null
2026-05-06 10:18:21 DEBUG Parsed trigger definition: Trigger 'DEFAULT.10010':  triggerClass: 'org.quartz.CronTrigger isVolatile: false calendar: 'null' misfireInstruction: 0 nextFireTime: null
2026-05-06 10:18:21 DEBUG Parsed trigger definition: Trigger 'DEFAULT.10011':  triggerClass: 'org.quartz.CronTrigger isVolatile: false calendar: 'null' misfireInstruction: 0 nextFireTime: null
2026-05-06 10:18:21 DEBUG Parsed trigger definition: Trigger 'DEFAULT.10012':  triggerClass: 'org.quartz.CronTrigger isVolatile: false calendar: 'null' misfireInstruction: 0 nextFireTime: null
2026-05-06 10:18:21 DEBUG Parsed trigger definition: Trigger 'DEFAULT.20001':  triggerClass: 'org.quartz.CronTrigger isVolatile: false calendar: 'null' misfireInstruction: 0 nextFireTime: null
2026-05-06 10:18:21 DEBUG Parsed trigger definition: Trigger 'DEFAULT.20003':  triggerClass: 'org.quartz.CronTrigger isVolatile: false calendar: 'null' misfireInstruction: 0 nextFireTime: null
2026-05-06 10:18:21 DEBUG Parsed trigger definition: Trigger 'DEFAULT.20004':  triggerClass: 'org.quartz.CronTrigger isVolatile: false calendar: 'null' misfireInstruction: 0 nextFireTime: null
2026-05-06 10:18:21 DEBUG Parsed trigger definition: Trigger 'DEFAULT.20005':  triggerClass: 'org.quartz.CronTrigger isVolatile: false calendar: 'null' misfireInstruction: 0 nextFireTime: null
2026-05-06 10:18:21 DEBUG Parsed trigger definition: Trigger 'DEFAULT.20006':  triggerClass: 'org.quartz.CronTrigger isVolatile: false calendar: 'null' misfireInstruction: 0 nextFireTime: null
2026-05-06 10:18:21 INFO  Adding 1 jobs, 11 triggers.
2026-05-06 10:18:21 INFO  Adding job: AUTO.JOBS
2026-05-06 10:18:21 DEBUG Scheduling job: AUTO.JOBS with trigger: DEFAULT.10000
2026-05-06 10:18:21 DEBUG Scheduling job: AUTO.JOBS with trigger: DEFAULT.10001
2026-05-06 10:18:21 DEBUG Scheduling job: AUTO.JOBS with trigger: DEFAULT.10002
2026-05-06 10:18:21 DEBUG Scheduling job: AUTO.JOBS with trigger: DEFAULT.10010
2026-05-06 10:18:21 DEBUG Scheduling job: AUTO.JOBS with trigger: DEFAULT.10011
2026-05-06 10:18:21 DEBUG Scheduling job: AUTO.JOBS with trigger: DEFAULT.10012
2026-05-06 10:18:21 DEBUG Scheduling job: AUTO.JOBS with trigger: DEFAULT.20001
2026-05-06 10:18:21 DEBUG Scheduling job: AUTO.JOBS with trigger: DEFAULT.20003
2026-05-06 10:18:21 DEBUG Scheduling job: AUTO.JOBS with trigger: DEFAULT.20004
2026-05-06 10:18:21 DEBUG Scheduling job: AUTO.JOBS with trigger: DEFAULT.20005
2026-05-06 10:18:21 DEBUG Scheduling job: AUTO.JOBS with trigger: DEFAULT.20006
2026-05-06 10:18:21 INFO  Scheduler AUTO_$_NON_CLUSTERED started.
2026-05-06 10:18:21 DEBUG Reading descriptors ( dom ) 31
2026-05-06 10:18:21 DEBUG Using existing MBeanServer 0
2026-05-06 10:18:21 DEBUG default constructor
2026-05-06 10:18:21 DEBUG preRegister com.linlongyx.sanguo.webgame.service.LookUpService@7d373bcf onlineNum:Click=ShowDetail
2026-05-06 10:18:21 DEBUG default constructor
2026-05-06 10:18:21 DEBUG preRegister com.linlongyx.sanguo.webgame.service.JsonTableService@6d6bc158 reload:Click=reloadJson
2026-05-06 10:18:21 DEBUG default constructor
2026-05-06 10:18:21 DEBUG preRegister com.linlongyx.core.utils.ChatUtil@5dda6f9 reload:Click=reloadSensitive
2026-05-06 10:18:21 ERROR Started version:  110000 
2026-05-06 10:18:22 DEBUG Checking for available updated version of Quartz...
2026-05-06 10:18:22 DEBUG Quartz version update check failed: Server returned HTTP response code: 403 for URL: http://www.terracotta.org/kit/reflector?kitID=quartz&pageID=update.properties&id=-1442953116&os-name=Windows+10&jvm-name=Java+HotSpot%28TM%29+64-Bit+Server+VM&jvm-version=1.8.0_181&platform=amd64&tc-version=1.8.6&tc-product=Quartz&source=Quartz&uptime-secs=1&patch=UNKNOWN
2026-05-06 10:18:30 DEBUG Producing instance of Job 'AUTO.JOBS', class=com.linlongyx.sanguo.webgame.quartz.QuartzJob
2026-05-06 10:18:30 DEBUG Calling execute on job AUTO.JOBS
2026-05-06 10:18:30 INFO  触发cmd：20005
2026-05-06 10:19:00 DEBUG Producing instance of Job 'AUTO.JOBS', class=com.linlongyx.sanguo.webgame.quartz.QuartzJob
2026-05-06 10:19:00 DEBUG Calling execute on job AUTO.JOBS
2026-05-06 10:19:00 INFO  触发cmd：20005
2026-05-06 10:19:11 ERROR error occur where read field : id class: com.linlongyx.sanguo.webgame.app.increment.IncrementEntity
2026-05-06 10:19:30 DEBUG Producing instance of Job 'AUTO.JOBS', class=com.linlongyx.sanguo.webgame.quartz.QuartzJob
2026-05-06 10:19:30 DEBUG Calling execute on job AUTO.JOBS
2026-05-06 10:19:30 INFO  触发cmd：20005
2026-05-06 10:20:00 DEBUG Producing instance of Job 'AUTO.JOBS', class=com.linlongyx.sanguo.webgame.quartz.QuartzJob
2026-05-06 10:20:00 DEBUG Calling execute on job AUTO.JOBS
2026-05-06 10:20:00 DEBUG Producing instance of Job 'AUTO.JOBS', class=com.linlongyx.sanguo.webgame.quartz.QuartzJob
2026-05-06 10:20:00 DEBUG Calling execute on job AUTO.JOBS
2026-05-06 10:20:00 INFO  触发cmd：20003
2026-05-06 10:20:00 INFO  触发cmd：20005
2026-05-06 10:20:00 ERROR rankBossTimeOut 1001 
2026-05-06 10:20:11 ERROR error occur where read field : id class: com.linlongyx.sanguo.webgame.app.increment.IncrementEntity
2026-05-06 10:20:20 INFO  初始化 消息处理器成功
2026-05-06 10:20:20 ERROR LoginInfoProcessor::handleRequest 20 10000 0 
2026-05-06 10:20:28 ERROR Send errorCode:10017, responseId:20002 
2026-05-06 10:20:30 DEBUG Producing instance of Job 'AUTO.JOBS', class=com.linlongyx.sanguo.webgame.quartz.QuartzJob
2026-05-06 10:20:30 DEBUG Calling execute on job AUTO.JOBS
2026-05-06 10:20:30 INFO  触发cmd：20005
2026-05-06 10:20:32 ERROR 消息处理出错，code:10002, msg:{"userId":20,"sex":1,"playerName":"racon","avatarUrl":""}
2026-05-06 10:20:32 ERROR 
java.lang.NullPointerException
	at com.linlongyx.sanguo.webgame.app.increment.IncrementEntity.incr(IncrementEntity.java:44)
	at com.linlongyx.sanguo.webgame.app.increment.IncrementEntity$$EnhancerByCGLIB$$1d2d3c1.CGLIB$incr$3(<generated>)
	at com.linlongyx.sanguo.webgame.app.increment.IncrementEntity$$EnhancerByCGLIB$$1d2d3c1$$FastClassByCGLIB$$1de9a0d6.invoke(<generated>)
	at net.sf.cglib.proxy.MethodProxy.invokeSuper(MethodProxy.java:228)
	at com.linlongyx.core.framework.dao.proxy.MapProxy.intercept(MapProxy.java:489)
	at com.linlongyx.sanguo.webgame.app.increment.IncrementEntity$$EnhancerByCGLIB$$1d2d3c1.incr(<generated>)
	at com.linlongyx.sanguo.webgame.service.DBIncrementService.generate(DBIncrementService.java:73)
	at com.linlongyx.sanguo.webgame.app.player.PlayerComponent.buildPlayer(PlayerComponent.java:90)
	at com.linlongyx.sanguo.webgame.processors.login.CreatePlayerProcessor.handleRequest(CreatePlayerProcessor.java:51)
	at com.linlongyx.sanguo.webgame.processors.login.CreatePlayerProcessor.handleRequest(CreatePlayerProcessor.java:22)
	at com.linlongyx.core.framework.base.ProcessorBase.process(ProcessorBase.java:47)
	at com.linlongyx.core.framework.base.ProcessorBase.handle(ProcessorBase.java:38)
	at com.linlongyx.sanguo.webgame.processors.MsgDispatcher.dispatch(MsgDispatcher.java:195)
	at com.linlongyx.sanguo.webgame.net.handler.WSServerHandler.lambda$handleWebSocketFrame$0(WSServerHandler.java:137)
	at java.util.concurrent.ThreadPoolExecutor.runWorker(ThreadPoolExecutor.java:1149)
	at java.util.concurrent.ThreadPoolExecutor$Worker.run(ThreadPoolExecutor.java:624)
	at java.lang.Thread.run(Thread.java:748)
2026-05-06 10:20:41 ERROR 消息处理出错，code:10002, msg:{"userId":20,"sex":1,"playerName":"racon","avatarUrl":""}
2026-05-06 10:20:41 ERROR 
java.lang.NullPointerException
	at com.linlongyx.sanguo.webgame.app.increment.IncrementEntity.incr(IncrementEntity.java:44)
	at com.linlongyx.sanguo.webgame.app.increment.IncrementEntity$$EnhancerByCGLIB$$1d2d3c1.CGLIB$incr$3(<generated>)
	at com.linlongyx.sanguo.webgame.app.increment.IncrementEntity$$EnhancerByCGLIB$$1d2d3c1$$FastClassByCGLIB$$1de9a0d6.invoke(<generated>)
	at net.sf.cglib.proxy.MethodProxy.invokeSuper(MethodProxy.java:228)
	at com.linlongyx.core.framework.dao.proxy.MapProxy.intercept(MapProxy.java:489)
	at com.linlongyx.sanguo.webgame.app.increment.IncrementEntity$$EnhancerByCGLIB$$1d2d3c1.incr(<generated>)
	at com.linlongyx.sanguo.webgame.service.DBIncrementService.generate(DBIncrementService.java:73)
	at com.linlongyx.sanguo.webgame.app.player.PlayerComponent.buildPlayer(PlayerComponent.java:90)
	at com.linlongyx.sanguo.webgame.processors.login.CreatePlayerProcessor.handleRequest(CreatePlayerProcessor.java:51)
	at com.linlongyx.sanguo.webgame.processors.login.CreatePlayerProcessor.handleRequest(CreatePlayerProcessor.java:22)
	at com.linlongyx.core.framework.base.ProcessorBase.process(ProcessorBase.java:47)
	at com.linlongyx.core.framework.base.ProcessorBase.handle(ProcessorBase.java:38)
	at com.linlongyx.sanguo.webgame.processors.MsgDispatcher.dispatch(MsgDispatcher.java:195)
	at com.linlongyx.sanguo.webgame.net.handler.WSServerHandler.lambda$handleWebSocketFrame$0(WSServerHandler.java:137)
	at java.util.concurrent.ThreadPoolExecutor.runWorker(ThreadPoolExecutor.java:1149)
	at java.util.concurrent.ThreadPoolExecutor$Worker.run(ThreadPoolExecutor.java:624)
	at java.lang.Thread.run(Thread.java:748)
2026-05-06 10:21:00 DEBUG Producing instance of Job 'AUTO.JOBS', class=com.linlongyx.sanguo.webgame.quartz.QuartzJob
2026-05-06 10:21:00 DEBUG Calling execute on job AUTO.JOBS
2026-05-06 10:21:00 INFO  触发cmd：20005
2026-05-06 10:21:00 ERROR rankBossReBorn 1001 
2026-05-06 10:21:11 ERROR error occur where read field : id class: com.linlongyx.sanguo.webgame.app.increment.IncrementEntity
2026-05-06 10:21:30 DEBUG Producing instance of Job 'AUTO.JOBS', class=com.linlongyx.sanguo.webgame.quartz.QuartzJob
2026-05-06 10:21:30 DEBUG Calling execute on job AUTO.JOBS
2026-05-06 10:21:30 INFO  触发cmd：20005
2026-05-06 10:21:40 ERROR rankBossTimeOut 1002 
2026-05-06 10:22:00 DEBUG Producing instance of Job 'AUTO.JOBS', class=com.linlongyx.sanguo.webgame.quartz.QuartzJob
2026-05-06 10:22:00 DEBUG Calling execute on job AUTO.JOBS
2026-05-06 10:22:00 INFO  触发cmd：20005
2026-05-06 10:22:11 ERROR error occur where read field : id class: com.linlongyx.sanguo.webgame.app.increment.IncrementEntity
2026-05-06 10:22:30 DEBUG Producing instance of Job 'AUTO.JOBS', class=com.linlongyx.sanguo.webgame.quartz.QuartzJob
2026-05-06 10:22:30 DEBUG Calling execute on job AUTO.JOBS
2026-05-06 10:22:30 INFO  触发cmd：20005
2026-05-06 10:22:40 ERROR rankBossTimeOut 1001 
2026-05-06 10:23:00 DEBUG Producing instance of Job 'AUTO.JOBS', class=com.linlongyx.sanguo.webgame.quartz.QuartzJob
2026-05-06 10:23:00 DEBUG Calling execute on job AUTO.JOBS
2026-05-06 10:23:00 INFO  触发cmd：20005
2026-05-06 10:23:11 ERROR error occur where read field : id class: com.linlongyx.sanguo.webgame.app.increment.IncrementEntity
2026-05-06 10:23:20 ERROR rankBossTimeOut 1003 
2026-05-06 10:23:30 DEBUG Producing instance of Job 'AUTO.JOBS', class=com.linlongyx.sanguo.webgame.quartz.QuartzJob
2026-05-06 10:23:30 DEBUG Calling execute on job AUTO.JOBS
2026-05-06 10:23:30 INFO  触发cmd：20005
2026-05-06 10:23:40 ERROR rankBossReBorn 1001 
2026-05-06 10:24:00 DEBUG Producing instance of Job 'AUTO.JOBS', class=com.linlongyx.sanguo.webgame.quartz.QuartzJob
2026-05-06 10:24:00 DEBUG Calling execute on job AUTO.JOBS
2026-05-06 10:24:00 INFO  触发cmd：20005
2026-05-06 10:24:10 ERROR rankBossReBorn 1002 
2026-05-06 10:24:11 ERROR error occur where read field : id class: com.linlongyx.sanguo.webgame.app.increment.IncrementEntity
2026-05-06 10:24:30 DEBUG Producing instance of Job 'AUTO.JOBS', class=com.linlongyx.sanguo.webgame.quartz.QuartzJob
2026-05-06 10:24:30 DEBUG Calling execute on job AUTO.JOBS
2026-05-06 10:24:30 INFO  触发cmd：20005
2026-05-06 10:25:00 DEBUG Producing instance of Job 'AUTO.JOBS', class=com.linlongyx.sanguo.webgame.quartz.QuartzJob
2026-05-06 10:25:00 DEBUG Calling execute on job AUTO.JOBS
2026-05-06 10:25:00 DEBUG Producing instance of Job 'AUTO.JOBS', class=com.linlongyx.sanguo.webgame.quartz.QuartzJob
2026-05-06 10:25:00 INFO  触发cmd：20003
2026-05-06 10:25:00 DEBUG Calling execute on job AUTO.JOBS
2026-05-06 10:25:00 INFO  触发cmd：20005
2026-05-06 10:25:00 ERROR destiny rank refresh 
2026-05-06 10:25:11 ERROR error occur where read field : id class: com.linlongyx.sanguo.webgame.app.increment.IncrementEntity
2026-05-06 10:25:20 ERROR rankBossTimeOut 1001 
2026-05-06 10:25:30 DEBUG Producing instance of Job 'AUTO.JOBS', class=com.linlongyx.sanguo.webgame.quartz.QuartzJob
2026-05-06 10:25:30 DEBUG Calling execute on job AUTO.JOBS
2026-05-06 10:25:30 INFO  触发cmd：20005
2026-05-06 10:26:00 DEBUG Producing instance of Job 'AUTO.JOBS', class=com.linlongyx.sanguo.webgame.quartz.QuartzJob
2026-05-06 10:26:00 DEBUG Calling execute on job AUTO.JOBS
2026-05-06 10:26:00 INFO  触发cmd：20005
2026-05-06 10:26:11 ERROR error occur where read field : id class: com.linlongyx.sanguo.webgame.app.increment.IncrementEntity
2026-05-06 10:26:20 ERROR rankBossReBorn 1001 
2026-05-06 10:26:30 DEBUG Producing instance of Job 'AUTO.JOBS', class=com.linlongyx.sanguo.webgame.quartz.QuartzJob
2026-05-06 10:26:30 DEBUG Calling execute on job AUTO.JOBS
2026-05-06 10:26:30 INFO  触发cmd：20005
2026-05-06 10:26:40 ERROR rankBossReBorn 1003 
2026-05-06 10:26:40 ERROR rankBossTimeOut 1004 
2026-05-06 10:27:00 DEBUG Producing instance of Job 'AUTO.JOBS', class=com.linlongyx.sanguo.webgame.quartz.QuartzJob
2026-05-06 10:27:00 DEBUG Calling execute on job AUTO.JOBS
2026-05-06 10:27:00 INFO  触发cmd：20005
2026-05-06 10:27:11 ERROR error occur where read field : id class: com.linlongyx.sanguo.webgame.app.increment.IncrementEntity
2026-05-06 10:27:30 DEBUG Producing instance of Job 'AUTO.JOBS', class=com.linlongyx.sanguo.webgame.quartz.QuartzJob
2026-05-06 10:27:30 DEBUG Calling execute on job AUTO.JOBS
2026-05-06 10:27:30 INFO  触发cmd：20005
2026-05-06 10:27:30 ERROR rankBossTimeOut 1002 
2026-05-06 10:28:00 DEBUG Producing instance of Job 'AUTO.JOBS', class=com.linlongyx.sanguo.webgame.quartz.QuartzJob
2026-05-06 10:28:00 DEBUG Calling execute on job AUTO.JOBS
2026-05-06 10:28:00 INFO  触发cmd：20005
2026-05-06 10:28:00 ERROR rankBossTimeOut 1001 
2026-05-06 10:28:11 ERROR error occur where read field : id class: com.linlongyx.sanguo.webgame.app.increment.IncrementEntity
2026-05-06 10:28:30 DEBUG Producing instance of Job 'AUTO.JOBS', class=com.linlongyx.sanguo.webgame.quartz.QuartzJob
2026-05-06 10:28:30 DEBUG Calling execute on job AUTO.JOBS
2026-05-06 10:28:30 INFO  触发cmd：20005
2026-05-06 10:29:00 DEBUG Producing instance of Job 'AUTO.JOBS', class=com.linlongyx.sanguo.webgame.quartz.QuartzJob
2026-05-06 10:29:00 DEBUG Calling execute on job AUTO.JOBS
2026-05-06 10:29:00 INFO  触发cmd：20005
2026-05-06 10:29:00 ERROR rankBossReBorn 1001 
2026-05-06 10:29:11 ERROR error occur where read field : id class: com.linlongyx.sanguo.webgame.app.increment.IncrementEntity
2026-05-06 10:29:30 DEBUG Producing instance of Job 'AUTO.JOBS', class=com.linlongyx.sanguo.webgame.quartz.QuartzJob
2026-05-06 10:29:30 DEBUG Calling execute on job AUTO.JOBS
2026-05-06 10:29:30 INFO  触发cmd：20005
2026-05-06 10:30:00 DEBUG Producing instance of Job 'AUTO.JOBS', class=com.linlongyx.sanguo.webgame.quartz.QuartzJob
2026-05-06 10:30:00 DEBUG Calling execute on job AUTO.JOBS
2026-05-06 10:30:00 DEBUG Producing instance of Job 'AUTO.JOBS', class=com.linlongyx.sanguo.webgame.quartz.QuartzJob
2026-05-06 10:30:00 DEBUG Calling execute on job AUTO.JOBS
2026-05-06 10:30:00 DEBUG Producing instance of Job 'AUTO.JOBS', class=com.linlongyx.sanguo.webgame.quartz.QuartzJob
2026-05-06 10:30:00 INFO  触发cmd：20001
2026-05-06 10:30:00 DEBUG Calling execute on job AUTO.JOBS
2026-05-06 10:30:00 ERROR destiny rank refresh 
2026-05-06 10:30:00 INFO  触发cmd：20003
2026-05-06 10:30:00 INFO  触发cmd：20005
2026-05-06 10:30:00 ERROR rankBossReBorn 1002 
2026-05-06 10:30:00 ERROR rankBossTimeOut 1005 
2026-05-06 10:30:11 ERROR error occur where read field : id class: com.linlongyx.sanguo.webgame.app.increment.IncrementEntity
2026-05-06 10:30:30 DEBUG Producing instance of Job 'AUTO.JOBS', class=com.linlongyx.sanguo.webgame.quartz.QuartzJob
2026-05-06 10:30:30 DEBUG Calling execute on job AUTO.JOBS
2026-05-06 10:30:30 INFO  触发cmd：20005
2026-05-06 10:30:40 ERROR rankBossTimeOut 1001 
2026-05-06 10:31:00 DEBUG Producing instance of Job 'AUTO.JOBS', class=com.linlongyx.sanguo.webgame.quartz.QuartzJob
2026-05-06 10:31:00 DEBUG Calling execute on job AUTO.JOBS
2026-05-06 10:31:00 INFO  触发cmd：20005
2026-05-06 10:31:11 ERROR error occur where read field : id class: com.linlongyx.sanguo.webgame.app.increment.IncrementEntity
2026-05-06 10:31:30 DEBUG Producing instance of Job 'AUTO.JOBS', class=com.linlongyx.sanguo.webgame.quartz.QuartzJob
2026-05-06 10:31:30 DEBUG Calling execute on job AUTO.JOBS
2026-05-06 10:31:30 INFO  触发cmd：20005
2026-05-06 10:31:40 ERROR rankBossReBorn 1001 
2026-05-06 10:31:40 ERROR rankBossTimeOut 1003 
2026-05-06 10:31:40 ERROR rankBossReBorn 1004 
2026-05-06 10:31:40 ERROR rankBossTimeOut 1006 
2026-05-06 10:32:00 DEBUG Producing instance of Job 'AUTO.JOBS', class=com.linlongyx.sanguo.webgame.quartz.QuartzJob
2026-05-06 10:32:00 DEBUG Calling execute on job AUTO.JOBS
2026-05-06 10:32:00 INFO  触发cmd：20005
2026-05-06 10:32:11 ERROR error occur where read field : id class: com.linlongyx.sanguo.webgame.app.increment.IncrementEntity
2026-05-06 10:32:30 DEBUG Producing instance of Job 'AUTO.JOBS', class=com.linlongyx.sanguo.webgame.quartz.QuartzJob
2026-05-06 10:32:30 DEBUG Calling execute on job AUTO.JOBS
2026-05-06 10:32:30 INFO  触发cmd：20005
2026-05-06 10:33:00 DEBUG Producing instance of Job 'AUTO.JOBS', class=com.linlongyx.sanguo.webgame.quartz.QuartzJob
2026-05-06 10:33:00 DEBUG Calling execute on job AUTO.JOBS
2026-05-06 10:33:00 INFO  触发cmd：20005
2026-05-06 10:33:11 ERROR error occur where read field : id class: com.linlongyx.sanguo.webgame.app.increment.IncrementEntity
2026-05-06 10:33:20 ERROR rankBossTimeOut 1001 
2026-05-06 10:33:20 ERROR rankBossTimeOut 1002 
2026-05-06 10:33:20 ERROR rankBossTimeOut 1007 
2026-05-06 10:33:30 DEBUG Producing instance of Job 'AUTO.JOBS', class=com.linlongyx.sanguo.webgame.quartz.QuartzJob
2026-05-06 10:33:30 DEBUG Calling execute on job AUTO.JOBS
2026-05-06 10:33:30 INFO  触发cmd：20005
2026-05-06 10:34:00 DEBUG Producing instance of Job 'AUTO.JOBS', class=com.linlongyx.sanguo.webgame.quartz.QuartzJob
2026-05-06 10:34:00 DEBUG Calling execute on job AUTO.JOBS
2026-05-06 10:34:00 INFO  触发cmd：20005
2026-05-06 10:34:11 ERROR error occur where read field : id class: com.linlongyx.sanguo.webgame.app.increment.IncrementEntity
2026-05-06 10:34:20 ERROR rankBossReBorn 1001 
2026-05-06 10:34:30 DEBUG Producing instance of Job 'AUTO.JOBS', class=com.linlongyx.sanguo.webgame.quartz.QuartzJob
2026-05-06 10:34:30 DEBUG Calling execute on job AUTO.JOBS
2026-05-06 10:34:30 INFO  触发cmd：20005
2026-05-06 10:35:00 DEBUG Producing instance of Job 'AUTO.JOBS', class=com.linlongyx.sanguo.webgame.quartz.QuartzJob
2026-05-06 10:35:00 DEBUG Calling execute on job AUTO.JOBS
2026-05-06 10:35:00 DEBUG Producing instance of Job 'AUTO.JOBS', class=com.linlongyx.sanguo.webgame.quartz.QuartzJob
2026-05-06 10:35:00 DEBUG Calling execute on job AUTO.JOBS
2026-05-06 10:35:00 INFO  触发cmd：20003
2026-05-06 10:35:00 INFO  触发cmd：20005
2026-05-06 10:35:00 ERROR destiny rank refresh 
2026-05-06 10:35:00 ERROR rankBossReBorn 1003 
2026-05-06 10:35:00 ERROR rankBossTimeOut 1008 
2026-05-06 10:35:11 ERROR error occur where read field : id class: com.linlongyx.sanguo.webgame.app.increment.IncrementEntity
2026-05-06 10:35:30 DEBUG Producing instance of Job 'AUTO.JOBS', class=com.linlongyx.sanguo.webgame.quartz.QuartzJob
2026-05-06 10:35:30 DEBUG Calling execute on job AUTO.JOBS
2026-05-06 10:35:30 INFO  触发cmd：20005
2026-05-06 10:35:50 ERROR rankBossReBorn 1002 
2026-05-06 10:35:50 ERROR rankBossReBorn 1005 
2026-05-06 10:36:00 DEBUG Producing instance of Job 'AUTO.JOBS', class=com.linlongyx.sanguo.webgame.quartz.QuartzJob
2026-05-06 10:36:00 DEBUG Calling execute on job AUTO.JOBS
2026-05-06 10:36:00 INFO  触发cmd：20005
2026-05-06 10:36:00 ERROR rankBossTimeOut 1001 
2026-05-06 10:36:11 ERROR error occur where read field : id class: com.linlongyx.sanguo.webgame.app.increment.IncrementEntity
2026-05-06 10:36:30 DEBUG Producing instance of Job 'AUTO.JOBS', class=com.linlongyx.sanguo.webgame.quartz.QuartzJob
2026-05-06 10:36:30 DEBUG Calling execute on job AUTO.JOBS
2026-05-06 10:36:30 INFO  触发cmd：20005
2026-05-06 10:36:40 ERROR rankBossTimeOut 1009 
2026-05-06 10:37:00 DEBUG Producing instance of Job 'AUTO.JOBS', class=com.linlongyx.sanguo.webgame.quartz.QuartzJob
2026-05-06 10:37:00 DEBUG Calling execute on job AUTO.JOBS
2026-05-06 10:37:00 INFO  触发cmd：20005
2026-05-06 10:37:00 ERROR rankBossReBorn 1001 
2026-05-06 10:37:11 ERROR error occur where read field : id class: com.linlongyx.sanguo.webgame.app.increment.IncrementEntity
2026-05-06 10:37:30 DEBUG Producing instance of Job 'AUTO.JOBS', class=com.linlongyx.sanguo.webgame.quartz.QuartzJob
2026-05-06 10:37:30 DEBUG Calling execute on job AUTO.JOBS
2026-05-06 10:37:30 INFO  触发cmd：20005
2026-05-06 10:37:59 ERROR LoginInfoProcessor::handleRequest 21 10000 0 
2026-05-06 10:38:00 DEBUG Producing instance of Job 'AUTO.JOBS', class=com.linlongyx.sanguo.webgame.quartz.QuartzJob
2026-05-06 10:38:00 DEBUG Calling execute on job AUTO.JOBS
2026-05-06 10:38:00 INFO  触发cmd：20005
2026-05-06 10:38:03 ERROR 消息处理出错，code:10002, msg:{"userId":21,"sex":2,"playerName":"racona","avatarUrl":""}
2026-05-06 10:38:03 ERROR 
java.lang.NullPointerException
	at com.linlongyx.sanguo.webgame.app.increment.IncrementEntity.incr(IncrementEntity.java:44)
	at com.linlongyx.sanguo.webgame.app.increment.IncrementEntity$$EnhancerByCGLIB$$1d2d3c1.CGLIB$incr$3(<generated>)
	at com.linlongyx.sanguo.webgame.app.increment.IncrementEntity$$EnhancerByCGLIB$$1d2d3c1$$FastClassByCGLIB$$1de9a0d6.invoke(<generated>)
	at net.sf.cglib.proxy.MethodProxy.invokeSuper(MethodProxy.java:228)
	at com.linlongyx.core.framework.dao.proxy.MapProxy.intercept(MapProxy.java:489)
	at com.linlongyx.sanguo.webgame.app.increment.IncrementEntity$$EnhancerByCGLIB$$1d2d3c1.incr(<generated>)
	at com.linlongyx.sanguo.webgame.service.DBIncrementService.generate(DBIncrementService.java:73)
	at com.linlongyx.sanguo.webgame.app.player.PlayerComponent.buildPlayer(PlayerComponent.java:90)
	at com.linlongyx.sanguo.webgame.processors.login.CreatePlayerProcessor.handleRequest(CreatePlayerProcessor.java:51)
	at com.linlongyx.sanguo.webgame.processors.login.CreatePlayerProcessor.handleRequest(CreatePlayerProcessor.java:22)
	at com.linlongyx.core.framework.base.ProcessorBase.process(ProcessorBase.java:47)
	at com.linlongyx.core.framework.base.ProcessorBase.handle(ProcessorBase.java:38)
	at com.linlongyx.sanguo.webgame.processors.MsgDispatcher.dispatch(MsgDispatcher.java:195)
	at com.linlongyx.sanguo.webgame.net.handler.WSServerHandler.lambda$handleWebSocketFrame$0(WSServerHandler.java:137)
	at java.util.concurrent.ThreadPoolExecutor.runWorker(ThreadPoolExecutor.java:1149)
	at java.util.concurrent.ThreadPoolExecutor$Worker.run(ThreadPoolExecutor.java:624)
	at java.lang.Thread.run(Thread.java:748)
2026-05-06 10:38:11 ERROR error occur where read field : id class: com.linlongyx.sanguo.webgame.app.increment.IncrementEntity
2026-05-06 10:38:13 ERROR 消息处理出错，code:10002, msg:{"userId":21,"sex":2,"playerName":"racona","avatarUrl":""}
2026-05-06 10:38:13 ERROR 
java.lang.NullPointerException
	at com.linlongyx.sanguo.webgame.app.increment.IncrementEntity.incr(IncrementEntity.java:44)
	at com.linlongyx.sanguo.webgame.app.increment.IncrementEntity$$EnhancerByCGLIB$$1d2d3c1.CGLIB$incr$3(<generated>)
	at com.linlongyx.sanguo.webgame.app.increment.IncrementEntity$$EnhancerByCGLIB$$1d2d3c1$$FastClassByCGLIB$$1de9a0d6.invoke(<generated>)
	at net.sf.cglib.proxy.MethodProxy.invokeSuper(MethodProxy.java:228)
	at com.linlongyx.core.framework.dao.proxy.MapProxy.intercept(MapProxy.java:489)
	at com.linlongyx.sanguo.webgame.app.increment.IncrementEntity$$EnhancerByCGLIB$$1d2d3c1.incr(<generated>)
	at com.linlongyx.sanguo.webgame.service.DBIncrementService.generate(DBIncrementService.java:73)
	at com.linlongyx.sanguo.webgame.app.player.PlayerComponent.buildPlayer(PlayerComponent.java:90)
	at com.linlongyx.sanguo.webgame.processors.login.CreatePlayerProcessor.handleRequest(CreatePlayerProcessor.java:51)
	at com.linlongyx.sanguo.webgame.processors.login.CreatePlayerProcessor.handleRequest(CreatePlayerProcessor.java:22)
	at com.linlongyx.core.framework.base.ProcessorBase.process(ProcessorBase.java:47)
	at com.linlongyx.core.framework.base.ProcessorBase.handle(ProcessorBase.java:38)
	at com.linlongyx.sanguo.webgame.processors.MsgDispatcher.dispatch(MsgDispatcher.java:195)
	at com.linlongyx.sanguo.webgame.net.handler.WSServerHandler.lambda$handleWebSocketFrame$0(WSServerHandler.java:137)
	at java.util.concurrent.ThreadPoolExecutor.runWorker(ThreadPoolExecutor.java:1149)
	at java.util.concurrent.ThreadPoolExecutor$Worker.run(ThreadPoolExecutor.java:624)
	at java.lang.Thread.run(Thread.java:748)
2026-05-06 10:38:20 ERROR rankBossReBorn 1006 
2026-05-06 10:38:20 ERROR rankBossTimeOut 1010 
2026-05-06 10:38:30 DEBUG Producing instance of Job 'AUTO.JOBS', class=com.linlongyx.sanguo.webgame.quartz.QuartzJob
2026-05-06 10:38:30 DEBUG Calling execute on job AUTO.JOBS
2026-05-06 10:38:30 INFO  触发cmd：20005
2026-05-06 10:38:40 ERROR rankBossTimeOut 1001 
2026-05-06 10:39:00 DEBUG Producing instance of Job 'AUTO.JOBS', class=com.linlongyx.sanguo.webgame.quartz.QuartzJob
2026-05-06 10:39:00 DEBUG Calling execute on job AUTO.JOBS
2026-05-06 10:39:00 INFO  触发cmd：20005
2026-05-06 10:39:10 ERROR rankBossTimeOut 1002 
2026-05-06 10:39:11 ERROR error occur where read field : id class: com.linlongyx.sanguo.webgame.app.increment.IncrementEntity
2026-05-06 10:39:30 DEBUG Producing instance of Job 'AUTO.JOBS', class=com.linlongyx.sanguo.webgame.quartz.QuartzJob
2026-05-06 10:39:30 DEBUG Calling execute on job AUTO.JOBS
2026-05-06 10:39:30 INFO  触发cmd：20005
2026-05-06 10:39:40 ERROR rankBossReBorn 1001 
2026-05-06 10:40:00 DEBUG Producing instance of Job 'AUTO.JOBS', class=com.linlongyx.sanguo.webgame.quartz.QuartzJob
2026-05-06 10:40:00 DEBUG Calling execute on job AUTO.JOBS
2026-05-06 10:40:00 DEBUG Producing instance of Job 'AUTO.JOBS', class=com.linlongyx.sanguo.webgame.quartz.QuartzJob
2026-05-06 10:40:00 INFO  触发cmd：20003
2026-05-06 10:40:00 DEBUG Calling execute on job AUTO.JOBS
2026-05-06 10:40:00 INFO  触发cmd：20005
2026-05-06 10:40:00 ERROR destiny rank refresh 
2026-05-06 10:40:00 ERROR rankBossTimeOut 1003 
2026-05-06 10:40:00 ERROR rankBossTimeOut 1004 
2026-05-06 10:40:00 ERROR rankBossTimeOut 1011 
2026-05-06 10:40:11 ERROR error occur where read field : id class: com.linlongyx.sanguo.webgame.app.increment.IncrementEntity
2026-05-06 10:40:30 DEBUG Producing instance of Job 'AUTO.JOBS', class=com.linlongyx.sanguo.webgame.quartz.QuartzJob
2026-05-06 10:40:30 DEBUG Calling execute on job AUTO.JOBS
2026-05-06 10:40:30 INFO  触发cmd：20005
2026-05-06 10:40:50 ERROR rankBossReBorn 1007 
2026-05-06 10:41:00 DEBUG Producing instance of Job 'AUTO.JOBS', class=com.linlongyx.sanguo.webgame.quartz.QuartzJob
2026-05-06 10:41:00 DEBUG Calling execute on job AUTO.JOBS
2026-05-06 10:41:00 INFO  触发cmd：20005
2026-05-06 10:41:11 ERROR error occur where read field : id class: com.linlongyx.sanguo.webgame.app.increment.IncrementEntity
2026-05-06 10:41:20 ERROR rankBossTimeOut 1001 
2026-05-06 10:41:30 DEBUG Producing instance of Job 'AUTO.JOBS', class=com.linlongyx.sanguo.webgame.quartz.QuartzJob
2026-05-06 10:41:30 DEBUG Calling execute on job AUTO.JOBS
2026-05-06 10:41:30 INFO  触发cmd：20005
2026-05-06 10:41:40 ERROR rankBossReBorn 1002 
2026-05-06 10:41:40 ERROR rankBossTimeOut 1012 
2026-05-06 10:41:51 INFO  Refreshing org.springframework.context.annotation.AnnotationConfigApplicationContext@61064425: startup date [Wed May 06 10:41:51 EET 2026]; root of context hierarchy
2026-05-06 10:41:51 INFO  Loading XML bean definitions from class path resource [webgame/beans/server-beans.xml]
2026-05-06 10:41:51 INFO  Loading XML bean definitions from class path resource [webgame/beans/mysql-beans.xml]
2026-05-06 10:41:51 INFO  Loading XML bean definitions from class path resource [webgame/beans/service-beans.xml]
2026-05-06 10:41:51 INFO  Loading XML bean definitions from class path resource [webgame/beans/mysql-beans.xml]
2026-05-06 10:41:51 INFO  Loading XML bean definitions from class path resource [webgame/beans/data-beans.xml]
2026-05-06 10:41:52 INFO  Loading properties file from class path resource [webgame/props/webgame.properties]
2026-05-06 10:41:52 INFO  Loading properties file from class path resource [webgame/props/mysql.properties]
2026-05-06 10:41:52 INFO  Loading properties file from class path resource [webgame/props/redis.properties]
2026-05-06 10:41:52 INFO  Loading properties file from class path resource [version.properties]
2026-05-06 10:41:52 DEBUG 加载配置文件 
2026-05-06 10:41:52 DEBUG key -> platform, value -> test 
2026-05-06 10:41:52 DEBUG key -> businessThreadCount, value -> 10 
2026-05-06 10:41:52 DEBUG key -> svn, value -> 32883 
2026-05-06 10:41:52 DEBUG key -> jdbc.url, value -> jdbc:mysql://localhost:3306/sanguo_game?useUnicode=true&characterEncoding=utf8 
2026-05-06 10:41:52 DEBUG key -> secretKey, value -> 5Jqxjo10Yl2ElQCwJm 
2026-05-06 10:41:52 DEBUG key -> so.backlog, value -> 128 
2026-05-06 10:41:52 DEBUG key -> url, value -> http://localhost 
2026-05-06 10:41:52 DEBUG key -> redis.testOnBorrow, value -> true 
2026-05-06 10:41:52 DEBUG key -> serverId, value -> 10000 
2026-05-06 10:41:52 DEBUG key -> redis.maxTotal, value -> 600 
2026-05-06 10:41:52 DEBUG key -> serverName, value -> å°æ¸¸æ1æ 
2026-05-06 10:41:52 DEBUG key -> logserver.isOpen, value -> false 
2026-05-06 10:41:52 DEBUG key -> redis.port, value -> 6379 
2026-05-06 10:41:52 DEBUG key -> jmxPort, value -> 19301 
2026-05-06 10:41:52 DEBUG key -> redis.db, value -> 13 
2026-05-06 10:41:52 DEBUG key -> redis.timeout, value -> 5000 
2026-05-06 10:41:52 DEBUG key -> logserver.port, value -> 6000 
2026-05-06 10:41:52 DEBUG key -> jdbc.user, value -> root 
2026-05-06 10:41:52 DEBUG key -> keystorePass, value ->  
2026-05-06 10:41:52 DEBUG key -> characterEncoding, value -> UTF-8 
2026-05-06 10:41:52 DEBUG key -> logicRmi.port, value -> 17003 
2026-05-06 10:41:52 DEBUG key -> debug, value -> true 
2026-05-06 10:41:52 DEBUG key -> wss, value -> false 
2026-05-06 10:41:52 DEBUG key -> dataLocation, value -> cn 
2026-05-06 10:41:52 DEBUG key -> useUnicode, value -> true 
2026-05-06 10:41:52 DEBUG key -> redis.pass, value -> e5968b5bd4f916e4 
2026-05-06 10:41:52 DEBUG key -> jmxPass, value -> g6UoONwr6joi1ApG 
2026-05-06 10:41:52 DEBUG key -> appId, value -> 100962 
2026-05-06 10:41:52 DEBUG key -> jks, value -> localhost 
2026-05-06 10:41:52 DEBUG key -> so.keepalive, value -> true 
2026-05-06 10:41:52 DEBUG key -> http.port, value -> 19201 
2026-05-06 10:41:52 DEBUG key -> jdbc.driverClassName, value -> com.mysql.jdbc.Driver 
2026-05-06 10:41:52 DEBUG key -> cchId, value -> 392 
2026-05-06 10:41:52 DEBUG key -> workerThreadCount, value -> 14 
2026-05-06 10:41:52 DEBUG key -> bossThreadCount, value -> 1 
2026-05-06 10:41:52 DEBUG key -> redis.host, value -> localhost 
2026-05-06 10:41:52 DEBUG key -> logserver.host, value -> localhost 
2026-05-06 10:41:52 DEBUG key -> openTime, value -> 2017-09-02 00:00:00 
2026-05-06 10:41:52 DEBUG key -> logserver.dataPath, value -> ./log 
2026-05-06 10:41:52 DEBUG key -> wordLocation, value -> cn 
2026-05-06 10:41:52 DEBUG key -> ws.port, value -> 19101 
2026-05-06 10:41:52 DEBUG key -> jdbc.password, value -> EghgTJGqPmZ9RQiW 
2026-05-06 10:41:52 DEBUG key -> logicRmi.cmport, value -> 17004 
2026-05-06 10:41:52 DEBUG key -> path, value -> webgame/platform/ 
2026-05-06 10:41:52 DEBUG key -> rmi.url, value -> rmi://localhost:19850/crossRankRMI 
2026-05-06 10:41:52 DEBUG key -> tag, value -> 24b0d14d02f7970e270d2b70dfab4ea62fc2390a 
2026-05-06 10:41:52 DEBUG key -> logicRmi.host, value -> localhost 
2026-05-06 10:41:52 DEBUG key -> jmxName, value -> llyx-sanguo 
2026-05-06 10:41:52 DEBUG key -> crossUrl, value -> ws://localhost 
2026-05-06 10:41:52 DEBUG key -> redis.maxWait, value -> 10000 
2026-05-06 10:41:52 DEBUG key -> version, value -> 1.1000 
2026-05-06 10:41:52 DEBUG key -> httpSwitch, value -> false 
2026-05-06 10:41:52 DEBUG key -> ws, value -> true 
2026-05-06 10:41:52 DEBUG key -> logicRmi.serviceName, value -> crossRankLogicRMI 
2026-05-06 10:41:52 DEBUG key -> redis.maxIdle, value -> 300 
2026-05-06 10:41:53 INFO  {dataSource-1} inited
2026-05-06 10:41:53 INFO  Loaded JDBC driver: com.mysql.jdbc.Driver
2026-05-06 10:41:56 ERROR LogicRmiManager::publish rmi service url: {} rmi://localhost:17003/crossRankLogicRMI 
2026-05-06 10:42:11 ERROR ContinuityParameter {1={"actId":1,"startTime":1682974800,"endTime":1683579600,"closeTime":0}, 2={"actId":2,"startTime":1683234000,"endTime":1683838800,"closeTime":0}, 3={"actId":3,"startTime":1551733200,"endTime":1552337999,"closeTime":0}} 
2026-05-06 10:42:11 DEBUG {conn-10004, pstmt-20016} enter cache
2026-05-06 10:42:11 DEBUG {conn-10004, pstmt-20017} enter cache
2026-05-06 10:42:11 ERROR update group Pre:update tb_group set id=10000000000 + id where id != 0 and id<=10000000000; 
2026-05-06 10:42:11 ERROR update groupMember Pre:update tb_groupMember set id=10000000000 + id where id != 0 and id<=10000000000; 
2026-05-06 10:42:12 ERROR ArenaRankError 10000000005 10000000001 3001 
2026-05-06 10:42:12 DEBUG server open days: 1101, rankAct id: 15, state: Expire 
2026-05-06 10:42:12 DEBUG server open days: 1101, rankAct id: 16, state: Expire 
2026-05-06 10:42:12 DEBUG server open days: 1101, rankAct id: 17, state: Expire 
2026-05-06 10:42:12 DEBUG server open days: 1101, rankAct id: 18, state: Expire 
2026-05-06 10:42:12 DEBUG server open days: 1101, rankAct id: 19, state: Expire 
2026-05-06 10:42:12 DEBUG server open days: 1101, rankAct id: 20, state: Expire 
2026-05-06 10:42:12 DEBUG server open days: 1101, rankAct id: 21, state: Expire 
2026-05-06 10:42:13 WARN  Unknown channel option 'SO_KEEPALIVE' for channel '[id: 0xd36628dd]'
2026-05-06 10:42:13 WARN  Unknown channel option 'SO_KEEPALIVE' for channel '[id: 0x836e19f3]'
2026-05-06 10:42:13 INFO  Using default implementation for ThreadExecutor
2026-05-06 10:42:13 INFO  Initialized Scheduler Signaller of type: class org.quartz.core.SchedulerSignalerImpl
2026-05-06 10:42:13 INFO  Quartz Scheduler v.1.8.6 created.
2026-05-06 10:42:13 INFO  Registering Quartz Job Initialization Plug-in.
2026-05-06 10:42:13 INFO  RAMJobStore initialized.
2026-05-06 10:42:13 INFO  Scheduler meta-data: Quartz Scheduler (v1.8.6) 'AUTO' with instanceId 'NON_CLUSTERED'
  Scheduler class: 'org.quartz.core.QuartzScheduler' - running locally.
  NOT STARTED.
  Currently in standby mode.
  Number of jobs executed: 0
  Using thread pool 'org.quartz.simpl.SimpleThreadPool' - with 5 threads.
  Using job-store 'org.quartz.simpl.RAMJobStore' - which does not support persistence. and is not clustered.

2026-05-06 10:42:13 INFO  Quartz scheduler 'AUTO' initialized from default resource file in Quartz package: 'quartz.properties'
2026-05-06 10:42:13 INFO  Quartz scheduler version: 1.8.6
2026-05-06 10:42:13 DEBUG Utilizing schema packaged in local quartz distribution jar.
2026-05-06 10:42:13 INFO  Parsing XML file: quartz_jobs.xml with systemId: quartz_jobs.xml
2026-05-06 10:42:13 DEBUG Found 0 delete job group commands.
2026-05-06 10:42:13 DEBUG Found 0 delete trigger group commands.
2026-05-06 10:42:13 DEBUG Found 0 delete job commands.
2026-05-06 10:42:13 DEBUG Found 0 delete trigger commands.
2026-05-06 10:42:13 DEBUG Directive 'overwrite-existing-data' not specified, defaulting to true
2026-05-06 10:42:13 DEBUG Directive 'ignore-duplicates' not specified, defaulting to false
2026-05-06 10:42:13 DEBUG Found 1 job definitions.
2026-05-06 10:42:13 DEBUG Parsed job definition: JobDetail 'AUTO.JOBS':  jobClass: 'com.linlongyx.sanguo.webgame.quartz.QuartzJob isStateful: false isVolatile: false isDurable: false requestsRecovers: false
2026-05-06 10:42:13 DEBUG Found 11 trigger definitions.
2026-05-06 10:42:13 DEBUG Parsed trigger definition: Trigger 'DEFAULT.10000':  triggerClass: 'org.quartz.CronTrigger isVolatile: false calendar: 'null' misfireInstruction: 0 nextFireTime: null
2026-05-06 10:42:13 DEBUG Parsed trigger definition: Trigger 'DEFAULT.10001':  triggerClass: 'org.quartz.CronTrigger isVolatile: false calendar: 'null' misfireInstruction: 0 nextFireTime: null
2026-05-06 10:42:13 DEBUG Parsed trigger definition: Trigger 'DEFAULT.10002':  triggerClass: 'org.quartz.CronTrigger isVolatile: false calendar: 'null' misfireInstruction: 0 nextFireTime: null
2026-05-06 10:42:13 DEBUG Parsed trigger definition: Trigger 'DEFAULT.10010':  triggerClass: 'org.quartz.CronTrigger isVolatile: false calendar: 'null' misfireInstruction: 0 nextFireTime: null
2026-05-06 10:42:13 DEBUG Parsed trigger definition: Trigger 'DEFAULT.10011':  triggerClass: 'org.quartz.CronTrigger isVolatile: false calendar: 'null' misfireInstruction: 0 nextFireTime: null
2026-05-06 10:42:13 DEBUG Parsed trigger definition: Trigger 'DEFAULT.10012':  triggerClass: 'org.quartz.CronTrigger isVolatile: false calendar: 'null' misfireInstruction: 0 nextFireTime: null
2026-05-06 10:42:13 DEBUG Parsed trigger definition: Trigger 'DEFAULT.20001':  triggerClass: 'org.quartz.CronTrigger isVolatile: false calendar: 'null' misfireInstruction: 0 nextFireTime: null
2026-05-06 10:42:13 DEBUG Parsed trigger definition: Trigger 'DEFAULT.20003':  triggerClass: 'org.quartz.CronTrigger isVolatile: false calendar: 'null' misfireInstruction: 0 nextFireTime: null
2026-05-06 10:42:13 DEBUG Parsed trigger definition: Trigger 'DEFAULT.20004':  triggerClass: 'org.quartz.CronTrigger isVolatile: false calendar: 'null' misfireInstruction: 0 nextFireTime: null
2026-05-06 10:42:13 DEBUG Parsed trigger definition: Trigger 'DEFAULT.20005':  triggerClass: 'org.quartz.CronTrigger isVolatile: false calendar: 'null' misfireInstruction: 0 nextFireTime: null
2026-05-06 10:42:13 DEBUG Parsed trigger definition: Trigger 'DEFAULT.20006':  triggerClass: 'org.quartz.CronTrigger isVolatile: false calendar: 'null' misfireInstruction: 0 nextFireTime: null
2026-05-06 10:42:13 INFO  Adding 1 jobs, 11 triggers.
2026-05-06 10:42:13 INFO  Adding job: AUTO.JOBS
2026-05-06 10:42:13 DEBUG Scheduling job: AUTO.JOBS with trigger: DEFAULT.10000
2026-05-06 10:42:13 DEBUG Scheduling job: AUTO.JOBS with trigger: DEFAULT.10001
2026-05-06 10:42:13 DEBUG Scheduling job: AUTO.JOBS with trigger: DEFAULT.10002
2026-05-06 10:42:13 DEBUG Scheduling job: AUTO.JOBS with trigger: DEFAULT.10010
2026-05-06 10:42:13 DEBUG Scheduling job: AUTO.JOBS with trigger: DEFAULT.10011
2026-05-06 10:42:13 DEBUG Scheduling job: AUTO.JOBS with trigger: DEFAULT.10012
2026-05-06 10:42:13 DEBUG Scheduling job: AUTO.JOBS with trigger: DEFAULT.20001
2026-05-06 10:42:13 DEBUG Scheduling job: AUTO.JOBS with trigger: DEFAULT.20003
2026-05-06 10:42:13 DEBUG Scheduling job: AUTO.JOBS with trigger: DEFAULT.20004
2026-05-06 10:42:13 DEBUG Scheduling job: AUTO.JOBS with trigger: DEFAULT.20005
2026-05-06 10:42:13 DEBUG Scheduling job: AUTO.JOBS with trigger: DEFAULT.20006
2026-05-06 10:42:13 INFO  Scheduler AUTO_$_NON_CLUSTERED started.
2026-05-06 10:42:13 DEBUG Reading descriptors ( dom ) 17
2026-05-06 10:42:13 DEBUG Using existing MBeanServer 0
2026-05-06 10:42:13 DEBUG default constructor
2026-05-06 10:42:13 DEBUG preRegister com.linlongyx.sanguo.webgame.service.LookUpService@74f7d1d2 onlineNum:Click=ShowDetail
2026-05-06 10:42:13 DEBUG default constructor
2026-05-06 10:42:13 DEBUG preRegister com.linlongyx.sanguo.webgame.service.JsonTableService@4b4dd216 reload:Click=reloadJson
2026-05-06 10:42:13 DEBUG default constructor
2026-05-06 10:42:13 DEBUG preRegister com.linlongyx.core.utils.ChatUtil@5ca17ab0 reload:Click=reloadSensitive
2026-05-06 10:42:13 ERROR Started version:  110000 
2026-05-06 10:42:14 DEBUG Checking for available updated version of Quartz...
2026-05-06 10:42:14 DEBUG Quartz version update check failed: Server returned HTTP response code: 403 for URL: http://www.terracotta.org/kit/reflector?kitID=quartz&pageID=update.properties&id=-1442953116&os-name=Windows+10&jvm-name=Java+HotSpot%28TM%29+64-Bit+Server+VM&jvm-version=1.8.0_181&platform=amd64&tc-version=1.8.6&tc-product=Quartz&source=Quartz&uptime-secs=1&patch=UNKNOWN
2026-05-06 10:42:30 DEBUG Producing instance of Job 'AUTO.JOBS', class=com.linlongyx.sanguo.webgame.quartz.QuartzJob
2026-05-06 10:42:30 DEBUG Calling execute on job AUTO.JOBS
2026-05-06 10:42:30 INFO  触发cmd：20005
2026-05-06 10:42:32 INFO  初始化 消息处理器成功
2026-05-06 10:42:40 INFO  Refreshing org.springframework.context.annotation.AnnotationConfigApplicationContext@61064425: startup date [Wed May 06 10:42:40 EET 2026]; root of context hierarchy
2026-05-06 10:42:40 INFO  Loading XML bean definitions from class path resource [webgame/beans/server-beans.xml]
2026-05-06 10:42:40 INFO  Loading XML bean definitions from class path resource [webgame/beans/mysql-beans.xml]
2026-05-06 10:42:40 INFO  Loading XML bean definitions from class path resource [webgame/beans/service-beans.xml]
2026-05-06 10:42:40 INFO  Loading XML bean definitions from class path resource [webgame/beans/mysql-beans.xml]
2026-05-06 10:42:40 INFO  Loading XML bean definitions from class path resource [webgame/beans/data-beans.xml]
2026-05-06 10:42:41 INFO  Loading properties file from class path resource [webgame/props/webgame.properties]
2026-05-06 10:42:41 INFO  Loading properties file from class path resource [webgame/props/mysql.properties]
2026-05-06 10:42:41 INFO  Loading properties file from class path resource [webgame/props/redis.properties]
2026-05-06 10:42:41 INFO  Loading properties file from class path resource [version.properties]
2026-05-06 10:42:41 DEBUG 加载配置文件 
2026-05-06 10:42:41 DEBUG key -> platform, value -> test 
2026-05-06 10:42:41 DEBUG key -> businessThreadCount, value -> 10 
2026-05-06 10:42:41 DEBUG key -> svn, value -> 32883 
2026-05-06 10:42:41 DEBUG key -> jdbc.url, value -> jdbc:mysql://localhost:3306/sanguo_game?useUnicode=true&characterEncoding=utf8 
2026-05-06 10:42:41 DEBUG key -> secretKey, value -> 5Jqxjo10Yl2ElQCwJm 
2026-05-06 10:42:41 DEBUG key -> so.backlog, value -> 128 
2026-05-06 10:42:41 DEBUG key -> url, value -> http://localhost 
2026-05-06 10:42:41 DEBUG key -> redis.testOnBorrow, value -> true 
2026-05-06 10:42:41 DEBUG key -> serverId, value -> 10000 
2026-05-06 10:42:41 DEBUG key -> redis.maxTotal, value -> 600 
2026-05-06 10:42:41 DEBUG key -> serverName, value -> å°æ¸¸æ1æ 
2026-05-06 10:42:41 DEBUG key -> logserver.isOpen, value -> false 
2026-05-06 10:42:41 DEBUG key -> redis.port, value -> 6379 
2026-05-06 10:42:41 DEBUG key -> jmxPort, value -> 19301 
2026-05-06 10:42:41 DEBUG key -> redis.db, value -> 13 
2026-05-06 10:42:41 DEBUG key -> redis.timeout, value -> 5000 
2026-05-06 10:42:41 DEBUG key -> logserver.port, value -> 6000 
2026-05-06 10:42:41 DEBUG key -> jdbc.user, value -> root 
2026-05-06 10:42:41 DEBUG key -> keystorePass, value ->  
2026-05-06 10:42:41 DEBUG key -> characterEncoding, value -> UTF-8 
2026-05-06 10:42:41 DEBUG key -> logicRmi.port, value -> 17003 
2026-05-06 10:42:41 DEBUG key -> debug, value -> true 
2026-05-06 10:42:41 DEBUG key -> wss, value -> false 
2026-05-06 10:42:41 DEBUG key -> dataLocation, value -> cn 
2026-05-06 10:42:41 DEBUG key -> useUnicode, value -> true 
2026-05-06 10:42:41 DEBUG key -> redis.pass, value -> e5968b5bd4f916e4 
2026-05-06 10:42:41 DEBUG key -> jmxPass, value -> g6UoONwr6joi1ApG 
2026-05-06 10:42:41 DEBUG key -> appId, value -> 100962 
2026-05-06 10:42:41 DEBUG key -> jks, value -> localhost 
2026-05-06 10:42:41 DEBUG key -> so.keepalive, value -> true 
2026-05-06 10:42:41 DEBUG key -> http.port, value -> 19201 
2026-05-06 10:42:41 DEBUG key -> jdbc.driverClassName, value -> com.mysql.jdbc.Driver 
2026-05-06 10:42:41 DEBUG key -> cchId, value -> 392 
2026-05-06 10:42:41 DEBUG key -> workerThreadCount, value -> 14 
2026-05-06 10:42:41 DEBUG key -> bossThreadCount, value -> 1 
2026-05-06 10:42:41 DEBUG key -> redis.host, value -> localhost 
2026-05-06 10:42:41 DEBUG key -> logserver.host, value -> localhost 
2026-05-06 10:42:41 DEBUG key -> openTime, value -> 2017-09-02 00:00:00 
2026-05-06 10:42:41 DEBUG key -> logserver.dataPath, value -> ./log 
2026-05-06 10:42:41 DEBUG key -> wordLocation, value -> cn 
2026-05-06 10:42:41 DEBUG key -> ws.port, value -> 19101 
2026-05-06 10:42:41 DEBUG key -> jdbc.password, value -> EghgTJGqPmZ9RQiW 
2026-05-06 10:42:41 DEBUG key -> logicRmi.cmport, value -> 17004 
2026-05-06 10:42:41 DEBUG key -> path, value -> webgame/platform/ 
2026-05-06 10:42:41 DEBUG key -> rmi.url, value -> rmi://localhost:19850/crossRankRMI 
2026-05-06 10:42:41 DEBUG key -> tag, value -> 24b0d14d02f7970e270d2b70dfab4ea62fc2390a 
2026-05-06 10:42:41 DEBUG key -> logicRmi.host, value -> localhost 
2026-05-06 10:42:41 DEBUG key -> jmxName, value -> llyx-sanguo 
2026-05-06 10:42:41 DEBUG key -> crossUrl, value -> ws://localhost 
2026-05-06 10:42:41 DEBUG key -> redis.maxWait, value -> 10000 
2026-05-06 10:42:41 DEBUG key -> version, value -> 1.1000 
2026-05-06 10:42:41 DEBUG key -> httpSwitch, value -> false 
2026-05-06 10:42:41 DEBUG key -> ws, value -> true 
2026-05-06 10:42:41 DEBUG key -> logicRmi.serviceName, value -> crossRankLogicRMI 
2026-05-06 10:42:41 DEBUG key -> redis.maxIdle, value -> 300 
2026-05-06 10:42:41 DEBUG {conn-10004, pstmt-20016} exit cache
2026-05-06 10:42:41 DEBUG {conn-10004, pstmt-20017} exit cache
2026-05-06 10:42:41 ERROR discard connection
com.mysql.jdbc.exceptions.jdbc4.CommunicationsException: Communications link failure

The last packet successfully received from the server was 29,461 milliseconds ago.  The last packet sent successfully to the server was 29,461 milliseconds ago.
	at sun.reflect.NativeConstructorAccessorImpl.newInstance0(Native Method)
	at sun.reflect.NativeConstructorAccessorImpl.newInstance(NativeConstructorAccessorImpl.java:62)
	at sun.reflect.DelegatingConstructorAccessorImpl.newInstance(DelegatingConstructorAccessorImpl.java:45)
	at java.lang.reflect.Constructor.newInstance(Constructor.java:423)
	at com.mysql.jdbc.Util.handleNewInstance(Util.java:377)
	at com.mysql.jdbc.SQLError.createCommunicationsException(SQLError.java:1036)
	at com.mysql.jdbc.MysqlIO.send(MysqlIO.java:3661)
	at com.mysql.jdbc.MysqlIO.sendCommand(MysqlIO.java:2417)
	at com.mysql.jdbc.MysqlIO.sqlQueryDirect(MysqlIO.java:2582)
	at com.mysql.jdbc.ConnectionImpl.execSQL(ConnectionImpl.java:2526)
	at com.mysql.jdbc.ConnectionImpl.execSQL(ConnectionImpl.java:2484)
	at com.mysql.jdbc.StatementImpl.executeQuery(StatementImpl.java:1446)
	at com.alibaba.druid.filter.FilterChainImpl.statement_executeQuery(FilterChainImpl.java:2363)
	at com.alibaba.druid.filter.FilterAdapter.statement_executeQuery(FilterAdapter.java:2481)
	at com.alibaba.druid.filter.FilterEventAdapter.statement_executeQuery(FilterEventAdapter.java:302)
	at com.alibaba.druid.filter.FilterChainImpl.statement_executeQuery(FilterChainImpl.java:2360)
	at com.alibaba.druid.proxy.jdbc.StatementProxyImpl.executeQuery(StatementProxyImpl.java:211)
	at com.alibaba.druid.pool.DruidPooledStatement.executeQuery(DruidPooledStatement.java:140)
	at org.springframework.jdbc.core.JdbcTemplate$1QueryStatementCallback.doInStatement(JdbcTemplate.java:454)
	at org.springframework.jdbc.core.JdbcTemplate.execute(JdbcTemplate.java:404)
	at org.springframework.jdbc.core.JdbcTemplate.query(JdbcTemplate.java:470)
	at org.springframework.jdbc.core.JdbcTemplate.query(JdbcTemplate.java:480)
	at org.springframework.jdbc.core.JdbcTemplate.queryForObject(JdbcTemplate.java:490)
	at org.springframework.jdbc.core.JdbcTemplate.queryForMap(JdbcTemplate.java:485)
	at com.linlongyx.core.framework.dao.proxy.EntityProxy.getMY(EntityProxy.java:449)
	at com.linlongyx.core.framework.dao.proxy.EntityProxy.get(EntityProxy.java:374)
	at com.linlongyx.core.framework.logic.AbstractComponent.getFromDB(AbstractComponent.java:124)
	at com.linlongyx.core.framework.logic.AbstractComponent.init(AbstractComponent.java:116)
	at com.linlongyx.sanguo.webgame.processors.login.LoginInfoProcessor.handleRequest(LoginInfoProcessor.java:76)
	at com.linlongyx.sanguo.webgame.processors.login.LoginInfoProcessor.handleRequest(LoginInfoProcessor.java:26)
	at com.linlongyx.core.framework.base.ProcessorBase.process(ProcessorBase.java:47)
	at com.linlongyx.core.framework.base.ProcessorBase.handle(ProcessorBase.java:38)
	at com.linlongyx.sanguo.webgame.processors.MsgDispatcher.dispatch(MsgDispatcher.java:195)
	at com.linlongyx.sanguo.webgame.net.handler.WSServerHandler.lambda$handleWebSocketFrame$0(WSServerHandler.java:137)
	at java.util.concurrent.ThreadPoolExecutor.runWorker(ThreadPoolExecutor.java:1149)
	at java.util.concurrent.ThreadPoolExecutor$Worker.run(ThreadPoolExecutor.java:624)
	at java.lang.Thread.run(Thread.java:748)
Caused by: java.net.SocketException: Connection reset by peer: socket write error
	at java.net.SocketOutputStream.socketWrite0(Native Method)
	at java.net.SocketOutputStream.socketWrite(SocketOutputStream.java:111)
	at java.net.SocketOutputStream.write(SocketOutputStream.java:155)
	at java.io.BufferedOutputStream.flushBuffer(BufferedOutputStream.java:82)
	at java.io.BufferedOutputStream.flush(BufferedOutputStream.java:140)
	at com.mysql.jdbc.MysqlIO.send(MysqlIO.java:3643)
	... 30 more
2026-05-06 10:42:41 INFO  Loading XML bean definitions from class path resource [org/springframework/jdbc/support/sql-error-codes.xml]
2026-05-06 10:42:42 INFO  SQLErrorCodes loaded: [DB2, Derby, H2, HSQL, Informix, MS-SQL, MySQL, Oracle, PostgreSQL, Sybase, Hana]
2026-05-06 10:42:42 ERROR LoginInfoProcessor::handleRequest 21 10000 0 
2026-05-06 10:42:42 INFO  {dataSource-1} inited
2026-05-06 10:42:42 INFO  Loaded JDBC driver: com.mysql.jdbc.Driver
2026-05-06 10:42:44 WARN  Exception encountered during context initialization - cancelling refresh attempt: org.springframework.beans.factory.BeanCreationException: Error creating bean with name 'logicRmiManager' defined in class path resource [webgame/beans/server-beans.xml]: Invocation of init method failed; nested exception is java.rmi.server.ExportException: Port already in use: 0; nested exception is: 
	java.net.BindException: Address already in use: JVM_Bind
2026-05-06 10:42:44 DEBUG In stopServer method of class: com.linlongyx.core.framework.server.netty.NettyTCPServer
2026-05-06 10:42:44 DEBUG In stopServer method of class: com.linlongyx.core.framework.server.netty.NettyTCPServer
2026-05-06 10:42:44 DEBUG In stopServer method of class: com.linlongyx.core.framework.server.netty.NettyTCPServer
2026-05-06 10:42:44 ERROR DruidDataSourceEx close 
2026-05-06 10:42:44 WARN  Invocation of destroy method 'close' failed on bean with name 'druidDataSource': org.springframework.beans.factory.BeanCreationNotAllowedException: Error creating bean with name 'dbIncrementService': Singleton bean creation not allowed while the singletons of this factory are in destruction (Do not request a bean from a BeanFactory in a destroy method implementation!)
2026-05-06 10:42:44 ERROR Error creating bean with name 'logicRmiManager' defined in class path resource [webgame/beans/server-beans.xml]: Invocation of init method failed; nested exception is java.rmi.server.ExportException: Port already in use: 0; nested exception is: 
	java.net.BindException: Address already in use: JVM_Bind
org.springframework.beans.factory.BeanCreationException: Error creating bean with name 'logicRmiManager' defined in class path resource [webgame/beans/server-beans.xml]: Invocation of init method failed; nested exception is java.rmi.server.ExportException: Port already in use: 0; nested exception is: 
	java.net.BindException: Address already in use: JVM_Bind
	at org.springframework.beans.factory.support.AbstractAutowireCapableBeanFactory.initializeBean(AbstractAutowireCapableBeanFactory.java:1583)
	at org.springframework.beans.factory.support.AbstractAutowireCapableBeanFactory.doCreateBean(AbstractAutowireCapableBeanFactory.java:545)
	at org.springframework.beans.factory.support.AbstractAutowireCapableBeanFactory.createBean(AbstractAutowireCapableBeanFactory.java:482)
	at org.springframework.beans.factory.support.AbstractBeanFactory$1.getObject(AbstractBeanFactory.java:306)
	at org.springframework.beans.factory.support.DefaultSingletonBeanRegistry.getSingleton(DefaultSingletonBeanRegistry.java:230)
	at org.springframework.beans.factory.support.AbstractBeanFactory.doGetBean(AbstractBeanFactory.java:302)
	at org.springframework.beans.factory.support.AbstractBeanFactory.getBean(AbstractBeanFactory.java:197)
	at org.springframework.beans.factory.support.DefaultListableBeanFactory.preInstantiateSingletons(DefaultListableBeanFactory.java:751)
	at org.springframework.context.support.AbstractApplicationContext.finishBeanFactoryInitialization(AbstractApplicationContext.java:861)
	at org.springframework.context.support.AbstractApplicationContext.refresh(AbstractApplicationContext.java:541)
	at org.springframework.context.annotation.AnnotationConfigApplicationContext.<init>(AnnotationConfigApplicationContext.java:84)
	at com.linlongyx.sanguo.webgame.startup.GameServer.main(GameServer.java:49)
Caused by: java.rmi.server.ExportException: Port already in use: 0; nested exception is: 
	java.net.BindException: Address already in use: JVM_Bind
	at sun.rmi.transport.tcp.TCPTransport.listen(TCPTransport.java:346)
	at sun.rmi.transport.tcp.TCPTransport.exportObject(TCPTransport.java:254)
	at sun.rmi.transport.tcp.TCPEndpoint.exportObject(TCPEndpoint.java:411)
	at sun.rmi.transport.LiveRef.exportObject(LiveRef.java:147)
	at sun.rmi.server.UnicastServerRef.exportObject(UnicastServerRef.java:236)
	at java.rmi.server.UnicastRemoteObject.exportObject(UnicastRemoteObject.java:383)
	at java.rmi.server.UnicastRemoteObject.exportObject(UnicastRemoteObject.java:320)
	at java.rmi.server.UnicastRemoteObject.<init>(UnicastRemoteObject.java:198)
	at java.rmi.server.UnicastRemoteObject.<init>(UnicastRemoteObject.java:180)
	at com.linlongyx.sanguo.webgame.rmi.LogicRmiServer.<init>(LogicRmiServer.java:49)
	at com.linlongyx.sanguo.webgame.rmi.LogicRmiManager.publishRmi(LogicRmiManager.java:30)
	at sun.reflect.NativeMethodAccessorImpl.invoke0(Native Method)
	at sun.reflect.NativeMethodAccessorImpl.invoke(NativeMethodAccessorImpl.java:62)
	at sun.reflect.DelegatingMethodAccessorImpl.invoke(DelegatingMethodAccessorImpl.java:43)
	at java.lang.reflect.Method.invoke(Method.java:498)
	at org.springframework.beans.factory.support.AbstractAutowireCapableBeanFactory.invokeCustomInitMethod(AbstractAutowireCapableBeanFactory.java:1711)
	at org.springframework.beans.factory.support.AbstractAutowireCapableBeanFactory.invokeInitMethods(AbstractAutowireCapableBeanFactory.java:1650)
	at org.springframework.beans.factory.support.AbstractAutowireCapableBeanFactory.initializeBean(AbstractAutowireCapableBeanFactory.java:1579)
	... 11 more
Caused by: java.net.BindException: Address already in use: JVM_Bind
	at java.net.DualStackPlainSocketImpl.bind0(Native Method)
	at java.net.DualStackPlainSocketImpl.socketBind(DualStackPlainSocketImpl.java:106)
	at java.net.AbstractPlainSocketImpl.bind(AbstractPlainSocketImpl.java:387)
	at java.net.PlainSocketImpl.bind(PlainSocketImpl.java:190)
	at java.net.ServerSocket.bind(ServerSocket.java:375)
	at java.net.ServerSocket.<init>(ServerSocket.java:237)
	at java.net.ServerSocket.<init>(ServerSocket.java:128)
	at com.linlongyx.sanguo.webgame.rmi.SMRMISocket.createServerSocket(SMRMISocket.java:27)
	at sun.rmi.transport.tcp.TCPEndpoint.newServerSocket(TCPEndpoint.java:666)
	at sun.rmi.transport.tcp.TCPTransport.listen(TCPTransport.java:335)
	... 28 more
2026-05-06 10:42:44 ERROR Started version:  110000 
2026-05-06 10:43:00 DEBUG Producing instance of Job 'AUTO.JOBS', class=com.linlongyx.sanguo.webgame.quartz.QuartzJob
2026-05-06 10:43:00 DEBUG Calling execute on job AUTO.JOBS
2026-05-06 10:43:00 INFO  触发cmd：20005
2026-05-06 10:43:15 ERROR LoginInfoProcessor::handleRequest 21 10000 0 
2026-05-06 10:43:22 INFO  log_bag|10000|21|10000000006|1|30000019|1|1|2026-05-06 10:43:22|89|1
2026-05-06 10:43:22 INFO  log_player|10000|21|10000000006|0|0|2026-05-06 10:43:22|2026-05-06 10:43:22|2130706433|raconag|1
2026-05-06 10:43:22 INFO  log_player_remain|10000|21|10000000006|0|0|2026-05-06 10:43:22
2026-05-06 10:43:22 ERROR create player spend time:830,10 10000000006 0 0 1 
2026-05-06 10:43:22 INFO  log_new_player_scene|10000|21|10000000006|1|2026-05-06 10:43:22|2026-05-06 10:43:22
2026-05-06 10:43:22 ERROR EnterGameProcessor::handleRequest userId: 21 playerId: 10000000006 request.playerId: 10000000006 nanoTime: 6119279146600 
2026-05-06 10:43:24 ERROR RankActUtil addRankValue 10000000006 14 221 
2026-05-06 10:43:24 DEBUG default constructor
2026-05-06 10:43:24 DEBUG preRegister RechargeRebateComponent:;<br>DestinyComponent:DestinyEntity{playerId=10000000006, attacks=[], defenses=[], battles={}, robTimes=6, totalRobTimes=0, refreshTimes=0, tasks=[], destinyStone=0, lastResetTime=1778053403};<br>ChatComponent:;<br>MountsComponent:;<br>CrossRankActComponent:;<br>TowerComponent:TowerEntity{playerId=10000000006, curLayers=0, preLayers=0, todayNormalReward=0, todayCCYReward=0, passTime=0, actPlayTime={}, mobai=1, needSend=0, records=[]};<br>ArenaComponent:ArenaEntity{playerId=10000000006, rank=3001, maxRank=0, reports=[], fightTimes=0, lastTime=0, buyTimes=0, eliminateTimes=0, totalFightTimes=0};<br>TurnplateComponent:;<br>InvitationComponent:ExtendEntity{playerId=10000000006, recruitInvitation=false, wxInfo=[], levelRewards={}, chargeRewards={}, normalRewards=[], invitationNum=0, invitationTotal=0, nextTime=0, levelNumMap={}, numMap={}};<br>CrossRaceComponent:com.linlongyx.sanguo.webgame.app.crossRace.CrossRaceEntity$$EnhancerByCGLIB$$f8680dfd@6c96e138;<br>GroupMemberComponent:GroupMemberEntity{playerId=10000000006, id=0, position=0, applySet=[], totalOffer=0, sacrificeBox=[], sacrificeType=0, skills={}, listOpen=false, playerRewards={}, fightTimes=0, lastResettime=0, totalTimes=0};<br>PartnerComponent:;<br>SanGuoZhiComponent:SanGuoZhiEntity{playerId=10000000006, recordStarId=1, rewarded=[], finishes=[], activity=false, values={113=0, 108=1}};<br>ContinuityComponent:;<br>ArtifactComponent:;<br>UnparalleledComponent:UnparalleledEntity{playerId=10000000006, partneredHpMap={}, resetTimes=0, buffs=[], layerAddition=[], curPoint=0, maxPoint=0, challengeNum=0, currMaxStar=0, surpStar=0, playedPoints={}, layerBox=[], lastMaxStar=0, battlePartner=[-1, 0, 0, 0, 0, 0], sweep=true, insMap={}, lastPassTime=0, lastMaxRank=0, totalResetTimes=0, attrsList={}, levelMap={}};<br>BossHomeComponent:BossHomeEntity{playerId=10000000006, counts={}, times={}, restores={}, buys={}, worldRewards=[], bossNeedNotice=[], teamFightTimes=0, totalFightTimes=0, alienCount=0, buyAlienCount=0, totalNeutralBoss=0};<br>StageComponent:;<br>SingleInsComponent:SingleInsEntity{playerId=10000000006, times={}, maxPoints={}, clears=[], totalTime=0, bossMap={}, timesMap={}, buyTimeMap={}, totalChallengeMap={}, vipSweepTimes={}, kfHandbook={}, stageHandbook={}, zfHandbook={}, actPlayTime={}};<br>RuneComponent:RuneEntity{playerId=10000000006, runeMidInit=0, goldEndTime=0, runeMap={}, totalZhuHun=0, talismanTurn=0, tatalArtificeTimes=0, point=0, times=0, hp=3, records=[], lastRecoverTime=0, dailyReward={}, stageReward={}};<br>KungFuComponent:;<br>DivineComponent:;<br>SecretiComponent:com.linlongyx.sanguo.webgame.app.secreti.SecretiEntity$$EnhancerByCGLIB$$d50cf76d@28078bda;<br>RankActComponent:RankActEntity{playerId=10000000006, id=15, value=0, open=false}RankActEntity{playerId=10000000006, id=16, value=0, open=false}RankActEntity{playerId=10000000006, id=17, value=0, open=false}RankActEntity{playerId=10000000006, id=18, value=0, open=false}RankActEntity{playerId=10000000006, id=19, value=0, open=false}RankActEntity{playerId=10000000006, id=20, value=0, open=false}RankActEntity{playerId=10000000006, id=21, value=0, open=false};<br>DrawCardComponent:;<br>MentalComponent:MentalEntity{playerId=10000000006, times=0, totalTimes=0, freeTime=0, rewardIds=[], point=0, records=[]};<br>FashionComponent:;<br>ZodiacComponent:;<br>WarLineupComponent:;<br>SignComponent:SignEntity{playerId=10000000006signToday=falsesignCount=0weekCharge=0dayCharge=0todayReward=[]weekReward=[]signReward={}levelMap={}timeMap={}showLevel=90};<br>SkillComponent:SkillEntity{playerId=10000000006, skillId=100101, level=1};<br>BaguaComponent:BaguaEntity{playerId=10000000006, chapterMap={}, curInsId=0, insIdMap={}, asistTime=0, sweep=0};<br>RuneBagComponent:;<br>ConsumeRebateComponent:;<br>RecruitComponent:RecruitEntity{playerId=10000000006, nextFreeTime=1778053403, currFreeCount=3, recruitTimes=0, time=0, ccyRecruitTimes=0, totalRecruitTimes=0, score=0, boxList=[], free=0, today=[3], tommorow=[3], refreshNum=0, tenCCYRecruit=0, firstGetList=[{"key":211501,"value":5,"valueStr":"2"}, {"key":212401,"value":5,"valueStr":"2"}, {"key":211403,"value":3,"valueStr":"2"}, {"key":213503,"value":3,"valueStr":"2"}, {"key":212401,"value":3,"valueStr":"2"}, {"key":214501,"value":3,"valueStr":"2"}, {"key":212504,"value":3,"valueStr":"2"}, {"key":212404,"value":5,"valueStr":"2"}, {"key":214504,"value":3,"valueStr":"2"}, {"key":4504,"value":1,"valueStr":"4"}], rebateScore=0, rebateReward={}, endTime=0, goldScore=0, goldBoxList=[], goldFree=0, goldToday=[], goldTommorow=[], goldRefreshNum=0, goldRecruitTimes=0};<br>PlayerComponent:PlayerEntity{playerId=10000000006, userId=21, playerName='raconag', level=1, sex=1, sceneId=30101, head='sex:1:', currencies=[0, 0, 0, 0, 0, 0, 0, 0, 0, 0, 0, 0, 0, 0, 0, 0, 0, 0, 0], fighters=[-1, 0, 0, 0, 0, 0], createTime=1778053401, mailIdCount=0, pubIdCount=23, status={}, breakthroughs=0, talents=[], desLv=0, desProgress=0, stars=0, equips={1=0, 2=0, 3=0, 4=0, 5=0, 6=0}, vip=10, vipReward=[], loginOutTime=1778053401, leaderId=101, fightValue=221, totalValue=221, quality=40, worships=[], isWorship=[0, 0, 0, 0, 0, 0, 0, 0, 0, 0], activeTitles={}, wearTitle=0, wearFashion=0, onlineTime=0, onlineReward=[], todayLevel=1, firstHand=0, soulLevel=0, soulsFighter=[], talisman=0, reincarnationMap={}, reincarnationIds=[]};<br>FriendComponent:FriendEntity{playerId=10000000006, ids=[], applyMap={}, chatMap={}, sendIds=[], needReceiveIds=[], receivedIds=[], totalSendCount=0, favors={}, offlineReceiveIds=[]};<br>LimitExchangeComponent:limitexchangeEntity{playerId=10000000006, id=1, limitExchangeGoods={}, open=false}limitexchangeEntity{playerId=10000000006, id=2, limitExchangeGoods={}, open=false}limitexchangeEntity{playerId=10000000006, id=1006, limitExchangeGoods={}, open=false}limitexchangeEntity{playerId=10000000006, id=3, limitExchangeGoods={}, open=false}limitexchangeEntity{playerId=10000000006, id=1005, limitExchangeGoods={}, open=false}limitexchangeEntity{playerId=10000000006, id=4, limitExchangeGoods={}, open=false}limitexchangeEntity{playerId=10000000006, id=1004, limitExchangeGoods={}, open=false}limitexchangeEntity{playerId=10000000006, id=5, limitExchangeGoods={}, open=false}limitexchangeEntity{playerId=10000000006, id=1003, limitExchangeGoods={}, open=false}limitexchangeEntity{playerId=10000000006, id=6, limitExchangeGoods={}, open=false}limitexchangeEntity{playerId=10000000006, id=1002, limitExchangeGoods={}, open=false}limitexchangeEntity{playerId=10000000006, id=1001, limitExchangeGoods={}, open=false};<br>GeneralComponent:GeneralEntity{playerId=10000000006, challenges={}, resetTimes={}, stars={}, boxReward={}, allStar=0, costOrder=0, restore=0, nextTime=0, buyTime=0, totalNum=0, assistInBattle=[], difficultyStar=0, nightmareStar=0, diffboxReward={}, nightboxReward={}};<br>LimitBuyComponent:;<br>MailComponent:;<br>MilitaryOfficeComponent:MilitaryOfficeEntity{playerId=10000000006officeList={}currJobId=0endTime=0status=0officeHelpTimes=0helpList={}helpTimeAdd=0generalRecovery=0typeMap={}currJobHelped=0};<br>TaskComponent:TaskEntity{playerId=10000000006, id=1, schedule=0, chapterReward={}, insMap={}, point=0, dailyProcess={24=1}, dailyDone=[24], dailyReward=[], pointReward=[], chapter=0, guideId=0, fixedStatus=0, firstFail=0, askReward={}, follow=0, realName=false, channelGift={}, channelTime={}, platformReward={}, previewValue={}, previewReward=[], findRewardMax={}};<br>RechargeActivityComponent:;<br>ExtendComponent:ExtendEntity{playerId=10000000006, battleMaxCount=0, totalCurrency={}, consumeCurrency={}, bagSize=100, offlineSec=3, handbookMap={}, zeroResetDate=20260506, weekResetTime=1777842000, combatTimes=0, combatCostTimes=0, wpHandbook={}, equipId=0, functionIds=[38, 72, 9801, 1001, 9802, 31], partnerId=0, firstReChargeSet=[], firstReward=[], todayRecharge=0, speedRadio=0, totalChangeBoss=0, totalChargeCCB=0, totalComPartner=0, newFirstReward=[], newFirstCharge=[], groupReward={}, wanderReward={}, lastWanderReward=[], wanderEndtime=0, choose=false, skipTimes=15, todayFirstCharge=0, todayFirstReward={}, dailyConsume=0, buyGoldTimes=0, buyGoldCost=0, questionnaire=[], clientSets='', shortCut=0};<br>UserComponent:UserEntity{userId=21, userName='', channel=1, token='2250805d953b15752b45922103ec4309', players=[{"playerId":10000000006,"sex":1,"name":"raconag"}], lastLoginTime=0, accountId=0, openid='', orderByPlayerId='0', uid=''};<br>LimitComponent:LimitEntity{playerId=10000000006, id=33, rewardCounts={}, values={}, states={}, dateCharges={}, consumeValue=0, open=false, chargeValue=0, loginDay=0, loginTime=0}LimitEntity{playerId=10000000006, id=45, rewardCounts={}, values={}, states={}, dateCharges={}, consumeValue=0, open=false, chargeValue=0, loginDay=0, loginTime=0}LimitEntity{playerId=10000000006, id=13, rewardCounts={}, values={}, states={}, dateCharges={}, consumeValue=0, open=false, chargeValue=0, loginDay=0, loginTime=0}LimitEntity{playerId=10000000006, id=25, rewardCounts={}, values={}, states={}, dateCharges={}, consumeValue=0, open=false, chargeValue=0, loginDay=0, loginTime=0}LimitEntity{playerId=10000000006, id=37, rewardCounts={}, values={}, states={}, dateCharges={}, consumeValue=0, open=false, chargeValue=0, loginDay=0, loginTime=0}LimitEntity{playerId=10000000006, id=49, rewardCounts={}, values={}, states={}, dateCharges={}, consumeValue=0, open=false, chargeValue=0, loginDay=0, loginTime=0}LimitEntity{playerId=10000000006, id=17, rewardCounts={}, values={}, states={}, dateCharges={}, consumeValue=0, open=false, chargeValue=0, loginDay=0, loginTime=0}LimitEntity{playerId=10000000006, id=29, rewardCounts={}, values={}, states={}, dateCharges={}, consumeValue=0, open=false, chargeValue=0, loginDay=0, loginTime=0}LimitEntity{playerId=10000000006, id=1, rewardCounts={}, values={}, states={}, dateCharges={}, consumeValue=0, open=false, chargeValue=0, loginDay=0, loginTime=0}LimitEntity{playerId=10000000006, id=10009, rewardCounts={}, values={}, states={}, dateCharges={}, consumeValue=0, open=false, chargeValue=0, loginDay=0, loginTime=0}LimitEntity{playerId=10000000006, id=5, rewardCounts={}, values={}, states={}, dateCharges={}, consumeValue=0, open=false, chargeValue=0, loginDay=0, loginTime=0}LimitEntity{playerId=10000000006, id=6, rewardCounts={}, values={}, states={}, dateCharges={}, consumeValue=0, open=false, chargeValue=0, loginDay=0, loginTime=0}LimitEntity{playerId=10000000006, id=10021, rewardCounts={}, values={}, states={}, dateCharges={}, consumeValue=0, open=false, chargeValue=0, loginDay=0, loginTime=0}LimitEntity{playerId=10000000006, id=9, rewardCounts={}, values={}, states={}, dateCharges={}, consumeValue=0, open=false, chargeValue=0, loginDay=0, loginTime=0}LimitEntity{playerId=10000000006, id=10013, rewardCounts={}, values={}, states={}, dateCharges={}, consumeValue=0, open=false, chargeValue=0, loginDay=0, loginTime=0}LimitEntity{playerId=10000000006, id=10001, rewardCounts={}, values={}, states={}, dateCharges={}, consumeValue=0, open=false, chargeValue=0, loginDay=0, loginTime=0}LimitEntity{playerId=10000000006, id=41, rewardCounts={}, values={}, states={}, dateCharges={}, consumeValue=0, open=false, chargeValue=0, loginDay=0, loginTime=0}LimitEntity{playerId=10000000006, id=10025, rewardCounts={}, values={}, states={}, dateCharges={}, consumeValue=0, open=false, chargeValue=0, loginDay=0, loginTime=0}LimitEntity{playerId=10000000006, id=53, rewardCounts={}, values={}, states={}, dateCharges={}, consumeValue=0, open=false, chargeValue=0, loginDay=0, loginTime=0}LimitEntity{playerId=10000000006, id=10017, rewardCounts={}, values={}, states={}, dateCharges={}, consumeValue=0, open=false, chargeValue=0, loginDay=0, loginTime=0}LimitEntity{playerId=10000000006, id=10005, rewardCounts={}, values={}, states={}, dateCharges={}, consumeValue=0, open=false, chargeValue=0, loginDay=0, loginTime=0}LimitEntity{playerId=10000000006, id=21, rewardCounts={}, values={}, states={}, dateCharges={}, consumeValue=0, open=false, chargeValue=0, loginDay=0, loginTime=0};<br>TalismanComponent:;<br>LuckyMoneyComponent:;<br>EquipComponent:;<br>YearBeastComponent:;<br>ShopComponent:ShopEntity{playerId=10000000006, goodsType=1, refreshTime=0, sells={}, ids=[1001, 1002, 1003, 1004, 1006, 1007, 1008, 1009, 1010, 1011, 1012, 1013, 1014, 1015, 1016, 1017, 1018, 1019, 1020, 1021], refreshNum=0, totalSells={}, weekSells={}, actId=0, activitySells={}, currStock={}}ShopEntity{playerId=10000000006, goodsType=100, refreshTime=1778058000, sells={}, ids=[8, 58, 65, 90, 91, 101], refreshNum=0, totalSells={}, weekSells={}, actId=0, activitySells={}, currStock={}};<br>BagComponent:BagEntity{playerId=10000000006, itemId=30000019, num=1};<br>CardBookComponent:CardBookEntity{cardColor={}lastCardColor={}bottomCardAsk=0colorDanAsk=0lastToColor=0refToColor=0cardPair={}processMap={}giveTimes=0nextAskTime=0infoId=0endTime={}getGive={}itemAsk={}colorTime=0};<br>AchieveComponent:AchieveEntity{playerId=10000000006, value={1072=3001, 1073=3001, 1067=3001, 1068=3001, 1069=3001, 1070=3001, 1071=3001}, fameDone=[], fameReward=[], processReward=[], point=0};<br>WelfareComponent:WelfareEntity{playerId=10000000006, vipDailySet=[], vipWeekTime=1778053404, vipWeekLevel=79, vipWeekGoods={1=0, 2=0, 3=0, 4=0}, vipGiftGoods={}, monthEndTime={}, monthGetTime={}, buyFund=false, fundReward={}, dailyBuyReward={}, oneBuyCharge=0, oneBuyReward={}, gerenalGift=[], oneState=0, times=0, id=0, dailyHaoLi={}, backGiftId=0};<br>WarPetComponent:;<br>SoulsComponent:;<br> player:playerId=10000000006raconag
2026-05-06 10:43:24 ERROR Send errorCode:10061, responseId:24201 
2026-05-06 10:43:24 ERROR repair11190 10000000006 0 
2026-05-06 10:43:24 ERROR repair11200 10000000006 
2026-05-06 10:43:24 ERROR repair11230 10000000006 
2026-05-06 10:43:24 ERROR repair11330 10000000006 0 
2026-05-06 10:43:24 ERROR repair11335 10000000006 0 
2026-05-06 10:43:24 ERROR repair11350 10000000006 1 
2026-05-06 10:43:24 ERROR repair11360 10000000006 
2026-05-06 10:43:24 ERROR repair11360 10000000006 
2026-05-06 10:43:25 INFO  log_currency|10000|21|10000000006|1|11|0|0|2026-05-06 10:43:25|1|1
2026-05-06 10:43:25 ERROR repair11380 10000000006 
2026-05-06 10:43:30 DEBUG Producing instance of Job 'AUTO.JOBS', class=com.linlongyx.sanguo.webgame.quartz.QuartzJob
2026-05-06 10:43:30 DEBUG Calling execute on job AUTO.JOBS
2026-05-06 10:43:30 INFO  触发cmd：20005
2026-05-06 10:43:52 ERROR rankBossTimeOut 1001 
2026-05-06 10:44:00 DEBUG Producing instance of Job 'AUTO.JOBS', class=com.linlongyx.sanguo.webgame.quartz.QuartzJob
2026-05-06 10:44:00 DEBUG Calling execute on job AUTO.JOBS
2026-05-06 10:44:00 INFO  触发cmd：20005
2026-05-06 10:44:30 DEBUG Producing instance of Job 'AUTO.JOBS', class=com.linlongyx.sanguo.webgame.quartz.QuartzJob
2026-05-06 10:44:30 DEBUG Calling execute on job AUTO.JOBS
2026-05-06 10:44:30 INFO  触发cmd：20005
2026-05-06 10:44:52 ERROR rankBossReBorn 1001 
2026-05-06 10:45:00 DEBUG Producing instance of Job 'AUTO.JOBS', class=com.linlongyx.sanguo.webgame.quartz.QuartzJob
2026-05-06 10:45:00 DEBUG Calling execute on job AUTO.JOBS
2026-05-06 10:45:00 DEBUG Producing instance of Job 'AUTO.JOBS', class=com.linlongyx.sanguo.webgame.quartz.QuartzJob
2026-05-06 10:45:00 DEBUG Calling execute on job AUTO.JOBS
2026-05-06 10:45:00 WARN  Could not connect to RMI service [rmi://localhost:19850/crossRankRMI] - retrying
2026-05-06 10:45:00 INFO  触发cmd：20003
2026-05-06 10:45:00 INFO  触发cmd：20005
2026-05-06 10:45:30 DEBUG Producing instance of Job 'AUTO.JOBS', class=com.linlongyx.sanguo.webgame.quartz.QuartzJob
2026-05-06 10:45:30 DEBUG Calling execute on job AUTO.JOBS
2026-05-06 10:45:30 INFO  触发cmd：20005
2026-05-06 10:45:32 ERROR rankBossTimeOut 1002 
2026-05-06 10:45:36 INFO  log_level|10000|21|10000000006|1|2|2026-05-06 10:45:36
2026-05-06 10:45:36 ERROR RankActUtil addRankValue 10000000006 14 563 
2026-05-06 10:46:00 DEBUG Producing instance of Job 'AUTO.JOBS', class=com.linlongyx.sanguo.webgame.quartz.QuartzJob
2026-05-06 10:46:00 DEBUG Calling execute on job AUTO.JOBS
2026-05-06 10:46:00 INFO  触发cmd：20005
2026-05-06 10:46:30 DEBUG Producing instance of Job 'AUTO.JOBS', class=com.linlongyx.sanguo.webgame.quartz.QuartzJob
2026-05-06 10:46:30 DEBUG Calling execute on job AUTO.JOBS
2026-05-06 10:46:30 INFO  触发cmd：20005
2026-05-06 10:46:32 ERROR rankBossTimeOut 1001 
2026-05-06 10:47:00 DEBUG Producing instance of Job 'AUTO.JOBS', class=com.linlongyx.sanguo.webgame.quartz.QuartzJob
2026-05-06 10:47:00 DEBUG Calling execute on job AUTO.JOBS
2026-05-06 10:47:00 INFO  触发cmd：20005
2026-05-06 10:47:06 INFO  log_bag|10000|21|10000000006|1|211501|5|5|2026-05-06 10:47:06|85|1
2026-05-06 10:47:06 INFO  log_bag|10000|21|10000000006|1|212401|5|5|2026-05-06 10:47:06|85|1
2026-05-06 10:47:06 INFO  log_bag|10000|21|10000000006|1|211403|3|3|2026-05-06 10:47:06|85|1
2026-05-06 10:47:06 INFO  log_bag|10000|21|10000000006|1|213503|3|3|2026-05-06 10:47:06|85|1
2026-05-06 10:47:06 INFO  log_bag|10000|21|10000000006|1|212401|3|8|2026-05-06 10:47:06|85|1
2026-05-06 10:47:06 INFO  log_bag|10000|21|10000000006|1|214501|3|3|2026-05-06 10:47:06|85|1
2026-05-06 10:47:06 INFO  log_bag|10000|21|10000000006|1|212504|3|3|2026-05-06 10:47:06|85|1
2026-05-06 10:47:06 INFO  log_bag|10000|21|10000000006|1|212404|5|5|2026-05-06 10:47:06|85|1
2026-05-06 10:47:06 INFO  log_bag|10000|21|10000000006|1|214504|3|3|2026-05-06 10:47:06|85|1
2026-05-06 10:47:06 INFO  log_partner|10000|0|10000000006|4504|2026-05-06 10:47:06|85|2
2026-05-06 10:47:06 INFO  log_bag|10000|21|10000000006|1|604504|1|1|2026-05-06 10:47:06|85|1
2026-05-06 10:47:07 ERROR RankActUtil addRankValue 10000000006 15 1000 
2026-05-06 10:47:07 ERROR RankActUtil end 10000000006 15 1000 
2026-05-06 10:47:07 ERROR RankActUtil addRankValue 10000000006 8 1000 
2026-05-06 10:47:07 INFO  log_bag|10000|21|10000000006|1|30000015|1000|1000|2026-05-06 10:47:07|16|1
2026-05-06 10:47:07 INFO  log_guide|10000|21|10000000006|1|260|2026-05-06 10:47:07
2026-05-06 10:47:10 ERROR RankActUtil addRankValue 10000000006 14 1559 
2026-05-06 10:47:10 INFO  log_guide|10000|21|10000000006|1|263|2026-05-06 10:47:10
2026-05-06 10:47:12 DEBUG 第1回合：
玩家[guid:1,pos:1,hp:1200,fury:0]使用了普通技能[100101] 攻击怪物[guid:101,pos:7,hp:37,fury:0]; 怪物[guid:101,pos:7,hp:37,fury:0]闪避
怪物[guid:101,pos:7,hp:37,fury:0]使用了普通技能[3001] 攻击玩家[guid:1,pos:1,hp:1200,fury:1]; 扣除血量-1; 被攻击后:玩家[guid:1,pos:1,hp:1199,fury:1];
武将[guid:2,pos:2,hp:3125,fury:0]使用了普通技能[45040101] 攻击怪物[guid:102,pos:8,hp:37,fury:0]; 扣除血量-830; 被攻击后:怪物[guid:102,pos:8,hp:0,fury:0];
第2回合：
玩家[guid:1,pos:1,hp:1199,fury:1]使用了普通技能[100101] 攻击怪物[guid:101,pos:7,hp:37,fury:1]; 怪物[guid:101,pos:7,hp:37,fury:1]被暴击; 扣除血量-967; 被攻击后:怪物[guid:101,pos:7,hp:0,fury:1];

挑战方胜利

挑战方胜利
 
2026-05-06 10:47:12 INFO  log_task|10000|21|10000000006|1|1|0|2026-05-06 10:47:12
2026-05-06 10:47:12 INFO  log_currency|10000|21|10000000006|1|10|3|3|2026-05-06 10:47:12|40|1
2026-05-06 10:47:12 INFO  log_level|10000|21|10000000006|1|3|2026-05-06 10:47:12
2026-05-06 10:47:12 INFO  log_level|10000|21|10000000006|1|4|2026-05-06 10:47:12
2026-05-06 10:47:12 ERROR rankBossTimeOut 1003 
2026-05-06 10:47:12 ERROR RankActUtil addRankValue 10000000006 14 2122 
2026-05-06 10:47:12 INFO  log_bag|10000|21|10000000006|1|30000100|20|20|2026-05-06 10:47:12|40|1
2026-05-06 10:47:12 INFO  log_equip|10000|0|10000000006|40100101|2026-05-06 10:47:12|40|1
2026-05-06 10:47:12 ERROR RankActUtil addRankValue 10000000006 17 60 
2026-05-06 10:47:12 ERROR RankActUtil end 10000000006 17 60 
2026-05-06 10:47:12 ERROR RankActUtil addRankValue 10000000006 17 60 
2026-05-06 10:47:12 ERROR RankActUtil end 10000000006 17 60 
2026-05-06 10:47:12 INFO  log_equip|10000|0|10000000006|40100102|2026-05-06 10:47:12|40|1
2026-05-06 10:47:12 ERROR RankActUtil addRankValue 10000000006 17 60 
2026-05-06 10:47:12 ERROR RankActUtil end 10000000006 17 60 
2026-05-06 10:47:12 ERROR RankActUtil addRankValue 10000000006 17 60 
2026-05-06 10:47:12 ERROR RankActUtil end 10000000006 17 60 
2026-05-06 10:47:12 INFO  log_equip|10000|0|10000000006|40100104|2026-05-06 10:47:12|40|1
2026-05-06 10:47:12 ERROR RankActUtil addRankValue 10000000006 17 60 
2026-05-06 10:47:12 ERROR RankActUtil end 10000000006 17 60 
2026-05-06 10:47:12 ERROR RankActUtil addRankValue 10000000006 17 60 
2026-05-06 10:47:12 ERROR RankActUtil end 10000000006 17 60 
2026-05-06 10:47:12 INFO  log_equip|10000|0|10000000006|40100103|2026-05-06 10:47:12|40|1
2026-05-06 10:47:12 ERROR RankActUtil addRankValue 10000000006 17 60 
2026-05-06 10:47:12 ERROR RankActUtil end 10000000006 17 60 
2026-05-06 10:47:12 ERROR RankActUtil addRankValue 10000000006 17 60 
2026-05-06 10:47:12 ERROR RankActUtil end 10000000006 17 60 
2026-05-06 10:47:12 INFO  log_guide|10000|21|10000000006|1|264|2026-05-06 10:47:12
2026-05-06 10:47:30 DEBUG Producing instance of Job 'AUTO.JOBS', class=com.linlongyx.sanguo.webgame.quartz.QuartzJob
2026-05-06 10:47:30 DEBUG Calling execute on job AUTO.JOBS
2026-05-06 10:47:30 INFO  触发cmd：20005
2026-05-06 10:47:32 ERROR rankBossReBorn 1001 
2026-05-06 10:47:33 ERROR MailUtil:sendSysMail 10000000006 1 Thư chào mừng Thánh Chiến Chibi chào đón bạn tham gia! 
2026-05-06 10:47:33 INFO  log_mail|10000|21|10000000006|1|1|0|1778053653|Thư chào mừng|Thánh Chiến Chibi chào đón bạn tham gia!|[{"type":1,"id":2,"num":5000}, {"type":1,"id":1,"num":1000000}]|1778053653
2026-05-06 10:47:33 INFO  log_task|10000|21|10000000006|1|1|1|2026-05-06 10:47:33
2026-05-06 10:47:33 INFO  log_task|10000|21|10000000006|1|10|-1|2026-05-06 10:47:33
2026-05-06 10:47:33 INFO  log_guide|10000|21|10000000006|1|2560|2026-05-06 10:47:33
2026-05-06 10:47:51 INFO  log_bag|10000|21|10000000006|1|30000100|2|18|2026-05-06 10:47:51|23|2
2026-05-06 10:47:51 ERROR RankActUtil addRankValue 10000000006 14 2635 
2026-05-06 10:47:51 INFO  log_task|10000|21|10000000006|1|10|0|2026-05-06 10:47:51
2026-05-06 10:47:51 INFO  log_partner_exp|10000|21|10000000006|1|1|2000|2|0|2026-05-06 10:47:51
2026-05-06 10:47:51 INFO  log_guide|10000|21|10000000006|1|2565|2026-05-06 10:47:51
2026-05-06 10:47:53 INFO  log_task|10000|21|10000000006|1|10|1|2026-05-06 10:47:53
2026-05-06 10:47:53 INFO  log_task|10000|21|10000000006|1|60|-1|2026-05-06 10:47:53
2026-05-06 10:47:53 INFO  log_guide|10000|21|10000000006|1|15360|2026-05-06 10:47:53
2026-05-06 10:47:59 DEBUG 第1回合：
玩家[guid:1,pos:1,hp:2400,fury:0]使用了普通技能[100101] 攻击怪物[guid:101,pos:7,hp:148,fury:0]; 扣除血量-1105; 被攻击后:怪物[guid:101,pos:7,hp:0,fury:0];
武将[guid:2,pos:2,hp:4250,fury:0]使用了普通技能[45040101] 攻击怪物[guid:102,pos:8,hp:148,fury:0]; 扣除血量-994; 被攻击后:怪物[guid:102,pos:8,hp:0,fury:0];

挑战方胜利

挑战方胜利
 
2026-05-06 10:47:59 INFO  log_task|10000|21|10000000006|1|60|0|2026-05-06 10:47:59
2026-05-06 10:47:59 INFO  log_currency|10000|21|10000000006|1|10|3|6|2026-05-06 10:47:59|40|1
2026-05-06 10:47:59 INFO  log_level|10000|21|10000000006|1|5|2026-05-06 10:47:59
2026-05-06 10:47:59 ERROR RankActUtil addRankValue 10000000006 14 2916 
2026-05-06 10:47:59 INFO  log_bag|10000|21|10000000006|1|30000100|20|38|2026-05-06 10:47:59|40|1
2026-05-06 10:47:59 INFO  log_equip|10000|0|10000000006|40100101|2026-05-06 10:47:59|40|1
2026-05-06 10:47:59 ERROR RankActUtil addRankValue 10000000006 17 60 
2026-05-06 10:47:59 ERROR RankActUtil end 10000000006 17 60 
2026-05-06 10:47:59 ERROR RankActUtil addRankValue 10000000006 17 60 
2026-05-06 10:47:59 ERROR RankActUtil end 10000000006 17 60 
2026-05-06 10:47:59 INFO  log_equip|10000|0|10000000006|40100104|2026-05-06 10:47:59|40|1
2026-05-06 10:47:59 ERROR RankActUtil addRankValue 10000000006 17 60 
2026-05-06 10:47:59 ERROR RankActUtil end 10000000006 17 60 
2026-05-06 10:47:59 ERROR RankActUtil addRankValue 10000000006 17 60 
2026-05-06 10:47:59 ERROR RankActUtil end 10000000006 17 60 
2026-05-06 10:47:59 INFO  log_equip|10000|0|10000000006|40100102|2026-05-06 10:47:59|40|1
2026-05-06 10:47:59 ERROR RankActUtil addRankValue 10000000006 17 60 
2026-05-06 10:47:59 ERROR RankActUtil end 10000000006 17 60 
2026-05-06 10:47:59 ERROR RankActUtil addRankValue 10000000006 17 60 
2026-05-06 10:47:59 ERROR RankActUtil end 10000000006 17 60 
2026-05-06 10:47:59 INFO  log_guide|10000|21|10000000006|1|15363|2026-05-06 10:47:59
2026-05-06 10:48:00 DEBUG Producing instance of Job 'AUTO.JOBS', class=com.linlongyx.sanguo.webgame.quartz.QuartzJob
2026-05-06 10:48:00 DEBUG Calling execute on job AUTO.JOBS
2026-05-06 10:48:00 INFO  触发cmd：20005
2026-05-06 10:48:02 ERROR rankBossReBorn 1002 
2026-05-06 10:48:30 DEBUG Producing instance of Job 'AUTO.JOBS', class=com.linlongyx.sanguo.webgame.quartz.QuartzJob
2026-05-06 10:48:30 DEBUG Calling execute on job AUTO.JOBS
2026-05-06 10:48:30 INFO  触发cmd：20005
2026-05-06 10:48:58 INFO  log_level|10000|21|10000000006|1|6|2026-05-06 10:48:58
2026-05-06 10:48:58 ERROR RankActUtil addRankValue 10000000006 14 3198 
2026-05-06 10:49:00 DEBUG Producing instance of Job 'AUTO.JOBS', class=com.linlongyx.sanguo.webgame.quartz.QuartzJob
2026-05-06 10:49:00 DEBUG Calling execute on job AUTO.JOBS
2026-05-06 10:49:00 INFO  触发cmd：20005
2026-05-06 10:49:12 ERROR rankBossTimeOut 1001 
2026-05-06 10:49:30 DEBUG Producing instance of Job 'AUTO.JOBS', class=com.linlongyx.sanguo.webgame.quartz.QuartzJob
2026-05-06 10:49:30 DEBUG Calling execute on job AUTO.JOBS
2026-05-06 10:49:30 INFO  触发cmd：20005
2026-05-06 10:50:00 DEBUG Producing instance of Job 'AUTO.JOBS', class=com.linlongyx.sanguo.webgame.quartz.QuartzJob
2026-05-06 10:50:00 DEBUG Calling execute on job AUTO.JOBS
2026-05-06 10:50:00 DEBUG Producing instance of Job 'AUTO.JOBS', class=com.linlongyx.sanguo.webgame.quartz.QuartzJob
2026-05-06 10:50:00 DEBUG Calling execute on job AUTO.JOBS
2026-05-06 10:50:00 INFO  触发cmd：20003
2026-05-06 10:50:00 INFO  触发cmd：20005
2026-05-06 10:50:00 ERROR destiny rank refresh 
2026-05-06 10:50:12 ERROR rankBossReBorn 1001 
2026-05-06 10:50:30 DEBUG Producing instance of Job 'AUTO.JOBS', class=com.linlongyx.sanguo.webgame.quartz.QuartzJob
2026-05-06 10:50:30 DEBUG Calling execute on job AUTO.JOBS
2026-05-06 10:50:30 INFO  触发cmd：20005
2026-05-06 10:50:32 ERROR rankBossReBorn 1003 
2026-05-06 10:50:32 ERROR rankBossTimeOut 1004 
2026-05-06 10:51:00 DEBUG Producing instance of Job 'AUTO.JOBS', class=com.linlongyx.sanguo.webgame.quartz.QuartzJob
2026-05-06 10:51:00 DEBUG Calling execute on job AUTO.JOBS
2026-05-06 10:51:00 INFO  触发cmd：20005
2026-05-06 10:51:22 ERROR rankBossTimeOut 1002 
2026-05-06 10:51:30 DEBUG Producing instance of Job 'AUTO.JOBS', class=com.linlongyx.sanguo.webgame.quartz.QuartzJob
2026-05-06 10:51:30 DEBUG Calling execute on job AUTO.JOBS
2026-05-06 10:51:30 INFO  触发cmd：20005
2026-05-06 10:51:51 INFO  log_task|10000|21|10000000006|1|60|1|2026-05-06 10:51:51
2026-05-06 10:51:51 INFO  log_task|10000|21|10000000006|1|70|-1|2026-05-06 10:51:51
2026-05-06 10:51:51 INFO  log_guide|10000|21|10000000006|1|17920|2026-05-06 10:51:51
2026-05-06 10:51:52 ERROR rankBossTimeOut 1001 
2026-05-06 10:51:52 INFO  log_bag|10000|21|10000000006|1|30000014|1|1|2026-05-06 10:51:52|34|1
2026-05-06 10:51:52 INFO  log_bag|10000|21|10000000006|1|30000003|2|2|2026-05-06 10:51:52|34|1
2026-05-06 10:51:52 INFO  log_bag|10000|21|10000000006|1|30000301|10|10|2026-05-06 10:51:52|34|1
2026-05-06 10:51:52 INFO  log_task|10000|21|10000000006|1|70|0|2026-05-06 10:51:52
2026-05-06 10:51:52 ERROR GetChapterBoxProcessor 10000000006 1 
2026-05-06 10:51:52 INFO  log_guide|10000|21|10000000006|1|17923|2026-05-06 10:51:52
2026-05-06 10:52:00 DEBUG Producing instance of Job 'AUTO.JOBS', class=com.linlongyx.sanguo.webgame.quartz.QuartzJob
2026-05-06 10:52:00 DEBUG Calling execute on job AUTO.JOBS
2026-05-06 10:52:00 INFO  触发cmd：20005
2026-05-06 10:52:30 DEBUG Producing instance of Job 'AUTO.JOBS', class=com.linlongyx.sanguo.webgame.quartz.QuartzJob
2026-05-06 10:52:30 DEBUG Calling execute on job AUTO.JOBS
2026-05-06 10:52:30 INFO  触发cmd：20005
2026-05-06 10:52:39 INFO  log_equip|10000|0|10000000006|40100101|2026-05-06 10:52:39|18|1
2026-05-06 10:52:39 ERROR RankActUtil addRankValue 10000000006 17 60 
2026-05-06 10:52:39 ERROR RankActUtil end 10000000006 17 60 
2026-05-06 10:52:39 ERROR RankActUtil addRankValue 10000000006 17 60 
2026-05-06 10:52:39 ERROR RankActUtil end 10000000006 17 60 
2026-05-06 10:52:39 INFO  log_task|10000|21|10000000006|1|70|1|2026-05-06 10:52:39
2026-05-06 10:52:39 INFO  log_task|10000|21|10000000006|1|80|-1|2026-05-06 10:52:39
2026-05-06 10:52:39 INFO  log_guide|10000|21|10000000006|1|20480|2026-05-06 10:52:39
2026-05-06 10:52:42 INFO  log_bag|10000|21|10000000006|1|30000100|7|31|2026-05-06 10:52:42|23|2
2026-05-06 10:52:42 ERROR RankActUtil addRankValue 10000000006 14 4007 
2026-05-06 10:52:42 INFO  log_partner_exp|10000|21|10000000006|1|1|7000|4|0|2026-05-06 10:52:42
2026-05-06 10:52:50 ERROR RankActUtil addRankValue 10000000006 17 60 
2026-05-06 10:52:50 ERROR RankActUtil end 10000000006 17 60 
2026-05-06 10:52:50 ERROR RankActUtil addRankValue 10000000006 14 4067 
2026-05-06 10:52:50 INFO  log_task|10000|21|10000000006|1|80|0|2026-05-06 10:52:50
2026-05-06 10:52:50 ERROR UpOrDownEquipProcessor: 10000000006 40100101 1 -1 0 
2026-05-06 10:52:50 ERROR RankActUtil addRankValue 10000000006 17 60 
2026-05-06 10:52:50 ERROR RankActUtil end 10000000006 17 60 
2026-05-06 10:52:50 ERROR RankActUtil addRankValue 10000000006 14 4151 
2026-05-06 10:52:50 ERROR UpOrDownEquipProcessor: 10000000006 40100102 2 -1 0 
2026-05-06 10:52:50 ERROR RankActUtil addRankValue 10000000006 17 60 
2026-05-06 10:52:50 ERROR RankActUtil end 10000000006 17 60 
2026-05-06 10:52:50 ERROR RankActUtil addRankValue 10000000006 14 4235 
2026-05-06 10:52:50 ERROR UpOrDownEquipProcessor: 10000000006 40100103 4 -1 0 
2026-05-06 10:52:50 ERROR RankActUtil addRankValue 10000000006 17 60 
2026-05-06 10:52:50 ERROR RankActUtil end 10000000006 17 60 
2026-05-06 10:52:50 ERROR RankActUtil addRankValue 10000000006 14 6295 
2026-05-06 10:52:50 ERROR UpOrDownEquipProcessor: 10000000006 40100104 3 -1 0 
2026-05-06 10:52:50 INFO  log_guide|10000|21|10000000006|1|20484|2026-05-06 10:52:50
2026-05-06 10:52:52 ERROR rankBossReBorn 1001 
2026-05-06 10:52:52 INFO  log_level|10000|21|10000000006|1|7|2026-05-06 10:52:52
2026-05-06 10:52:52 ERROR RankActUtil addRankValue 10000000006 14 6576 
2026-05-06 10:52:52 INFO  log_task|10000|21|10000000006|1|80|1|2026-05-06 10:52:52
2026-05-06 10:52:52 INFO  log_task|10000|21|10000000006|1|90|-1|2026-05-06 10:52:52
2026-05-06 10:52:52 INFO  log_guide|10000|21|10000000006|1|23044|2026-05-06 10:52:52
2026-05-06 10:52:58 ERROR RankActUtil addRankValue 10000000006 17 80 
2026-05-06 10:52:58 ERROR RankActUtil end 10000000006 17 80 
2026-05-06 10:52:58 INFO  log_task|10000|21|10000000006|1|90|0|2026-05-06 10:52:58
2026-05-06 10:52:58 ERROR RankActUtil addRankValue 10000000006 14 6596 
2026-05-06 10:52:58 ERROR EquipStrength 10000000006 -1 1 1 5 
2026-05-06 10:53:00 DEBUG Producing instance of Job 'AUTO.JOBS', class=com.linlongyx.sanguo.webgame.quartz.QuartzJob
2026-05-06 10:53:00 DEBUG Calling execute on job AUTO.JOBS
2026-05-06 10:53:00 INFO  触发cmd：20005
2026-05-06 10:53:00 INFO  log_task|10000|21|10000000006|1|90|1|2026-05-06 10:53:00
2026-05-06 10:53:00 INFO  log_task|10000|21|10000000006|1|110|-1|2026-05-06 10:53:00
2026-05-06 10:53:00 INFO  log_guide|10000|21|10000000006|1|28160|2026-05-06 10:53:00
2026-05-06 10:53:01 DEBUG 第1回合：
玩家[guid:1,pos:1,hp:5040,fury:0]使用了普通技能[100101] 攻击怪物[guid:101,pos:7,hp:333,fury:0]; 怪物[guid:101,pos:7,hp:333,fury:0]被暴击; 扣除血量-3061; 被攻击后:怪物[guid:101,pos:7,hp:0,fury:0];
武将[guid:2,pos:2,hp:6500,fury:0]使用了普通技能[45040101] 攻击怪物[guid:102,pos:8,hp:333,fury:0]; 扣除血量-1324; 被攻击后:怪物[guid:102,pos:8,hp:0,fury:0];

挑战方胜利

挑战方胜利
 
2026-05-06 10:53:01 INFO  log_task|10000|21|10000000006|1|110|0|2026-05-06 10:53:01
2026-05-06 10:53:01 INFO  log_currency|10000|21|10000000006|1|10|3|9|2026-05-06 10:53:01|40|1
2026-05-06 10:53:01 INFO  log_level|10000|21|10000000006|1|8|2026-05-06 10:53:01
2026-05-06 10:53:01 ERROR RankActUtil addRankValue 10000000006 14 6878 
2026-05-06 10:53:01 INFO  log_bag|10000|21|10000000006|1|30000100|20|51|2026-05-06 10:53:01|40|1
2026-05-06 10:53:01 INFO  log_equip|10000|0|10000000006|40100102|2026-05-06 10:53:01|40|1
2026-05-06 10:53:01 ERROR RankActUtil addRankValue 10000000006 17 60 
2026-05-06 10:53:01 ERROR RankActUtil end 10000000006 17 60 
2026-05-06 10:53:01 ERROR RankActUtil addRankValue 10000000006 17 60 
2026-05-06 10:53:01 ERROR RankActUtil end 10000000006 17 60 
2026-05-06 10:53:01 INFO  log_equip|10000|0|10000000006|40100101|2026-05-06 10:53:01|40|1
2026-05-06 10:53:01 ERROR RankActUtil addRankValue 10000000006 17 60 
2026-05-06 10:53:01 ERROR RankActUtil end 10000000006 17 60 
2026-05-06 10:53:01 ERROR RankActUtil addRankValue 10000000006 17 60 
2026-05-06 10:53:01 ERROR RankActUtil end 10000000006 17 60 
2026-05-06 10:53:01 INFO  log_guide|10000|21|10000000006|1|28162|2026-05-06 10:53:01
2026-05-06 10:53:12 INFO  log_bag|10000|21|10000000006|1|212402|40|40|2026-05-06 10:53:12|18|1
2026-05-06 10:53:12 INFO  log_task|10000|21|10000000006|1|110|1|2026-05-06 10:53:12
2026-05-06 10:53:12 INFO  log_task|10000|21|10000000006|1|120|-1|2026-05-06 10:53:12
2026-05-06 10:53:12 INFO  log_guide|10000|21|10000000006|1|30720|2026-05-06 10:53:12
2026-05-06 10:53:14 INFO  log_bag|10000|21|10000000006|1|212402|40|0|2026-05-06 10:53:14|17|2
2026-05-06 10:53:14 INFO  log_partner|10000|0|10000000006|2402|2026-05-06 10:53:14|17|2
2026-05-06 10:53:14 INFO  log_task|10000|21|10000000006|1|120|0|2026-05-06 10:53:14
2026-05-06 10:53:14 INFO  log_bag|10000|21|10000000006|1|602402|1|1|2026-05-06 10:53:14|17|1
2026-05-06 10:53:14 INFO  log_guide|10000|21|10000000006|1|30725|2026-05-06 10:53:14
2026-05-06 10:53:17 INFO  log_task|10000|21|10000000006|1|120|1|2026-05-06 10:53:17
2026-05-06 10:53:17 INFO  log_task|10000|21|10000000006|1|130|-1|2026-05-06 10:53:17
2026-05-06 10:53:17 INFO  log_guide|10000|21|10000000006|1|33280|2026-05-06 10:53:17
2026-05-06 10:53:21 ERROR RankActUtil addRankValue 10000000006 14 7825 
2026-05-06 10:53:21 INFO  log_task|10000|21|10000000006|1|130|0|2026-05-06 10:53:21
2026-05-06 10:53:21 INFO  log_guide|10000|21|10000000006|1|33285|2026-05-06 10:53:21
2026-05-06 10:53:23 INFO  log_task|10000|21|10000000006|1|130|1|2026-05-06 10:53:23
2026-05-06 10:53:23 INFO  log_task|10000|21|10000000006|1|150|-1|2026-05-06 10:53:23
2026-05-06 10:53:23 INFO  log_guide|10000|21|10000000006|1|38400|2026-05-06 10:53:23
2026-05-06 10:53:25 DEBUG 第1回合：
玩家[guid:1,pos:1,hp:5640,fury:0]使用了普通技能[100101] 攻击怪物[guid:101,pos:7,hp:593,fury:0]; 扣除血量-2254; 被攻击后:怪物[guid:101,pos:7,hp:0,fury:0];
武将[guid:2,pos:2,hp:6500,fury:0]使用了普通技能[45040101] 攻击怪物[guid:102,pos:8,hp:593,fury:0]; 扣除血量-1304; 被攻击后:怪物[guid:102,pos:8,hp:0,fury:0];
武将[guid:3,pos:3,hp:2937,fury:0]使用了普通技能[24020101] 攻击怪物[guid:103,pos:9,hp:593,fury:0]; 怪物[guid:103,pos:9,hp:593,fury:0]闪避
怪物[guid:103,pos:9,hp:593,fury:0]使用了普通技能[3001] 攻击武将[guid:3,pos:3,hp:2937,fury:1]; 扣除血量-1; 被攻击后:武将[guid:3,pos:3,hp:2936,fury:1];
第2回合：
玩家[guid:1,pos:1,hp:5640,fury:1]使用了普通技能[100101] 攻击怪物[guid:103,pos:9,hp:593,fury:1]; 扣除血量-2254; 被攻击后:怪物[guid:103,pos:9,hp:0,fury:1];

挑战方胜利

挑战方胜利
 
2026-05-06 10:53:25 INFO  log_task|10000|21|10000000006|1|150|0|2026-05-06 10:53:25
2026-05-06 10:53:25 INFO  log_currency|10000|21|10000000006|1|10|3|12|2026-05-06 10:53:25|40|1
2026-05-06 10:53:25 INFO  log_level|10000|21|10000000006|1|9|2026-05-06 10:53:25
2026-05-06 10:53:25 ERROR RankActUtil addRankValue 10000000006 14 8106 
2026-05-06 10:53:25 INFO  log_bag|10000|21|10000000006|1|30000100|20|71|2026-05-06 10:53:25|40|1
2026-05-06 10:53:25 INFO  log_equip|10000|0|10000000006|40100103|2026-05-06 10:53:25|40|1
2026-05-06 10:53:25 ERROR RankActUtil addRankValue 10000000006 17 60 
2026-05-06 10:53:25 ERROR RankActUtil end 10000000006 17 60 
2026-05-06 10:53:25 ERROR RankActUtil addRankValue 10000000006 17 60 
2026-05-06 10:53:25 ERROR RankActUtil end 10000000006 17 60 
2026-05-06 10:53:25 INFO  log_equip|10000|0|10000000006|40100102|2026-05-06 10:53:25|40|1
2026-05-06 10:53:25 ERROR RankActUtil addRankValue 10000000006 17 60 
2026-05-06 10:53:25 ERROR RankActUtil end 10000000006 17 60 
2026-05-06 10:53:25 ERROR RankActUtil addRankValue 10000000006 17 60 
2026-05-06 10:53:25 ERROR RankActUtil end 10000000006 17 60 
2026-05-06 10:53:25 INFO  log_equip|10000|0|10000000006|40100104|2026-05-06 10:53:25|40|1
2026-05-06 10:53:25 ERROR RankActUtil addRankValue 10000000006 17 60 
2026-05-06 10:53:25 ERROR RankActUtil end 10000000006 17 60 
2026-05-06 10:53:25 ERROR RankActUtil addRankValue 10000000006 17 60 
2026-05-06 10:53:25 ERROR RankActUtil end 10000000006 17 60 
2026-05-06 10:53:25 INFO  log_guide|10000|21|10000000006|1|38402|2026-05-06 10:53:25
2026-05-06 10:53:30 DEBUG Producing instance of Job 'AUTO.JOBS', class=com.linlongyx.sanguo.webgame.quartz.QuartzJob
2026-05-06 10:53:30 DEBUG Calling execute on job AUTO.JOBS
2026-05-06 10:53:30 INFO  触发cmd：20005
2026-05-06 10:53:52 ERROR rankBossReBorn 1002 
2026-05-06 10:53:52 ERROR rankBossTimeOut 1005 
2026-05-06 10:54:00 DEBUG Producing instance of Job 'AUTO.JOBS', class=com.linlongyx.sanguo.webgame.quartz.QuartzJob
2026-05-06 10:54:00 DEBUG Calling execute on job AUTO.JOBS
2026-05-06 10:54:00 INFO  触发cmd：20005
2026-05-06 10:54:09 INFO  log_task|10000|21|10000000006|1|150|1|2026-05-06 10:54:09
2026-05-06 10:54:09 INFO  log_task|10000|21|10000000006|1|160|-1|2026-05-06 10:54:09
2026-05-06 10:54:09 INFO  log_guide|10000|21|10000000006|1|40960|2026-05-06 10:54:09
2026-05-06 10:54:11 INFO  log_bag|10000|21|10000000006|1|30000014|1|2|2026-05-06 10:54:11|34|1
2026-05-06 10:54:11 INFO  log_bag|10000|21|10000000006|1|30000003|2|4|2026-05-06 10:54:11|34|1
2026-05-06 10:54:11 INFO  log_bag|10000|21|10000000006|1|30000301|10|20|2026-05-06 10:54:11|34|1
2026-05-06 10:54:11 INFO  log_task|10000|21|10000000006|1|160|0|2026-05-06 10:54:11
2026-05-06 10:54:11 ERROR GetChapterBoxProcessor 10000000006 2 
2026-05-06 10:54:11 INFO  log_guide|10000|21|10000000006|1|40963|2026-05-06 10:54:11
2026-05-06 10:54:12 INFO  log_task|10000|21|10000000006|1|160|1|2026-05-06 10:54:12
2026-05-06 10:54:12 INFO  log_task|10000|21|10000000006|1|170|-1|2026-05-06 10:54:12
2026-05-06 10:54:12 INFO  log_guide|10000|21|10000000006|1|43520|2026-05-06 10:54:12
2026-05-06 10:54:15 ERROR RankActUtil addRankValue 10000000006 17 100 
2026-05-06 10:54:15 ERROR RankActUtil end 10000000006 17 100 
2026-05-06 10:54:15 ERROR RankActUtil addRankValue 10000000006 14 8126 
2026-05-06 10:54:15 ERROR EquipStrength 10000000006 -1 1 1 5 
2026-05-06 10:54:16 ERROR RankActUtil addRankValue 10000000006 17 132 
2026-05-06 10:54:16 ERROR RankActUtil end 10000000006 17 132 
2026-05-06 10:54:16 ERROR RankActUtil addRankValue 10000000006 17 132 
2026-05-06 10:54:16 ERROR RankActUtil end 10000000006 17 132 
2026-05-06 10:54:16 ERROR RankActUtil addRankValue 10000000006 17 132 
2026-05-06 10:54:16 ERROR RankActUtil end 10000000006 17 132 
2026-05-06 10:54:16 ERROR RankActUtil addRankValue 10000000006 17 132 
2026-05-06 10:54:16 ERROR RankActUtil end 10000000006 17 132 
2026-05-06 10:54:16 ERROR RankActUtil addRankValue 10000000006 14 8374 
2026-05-06 10:54:16 ERROR EquipStrength 10000000006 -1 0 2 62 
2026-05-06 10:54:20 INFO  log_bag|10000|21|10000000006|1|30000003|2|2|2026-05-06 10:54:20|35|2
2026-05-06 10:54:20 INFO  log_task|10000|21|10000000006|1|170|0|2026-05-06 10:54:20
2026-05-06 10:54:20 INFO  log_guide|10000|21|10000000006|1|43526|2026-05-06 10:54:20
2026-05-06 10:54:22 INFO  log_task|10000|21|10000000006|1|170|1|2026-05-06 10:54:22
2026-05-06 10:54:22 INFO  log_task|10000|21|10000000006|1|180|-1|2026-05-06 10:54:22
2026-05-06 10:54:23 INFO  log_task|10000|21|10000000006|1|180|0|2026-05-06 10:54:23
2026-05-06 10:54:24 INFO  log_task|10000|21|10000000006|1|180|1|2026-05-06 10:54:24
2026-05-06 10:54:24 INFO  log_task|10000|21|10000000006|1|190|-1|2026-05-06 10:54:24
2026-05-06 10:54:24 INFO  log_guide|10000|21|10000000006|1|48640|2026-05-06 10:54:24
2026-05-06 10:54:30 DEBUG Producing instance of Job 'AUTO.JOBS', class=com.linlongyx.sanguo.webgame.quartz.QuartzJob
2026-05-06 10:54:30 DEBUG Calling execute on job AUTO.JOBS
2026-05-06 10:54:30 INFO  触发cmd：20005
2026-05-06 10:54:32 ERROR rankBossTimeOut 1001 
2026-05-06 10:54:48 INFO  log_login|10000|21|10000000006|1|0|2026-05-06 10:54:48|2026-05-06 10:43:24|2026-05-06 10:54:48|2130706433|30301
2026-05-06 10:54:48 DEBUG saveAll: 10000000006, name: raconag, time: 2026-05-06 10:54:48 
2026-05-06 10:54:57 ERROR discard connection
com.mysql.jdbc.exceptions.jdbc4.CommunicationsException: Communications link failure

The last packet successfully received from the server was 3,540 milliseconds ago.  The last packet sent successfully to the server was 3,540 milliseconds ago.
	at sun.reflect.NativeConstructorAccessorImpl.newInstance0(Native Method)
	at sun.reflect.NativeConstructorAccessorImpl.newInstance(NativeConstructorAccessorImpl.java:62)
	at sun.reflect.DelegatingConstructorAccessorImpl.newInstance(DelegatingConstructorAccessorImpl.java:45)
	at java.lang.reflect.Constructor.newInstance(Constructor.java:423)
	at com.mysql.jdbc.Util.handleNewInstance(Util.java:377)
	at com.mysql.jdbc.SQLError.createCommunicationsException(SQLError.java:1036)
	at com.mysql.jdbc.MysqlIO.send(MysqlIO.java:3661)
	at com.mysql.jdbc.MysqlIO.sendCommand(MysqlIO.java:2417)
	at com.mysql.jdbc.MysqlIO.sqlQueryDirect(MysqlIO.java:2582)
	at com.mysql.jdbc.ConnectionImpl.execSQL(ConnectionImpl.java:2526)
	at com.mysql.jdbc.StatementImpl.executeUpdate(StatementImpl.java:1618)
	at com.mysql.jdbc.StatementImpl.executeUpdate(StatementImpl.java:1549)
	at com.alibaba.druid.filter.FilterChainImpl.statement_executeUpdate(FilterChainImpl.java:2377)
	at com.alibaba.druid.filter.FilterAdapter.statement_executeUpdate(FilterAdapter.java:2486)
	at com.alibaba.druid.filter.FilterEventAdapter.statement_executeUpdate(FilterEventAdapter.java:327)
	at com.alibaba.druid.filter.FilterChainImpl.statement_executeUpdate(FilterChainImpl.java:2375)
	at com.alibaba.druid.proxy.jdbc.StatementProxyImpl.executeUpdate(StatementProxyImpl.java:225)
	at com.alibaba.druid.pool.DruidPooledStatement.executeUpdate(DruidPooledStatement.java:166)
	at org.springframework.jdbc.core.JdbcTemplate$1UpdateStatementCallback.doInStatement(JdbcTemplate.java:523)
	at org.springframework.jdbc.core.JdbcTemplate$1UpdateStatementCallback.doInStatement(JdbcTemplate.java:520)
	at org.springframework.jdbc.core.JdbcTemplate.execute(JdbcTemplate.java:404)
	at org.springframework.jdbc.core.JdbcTemplate.update(JdbcTemplate.java:534)
	at com.linlongyx.sanguo.webgame.service.ConstantService.update(ConstantService.java:187)
	at com.linlongyx.sanguo.webgame.service.ConstantService.updateValue(ConstantService.java:162)
	at com.linlongyx.sanguo.webgame.service.ConstantService.saveToDB(ConstantService.java:195)
	at java.util.concurrent.Executors$RunnableAdapter.call(Executors.java:511)
	at java.util.concurrent.FutureTask.runAndReset(FutureTask.java:308)
	at java.util.concurrent.ScheduledThreadPoolExecutor$ScheduledFutureTask.access$301(ScheduledThreadPoolExecutor.java:180)
	at java.util.concurrent.ScheduledThreadPoolExecutor$ScheduledFutureTask.run(ScheduledThreadPoolExecutor.java:294)
	at java.util.concurrent.ThreadPoolExecutor.runWorker(ThreadPoolExecutor.java:1149)
	at java.util.concurrent.ThreadPoolExecutor$Worker.run(ThreadPoolExecutor.java:624)
	at java.lang.Thread.run(Thread.java:748)
Caused by: java.net.SocketException: Connection reset by peer: socket write error
	at java.net.SocketOutputStream.socketWrite0(Native Method)
	at java.net.SocketOutputStream.socketWrite(SocketOutputStream.java:111)
	at java.net.SocketOutputStream.write(SocketOutputStream.java:155)
	at java.io.BufferedOutputStream.flushBuffer(BufferedOutputStream.java:82)
	at java.io.BufferedOutputStream.flush(BufferedOutputStream.java:140)
	at com.mysql.jdbc.MysqlIO.send(MysqlIO.java:3643)
	... 25 more
2026-05-06 10:54:57 ERROR ConstantService::update StatementCallback; SQL [REPLACE INTO tb_constant (`key`,`value`) VALUES ('growfund','7')]; Communications link failure

The last packet successfully received from the server was 3,540 milliseconds ago.  The last packet sent successfully to the server was 3,540 milliseconds ago.; nested exception is com.mysql.jdbc.exceptions.jdbc4.CommunicationsException: Communications link failure

The last packet successfully received from the server was 3,540 milliseconds ago.  The last packet sent successfully to the server was 3,540 milliseconds ago. 
2026-05-06 10:54:57 DEBUG skip not validate connection.
2026-05-06 10:54:57 DEBUG skip not validate connection.
2026-05-06 10:54:57 DEBUG skip not validate connection.
2026-05-06 10:55:00 DEBUG Producing instance of Job 'AUTO.JOBS', class=com.linlongyx.sanguo.webgame.quartz.QuartzJob
2026-05-06 10:55:00 DEBUG Calling execute on job AUTO.JOBS
2026-05-06 10:55:00 DEBUG Producing instance of Job 'AUTO.JOBS', class=com.linlongyx.sanguo.webgame.quartz.QuartzJob
2026-05-06 10:55:00 DEBUG Calling execute on job AUTO.JOBS
2026-05-06 10:55:01 ERROR create connection error, url: jdbc:mysql://localhost:3306/sanguo_game?useUnicode=true&characterEncoding=utf8, errorCode 0, state 08S01
com.mysql.jdbc.exceptions.jdbc4.CommunicationsException: Communications link failure

The last packet sent successfully to the server was 0 milliseconds ago. The driver has not received any packets from the server.
	at sun.reflect.NativeConstructorAccessorImpl.newInstance0(Native Method)
	at sun.reflect.NativeConstructorAccessorImpl.newInstance(NativeConstructorAccessorImpl.java:62)
	at sun.reflect.DelegatingConstructorAccessorImpl.newInstance(DelegatingConstructorAccessorImpl.java:45)
	at java.lang.reflect.Constructor.newInstance(Constructor.java:423)
	at com.mysql.jdbc.Util.handleNewInstance(Util.java:377)
	at com.mysql.jdbc.SQLError.createCommunicationsException(SQLError.java:1036)
	at com.mysql.jdbc.MysqlIO.<init>(MysqlIO.java:338)
	at com.mysql.jdbc.ConnectionImpl.coreConnect(ConnectionImpl.java:2232)
	at com.mysql.jdbc.ConnectionImpl.connectOneTryOnly(ConnectionImpl.java:2265)
	at com.mysql.jdbc.ConnectionImpl.createNewIO(ConnectionImpl.java:2064)
	at com.mysql.jdbc.ConnectionImpl.<init>(ConnectionImpl.java:790)
	at com.mysql.jdbc.JDBC4Connection.<init>(JDBC4Connection.java:44)
	at sun.reflect.NativeConstructorAccessorImpl.newInstance0(Native Method)
	at sun.reflect.NativeConstructorAccessorImpl.newInstance(NativeConstructorAccessorImpl.java:62)
	at sun.reflect.DelegatingConstructorAccessorImpl.newInstance(DelegatingConstructorAccessorImpl.java:45)
	at java.lang.reflect.Constructor.newInstance(Constructor.java:423)
	at com.mysql.jdbc.Util.handleNewInstance(Util.java:377)
	at com.mysql.jdbc.ConnectionImpl.getInstance(ConnectionImpl.java:395)
	at com.mysql.jdbc.NonRegisteringDriver.connect(NonRegisteringDriver.java:325)
	at com.alibaba.druid.filter.FilterChainImpl.connection_connect(FilterChainImpl.java:148)
	at com.alibaba.druid.filter.stat.StatFilter.connection_connect(StatFilter.java:220)
	at com.alibaba.druid.filter.FilterChainImpl.connection_connect(FilterChainImpl.java:142)
	at com.alibaba.druid.pool.DruidAbstractDataSource.createPhysicalConnection(DruidAbstractDataSource.java:1463)
	at com.alibaba.druid.pool.DruidAbstractDataSource.createPhysicalConnection(DruidAbstractDataSource.java:1525)
	at com.alibaba.druid.pool.DruidDataSource$CreateConnectionThread.run(DruidDataSource.java:2100)
Caused by: java.net.ConnectException: Connection refused: connect
	at java.net.DualStackPlainSocketImpl.connect0(Native Method)
	at java.net.DualStackPlainSocketImpl.socketConnect(DualStackPlainSocketImpl.java:79)
	at java.net.AbstractPlainSocketImpl.doConnect(AbstractPlainSocketImpl.java:350)
	at java.net.AbstractPlainSocketImpl.connectToAddress(AbstractPlainSocketImpl.java:206)
	at java.net.AbstractPlainSocketImpl.connect(AbstractPlainSocketImpl.java:188)
	at java.net.PlainSocketImpl.connect(PlainSocketImpl.java:172)
	at java.net.SocksSocketImpl.connect(SocksSocketImpl.java:392)
	at java.net.Socket.connect(Socket.java:589)
	at com.mysql.jdbc.StandardSocketFactory.connect(StandardSocketFactory.java:213)
	at com.mysql.jdbc.MysqlIO.<init>(MysqlIO.java:297)
	... 18 more
2026-05-06 10:55:05 ERROR create connection error, url: jdbc:mysql://localhost:3306/sanguo_game?useUnicode=true&characterEncoding=utf8, errorCode 0, state 08S01
com.mysql.jdbc.exceptions.jdbc4.CommunicationsException: Communications link failure

The last packet sent successfully to the server was 0 milliseconds ago. The driver has not received any packets from the server.
	at sun.reflect.NativeConstructorAccessorImpl.newInstance0(Native Method)
	at sun.reflect.NativeConstructorAccessorImpl.newInstance(NativeConstructorAccessorImpl.java:62)
	at sun.reflect.DelegatingConstructorAccessorImpl.newInstance(DelegatingConstructorAccessorImpl.java:45)
	at java.lang.reflect.Constructor.newInstance(Constructor.java:423)
	at com.mysql.jdbc.Util.handleNewInstance(Util.java:377)
	at com.mysql.jdbc.SQLError.createCommunicationsException(SQLError.java:1036)
	at com.mysql.jdbc.MysqlIO.<init>(MysqlIO.java:338)
	at com.mysql.jdbc.ConnectionImpl.coreConnect(ConnectionImpl.java:2232)
	at com.mysql.jdbc.ConnectionImpl.connectOneTryOnly(ConnectionImpl.java:2265)
	at com.mysql.jdbc.ConnectionImpl.createNewIO(ConnectionImpl.java:2064)
	at com.mysql.jdbc.ConnectionImpl.<init>(ConnectionImpl.java:790)
	at com.mysql.jdbc.JDBC4Connection.<init>(JDBC4Connection.java:44)
	at sun.reflect.NativeConstructorAccessorImpl.newInstance0(Native Method)
	at sun.reflect.NativeConstructorAccessorImpl.newInstance(NativeConstructorAccessorImpl.java:62)
	at sun.reflect.DelegatingConstructorAccessorImpl.newInstance(DelegatingConstructorAccessorImpl.java:45)
	at java.lang.reflect.Constructor.newInstance(Constructor.java:423)
	at com.mysql.jdbc.Util.handleNewInstance(Util.java:377)
	at com.mysql.jdbc.ConnectionImpl.getInstance(ConnectionImpl.java:395)
	at com.mysql.jdbc.NonRegisteringDriver.connect(NonRegisteringDriver.java:325)
	at com.alibaba.druid.filter.FilterChainImpl.connection_connect(FilterChainImpl.java:148)
	at com.alibaba.druid.filter.stat.StatFilter.connection_connect(StatFilter.java:220)
	at com.alibaba.druid.filter.FilterChainImpl.connection_connect(FilterChainImpl.java:142)
	at com.alibaba.druid.pool.DruidAbstractDataSource.createPhysicalConnection(DruidAbstractDataSource.java:1463)
	at com.alibaba.druid.pool.DruidAbstractDataSource.createPhysicalConnection(DruidAbstractDataSource.java:1525)
	at com.alibaba.druid.pool.DruidDataSource$CreateConnectionThread.run(DruidDataSource.java:2100)
Caused by: java.net.ConnectException: Connection refused: connect
	at java.net.DualStackPlainSocketImpl.connect0(Native Method)
	at java.net.DualStackPlainSocketImpl.socketConnect(DualStackPlainSocketImpl.java:79)
	at java.net.AbstractPlainSocketImpl.doConnect(AbstractPlainSocketImpl.java:350)
	at java.net.AbstractPlainSocketImpl.connectToAddress(AbstractPlainSocketImpl.java:206)
	at java.net.AbstractPlainSocketImpl.connect(AbstractPlainSocketImpl.java:188)
	at java.net.PlainSocketImpl.connect(PlainSocketImpl.java:172)
	at java.net.SocksSocketImpl.connect(SocksSocketImpl.java:392)
	at java.net.Socket.connect(Socket.java:589)
	at com.mysql.jdbc.StandardSocketFactory.connect(StandardSocketFactory.java:213)
	at com.mysql.jdbc.MysqlIO.<init>(MysqlIO.java:297)
	... 18 more
2026-05-06 10:55:09 ERROR create connection error, url: jdbc:mysql://localhost:3306/sanguo_game?useUnicode=true&characterEncoding=utf8, errorCode 0, state 08S01
com.mysql.jdbc.exceptions.jdbc4.CommunicationsException: Communications link failure

The last packet sent successfully to the server was 0 milliseconds ago. The driver has not received any packets from the server.
	at sun.reflect.NativeConstructorAccessorImpl.newInstance0(Native Method)
	at sun.reflect.NativeConstructorAccessorImpl.newInstance(NativeConstructorAccessorImpl.java:62)
	at sun.reflect.DelegatingConstructorAccessorImpl.newInstance(DelegatingConstructorAccessorImpl.java:45)
	at java.lang.reflect.Constructor.newInstance(Constructor.java:423)
	at com.mysql.jdbc.Util.handleNewInstance(Util.java:377)
	at com.mysql.jdbc.SQLError.createCommunicationsException(SQLError.java:1036)
	at com.mysql.jdbc.MysqlIO.<init>(MysqlIO.java:338)
	at com.mysql.jdbc.ConnectionImpl.coreConnect(ConnectionImpl.java:2232)
	at com.mysql.jdbc.ConnectionImpl.connectOneTryOnly(ConnectionImpl.java:2265)
	at com.mysql.jdbc.ConnectionImpl.createNewIO(ConnectionImpl.java:2064)
	at com.mysql.jdbc.ConnectionImpl.<init>(ConnectionImpl.java:790)
	at com.mysql.jdbc.JDBC4Connection.<init>(JDBC4Connection.java:44)
	at sun.reflect.NativeConstructorAccessorImpl.newInstance0(Native Method)
	at sun.reflect.NativeConstructorAccessorImpl.newInstance(NativeConstructorAccessorImpl.java:62)
	at sun.reflect.DelegatingConstructorAccessorImpl.newInstance(DelegatingConstructorAccessorImpl.java:45)
	at java.lang.reflect.Constructor.newInstance(Constructor.java:423)
	at com.mysql.jdbc.Util.handleNewInstance(Util.java:377)
	at com.mysql.jdbc.ConnectionImpl.getInstance(ConnectionImpl.java:395)
	at com.mysql.jdbc.NonRegisteringDriver.connect(NonRegisteringDriver.java:325)
	at com.alibaba.druid.filter.FilterChainImpl.connection_connect(FilterChainImpl.java:148)
	at com.alibaba.druid.filter.stat.StatFilter.connection_connect(StatFilter.java:220)
	at com.alibaba.druid.filter.FilterChainImpl.connection_connect(FilterChainImpl.java:142)
	at com.alibaba.druid.pool.DruidAbstractDataSource.createPhysicalConnection(DruidAbstractDataSource.java:1463)
	at com.alibaba.druid.pool.DruidAbstractDataSource.createPhysicalConnection(DruidAbstractDataSource.java:1525)
	at com.alibaba.druid.pool.DruidDataSource$CreateConnectionThread.run(DruidDataSource.java:2100)
Caused by: java.net.ConnectException: Connection refused: connect
	at java.net.DualStackPlainSocketImpl.connect0(Native Method)
	at java.net.DualStackPlainSocketImpl.socketConnect(DualStackPlainSocketImpl.java:79)
	at java.net.AbstractPlainSocketImpl.doConnect(AbstractPlainSocketImpl.java:350)
	at java.net.AbstractPlainSocketImpl.connectToAddress(AbstractPlainSocketImpl.java:206)
	at java.net.AbstractPlainSocketImpl.connect(AbstractPlainSocketImpl.java:188)
	at java.net.PlainSocketImpl.connect(PlainSocketImpl.java:172)
	at java.net.SocksSocketImpl.connect(SocksSocketImpl.java:392)
	at java.net.Socket.connect(Socket.java:589)
	at com.mysql.jdbc.StandardSocketFactory.connect(StandardSocketFactory.java:213)
	at com.mysql.jdbc.MysqlIO.<init>(MysqlIO.java:297)
	... 18 more
2026-05-06 10:55:13 ERROR create connection error, url: jdbc:mysql://localhost:3306/sanguo_game?useUnicode=true&characterEncoding=utf8, errorCode 0, state 08S01
com.mysql.jdbc.exceptions.jdbc4.CommunicationsException: Communications link failure

The last packet sent successfully to the server was 0 milliseconds ago. The driver has not received any packets from the server.
	at sun.reflect.NativeConstructorAccessorImpl.newInstance0(Native Method)
	at sun.reflect.NativeConstructorAccessorImpl.newInstance(NativeConstructorAccessorImpl.java:62)
	at sun.reflect.DelegatingConstructorAccessorImpl.newInstance(DelegatingConstructorAccessorImpl.java:45)
	at java.lang.reflect.Constructor.newInstance(Constructor.java:423)
	at com.mysql.jdbc.Util.handleNewInstance(Util.java:377)
	at com.mysql.jdbc.SQLError.createCommunicationsException(SQLError.java:1036)
	at com.mysql.jdbc.MysqlIO.<init>(MysqlIO.java:338)
	at com.mysql.jdbc.ConnectionImpl.coreConnect(ConnectionImpl.java:2232)
	at com.mysql.jdbc.ConnectionImpl.connectOneTryOnly(ConnectionImpl.java:2265)
	at com.mysql.jdbc.ConnectionImpl.createNewIO(ConnectionImpl.java:2064)
	at com.mysql.jdbc.ConnectionImpl.<init>(ConnectionImpl.java:790)
	at com.mysql.jdbc.JDBC4Connection.<init>(JDBC4Connection.java:44)
	at sun.reflect.NativeConstructorAccessorImpl.newInstance0(Native Method)
	at sun.reflect.NativeConstructorAccessorImpl.newInstance(NativeConstructorAccessorImpl.java:62)
	at sun.reflect.DelegatingConstructorAccessorImpl.newInstance(DelegatingConstructorAccessorImpl.java:45)
	at java.lang.reflect.Constructor.newInstance(Constructor.java:423)
	at com.mysql.jdbc.Util.handleNewInstance(Util.java:377)
	at com.mysql.jdbc.ConnectionImpl.getInstance(ConnectionImpl.java:395)
	at com.mysql.jdbc.NonRegisteringDriver.connect(NonRegisteringDriver.java:325)
	at com.alibaba.druid.filter.FilterChainImpl.connection_connect(FilterChainImpl.java:148)
	at com.alibaba.druid.filter.stat.StatFilter.connection_connect(StatFilter.java:220)
	at com.alibaba.druid.filter.FilterChainImpl.connection_connect(FilterChainImpl.java:142)
	at com.alibaba.druid.pool.DruidAbstractDataSource.createPhysicalConnection(DruidAbstractDataSource.java:1463)
	at com.alibaba.druid.pool.DruidAbstractDataSource.createPhysicalConnection(DruidAbstractDataSource.java:1525)
	at com.alibaba.druid.pool.DruidDataSource$CreateConnectionThread.run(DruidDataSource.java:2100)
Caused by: java.net.ConnectException: Connection refused: connect
	at java.net.DualStackPlainSocketImpl.connect0(Native Method)
	at java.net.DualStackPlainSocketImpl.socketConnect(DualStackPlainSocketImpl.java:79)
	at java.net.AbstractPlainSocketImpl.doConnect(AbstractPlainSocketImpl.java:350)
	at java.net.AbstractPlainSocketImpl.connectToAddress(AbstractPlainSocketImpl.java:206)
	at java.net.AbstractPlainSocketImpl.connect(AbstractPlainSocketImpl.java:188)
	at java.net.PlainSocketImpl.connect(PlainSocketImpl.java:172)
	at java.net.SocksSocketImpl.connect(SocksSocketImpl.java:392)
	at java.net.Socket.connect(Socket.java:589)
	at com.mysql.jdbc.StandardSocketFactory.connect(StandardSocketFactory.java:213)
	at com.mysql.jdbc.MysqlIO.<init>(MysqlIO.java:297)
	... 18 more
2026-05-06 10:55:18 ERROR create connection error, url: jdbc:mysql://localhost:3306/sanguo_game?useUnicode=true&characterEncoding=utf8, errorCode 0, state 08S01
com.mysql.jdbc.exceptions.jdbc4.CommunicationsException: Communications link failure

The last packet sent successfully to the server was 0 milliseconds ago. The driver has not received any packets from the server.
	at sun.reflect.NativeConstructorAccessorImpl.newInstance0(Native Method)
	at sun.reflect.NativeConstructorAccessorImpl.newInstance(NativeConstructorAccessorImpl.java:62)
	at sun.reflect.DelegatingConstructorAccessorImpl.newInstance(DelegatingConstructorAccessorImpl.java:45)
	at java.lang.reflect.Constructor.newInstance(Constructor.java:423)
	at com.mysql.jdbc.Util.handleNewInstance(Util.java:377)
	at com.mysql.jdbc.SQLError.createCommunicationsException(SQLError.java:1036)
	at com.mysql.jdbc.MysqlIO.<init>(MysqlIO.java:338)
	at com.mysql.jdbc.ConnectionImpl.coreConnect(ConnectionImpl.java:2232)
	at com.mysql.jdbc.ConnectionImpl.connectOneTryOnly(ConnectionImpl.java:2265)
	at com.mysql.jdbc.ConnectionImpl.createNewIO(ConnectionImpl.java:2064)
	at com.mysql.jdbc.ConnectionImpl.<init>(ConnectionImpl.java:790)
	at com.mysql.jdbc.JDBC4Connection.<init>(JDBC4Connection.java:44)
	at sun.reflect.NativeConstructorAccessorImpl.newInstance0(Native Method)
	at sun.reflect.NativeConstructorAccessorImpl.newInstance(NativeConstructorAccessorImpl.java:62)
	at sun.reflect.DelegatingConstructorAccessorImpl.newInstance(DelegatingConstructorAccessorImpl.java:45)
	at java.lang.reflect.Constructor.newInstance(Constructor.java:423)
	at com.mysql.jdbc.Util.handleNewInstance(Util.java:377)
	at com.mysql.jdbc.ConnectionImpl.getInstance(ConnectionImpl.java:395)
	at com.mysql.jdbc.NonRegisteringDriver.connect(NonRegisteringDriver.java:325)
	at com.alibaba.druid.filter.FilterChainImpl.connection_connect(FilterChainImpl.java:148)
	at com.alibaba.druid.filter.stat.StatFilter.connection_connect(StatFilter.java:220)
	at com.alibaba.druid.filter.FilterChainImpl.connection_connect(FilterChainImpl.java:142)
	at com.alibaba.druid.pool.DruidAbstractDataSource.createPhysicalConnection(DruidAbstractDataSource.java:1463)
	at com.alibaba.druid.pool.DruidAbstractDataSource.createPhysicalConnection(DruidAbstractDataSource.java:1525)
	at com.alibaba.druid.pool.DruidDataSource$CreateConnectionThread.run(DruidDataSource.java:2100)
Caused by: java.net.ConnectException: Connection refused: connect
	at java.net.DualStackPlainSocketImpl.connect0(Native Method)
	at java.net.DualStackPlainSocketImpl.socketConnect(DualStackPlainSocketImpl.java:79)
	at java.net.AbstractPlainSocketImpl.doConnect(AbstractPlainSocketImpl.java:350)
	at java.net.AbstractPlainSocketImpl.connectToAddress(AbstractPlainSocketImpl.java:206)
	at java.net.AbstractPlainSocketImpl.connect(AbstractPlainSocketImpl.java:188)
	at java.net.PlainSocketImpl.connect(PlainSocketImpl.java:172)
	at java.net.SocksSocketImpl.connect(SocksSocketImpl.java:392)
	at java.net.Socket.connect(Socket.java:589)
	at com.mysql.jdbc.StandardSocketFactory.connect(StandardSocketFactory.java:213)
	at com.mysql.jdbc.MysqlIO.<init>(MysqlIO.java:297)
	... 18 more
2026-05-06 10:55:23 ERROR create connection error, url: jdbc:mysql://localhost:3306/sanguo_game?useUnicode=true&characterEncoding=utf8, errorCode 0, state 08S01
com.mysql.jdbc.exceptions.jdbc4.CommunicationsException: Communications link failure

The last packet sent successfully to the server was 0 milliseconds ago. The driver has not received any packets from the server.
	at sun.reflect.NativeConstructorAccessorImpl.newInstance0(Native Method)
	at sun.reflect.NativeConstructorAccessorImpl.newInstance(NativeConstructorAccessorImpl.java:62)
	at sun.reflect.DelegatingConstructorAccessorImpl.newInstance(DelegatingConstructorAccessorImpl.java:45)
	at java.lang.reflect.Constructor.newInstance(Constructor.java:423)
	at com.mysql.jdbc.Util.handleNewInstance(Util.java:377)
	at com.mysql.jdbc.SQLError.createCommunicationsException(SQLError.java:1036)
	at com.mysql.jdbc.MysqlIO.<init>(MysqlIO.java:338)
	at com.mysql.jdbc.ConnectionImpl.coreConnect(ConnectionImpl.java:2232)
	at com.mysql.jdbc.ConnectionImpl.connectOneTryOnly(ConnectionImpl.java:2265)
	at com.mysql.jdbc.ConnectionImpl.createNewIO(ConnectionImpl.java:2064)
	at com.mysql.jdbc.ConnectionImpl.<init>(ConnectionImpl.java:790)
	at com.mysql.jdbc.JDBC4Connection.<init>(JDBC4Connection.java:44)
	at sun.reflect.NativeConstructorAccessorImpl.newInstance0(Native Method)
	at sun.reflect.NativeConstructorAccessorImpl.newInstance(NativeConstructorAccessorImpl.java:62)
	at sun.reflect.DelegatingConstructorAccessorImpl.newInstance(DelegatingConstructorAccessorImpl.java:45)
	at java.lang.reflect.Constructor.newInstance(Constructor.java:423)
	at com.mysql.jdbc.Util.handleNewInstance(Util.java:377)
	at com.mysql.jdbc.ConnectionImpl.getInstance(ConnectionImpl.java:395)
	at com.mysql.jdbc.NonRegisteringDriver.connect(NonRegisteringDriver.java:325)
	at com.alibaba.druid.filter.FilterChainImpl.connection_connect(FilterChainImpl.java:148)
	at com.alibaba.druid.filter.stat.StatFilter.connection_connect(StatFilter.java:220)
	at com.alibaba.druid.filter.FilterChainImpl.connection_connect(FilterChainImpl.java:142)
	at com.alibaba.druid.pool.DruidAbstractDataSource.createPhysicalConnection(DruidAbstractDataSource.java:1463)
	at com.alibaba.druid.pool.DruidAbstractDataSource.createPhysicalConnection(DruidAbstractDataSource.java:1525)
	at com.alibaba.druid.pool.DruidDataSource$CreateConnectionThread.run(DruidDataSource.java:2100)
Caused by: java.net.ConnectException: Connection refused: connect
	at java.net.DualStackPlainSocketImpl.connect0(Native Method)
	at java.net.DualStackPlainSocketImpl.socketConnect(DualStackPlainSocketImpl.java:79)
	at java.net.AbstractPlainSocketImpl.doConnect(AbstractPlainSocketImpl.java:350)
	at java.net.AbstractPlainSocketImpl.connectToAddress(AbstractPlainSocketImpl.java:206)
	at java.net.AbstractPlainSocketImpl.connect(AbstractPlainSocketImpl.java:188)
	at java.net.PlainSocketImpl.connect(PlainSocketImpl.java:172)
	at java.net.SocksSocketImpl.connect(SocksSocketImpl.java:392)
	at java.net.Socket.connect(Socket.java:589)
	at com.mysql.jdbc.StandardSocketFactory.connect(StandardSocketFactory.java:213)
	at com.mysql.jdbc.MysqlIO.<init>(MysqlIO.java:297)
	... 18 more
2026-05-06 10:55:28 ERROR create connection error, url: jdbc:mysql://localhost:3306/sanguo_game?useUnicode=true&characterEncoding=utf8, errorCode 0, state 08S01
com.mysql.jdbc.exceptions.jdbc4.CommunicationsException: Communications link failure

The last packet sent successfully to the server was 0 milliseconds ago. The driver has not received any packets from the server.
	at sun.reflect.GeneratedConstructorAccessor174.newInstance(Unknown Source)
	at sun.reflect.DelegatingConstructorAccessorImpl.newInstance(DelegatingConstructorAccessorImpl.java:45)
	at java.lang.reflect.Constructor.newInstance(Constructor.java:423)
	at com.mysql.jdbc.Util.handleNewInstance(Util.java:377)
	at com.mysql.jdbc.SQLError.createCommunicationsException(SQLError.java:1036)
	at com.mysql.jdbc.MysqlIO.<init>(MysqlIO.java:338)
	at com.mysql.jdbc.ConnectionImpl.coreConnect(ConnectionImpl.java:2232)
	at com.mysql.jdbc.ConnectionImpl.connectOneTryOnly(ConnectionImpl.java:2265)
	at com.mysql.jdbc.ConnectionImpl.createNewIO(ConnectionImpl.java:2064)
	at com.mysql.jdbc.ConnectionImpl.<init>(ConnectionImpl.java:790)
	at com.mysql.jdbc.JDBC4Connection.<init>(JDBC4Connection.java:44)
	at sun.reflect.NativeConstructorAccessorImpl.newInstance0(Native Method)
	at sun.reflect.NativeConstructorAccessorImpl.newInstance(NativeConstructorAccessorImpl.java:62)
	at sun.reflect.DelegatingConstructorAccessorImpl.newInstance(DelegatingConstructorAccessorImpl.java:45)
	at java.lang.reflect.Constructor.newInstance(Constructor.java:423)
	at com.mysql.jdbc.Util.handleNewInstance(Util.java:377)
	at com.mysql.jdbc.ConnectionImpl.getInstance(ConnectionImpl.java:395)
	at com.mysql.jdbc.NonRegisteringDriver.connect(NonRegisteringDriver.java:325)
	at com.alibaba.druid.filter.FilterChainImpl.connection_connect(FilterChainImpl.java:148)
	at com.alibaba.druid.filter.stat.StatFilter.connection_connect(StatFilter.java:220)
	at com.alibaba.druid.filter.FilterChainImpl.connection_connect(FilterChainImpl.java:142)
	at com.alibaba.druid.pool.DruidAbstractDataSource.createPhysicalConnection(DruidAbstractDataSource.java:1463)
	at com.alibaba.druid.pool.DruidAbstractDataSource.createPhysicalConnection(DruidAbstractDataSource.java:1525)
	at com.alibaba.druid.pool.DruidDataSource$CreateConnectionThread.run(DruidDataSource.java:2100)
Caused by: java.net.ConnectException: Connection refused: connect
	at java.net.DualStackPlainSocketImpl.connect0(Native Method)
	at java.net.DualStackPlainSocketImpl.socketConnect(DualStackPlainSocketImpl.java:79)
	at java.net.AbstractPlainSocketImpl.doConnect(AbstractPlainSocketImpl.java:350)
	at java.net.AbstractPlainSocketImpl.connectToAddress(AbstractPlainSocketImpl.java:206)
	at java.net.AbstractPlainSocketImpl.connect(AbstractPlainSocketImpl.java:188)
	at java.net.PlainSocketImpl.connect(PlainSocketImpl.java:172)
	at java.net.SocksSocketImpl.connect(SocksSocketImpl.java:392)
	at java.net.Socket.connect(Socket.java:589)
	at com.mysql.jdbc.StandardSocketFactory.connect(StandardSocketFactory.java:213)
	at com.mysql.jdbc.MysqlIO.<init>(MysqlIO.java:297)
	... 18 more
2026-05-06 10:55:30 DEBUG Producing instance of Job 'AUTO.JOBS', class=com.linlongyx.sanguo.webgame.quartz.QuartzJob
2026-05-06 10:55:30 DEBUG Calling execute on job AUTO.JOBS
2026-05-06 10:55:32 ERROR create connection error, url: jdbc:mysql://localhost:3306/sanguo_game?useUnicode=true&characterEncoding=utf8, errorCode 0, state 08S01
com.mysql.jdbc.exceptions.jdbc4.CommunicationsException: Communications link failure

The last packet sent successfully to the server was 0 milliseconds ago. The driver has not received any packets from the server.
	at sun.reflect.GeneratedConstructorAccessor174.newInstance(Unknown Source)
	at sun.reflect.DelegatingConstructorAccessorImpl.newInstance(DelegatingConstructorAccessorImpl.java:45)
	at java.lang.reflect.Constructor.newInstance(Constructor.java:423)
	at com.mysql.jdbc.Util.handleNewInstance(Util.java:377)
	at com.mysql.jdbc.SQLError.createCommunicationsException(SQLError.java:1036)
	at com.mysql.jdbc.MysqlIO.<init>(MysqlIO.java:338)
	at com.mysql.jdbc.ConnectionImpl.coreConnect(ConnectionImpl.java:2232)
	at com.mysql.jdbc.ConnectionImpl.connectOneTryOnly(ConnectionImpl.java:2265)
	at com.mysql.jdbc.ConnectionImpl.createNewIO(ConnectionImpl.java:2064)
	at com.mysql.jdbc.ConnectionImpl.<init>(ConnectionImpl.java:790)
	at com.mysql.jdbc.JDBC4Connection.<init>(JDBC4Connection.java:44)
	at sun.reflect.NativeConstructorAccessorImpl.newInstance0(Native Method)
	at sun.reflect.NativeConstructorAccessorImpl.newInstance(NativeConstructorAccessorImpl.java:62)
	at sun.reflect.DelegatingConstructorAccessorImpl.newInstance(DelegatingConstructorAccessorImpl.java:45)
	at java.lang.reflect.Constructor.newInstance(Constructor.java:423)
	at com.mysql.jdbc.Util.handleNewInstance(Util.java:377)
	at com.mysql.jdbc.ConnectionImpl.getInstance(ConnectionImpl.java:395)
	at com.mysql.jdbc.NonRegisteringDriver.connect(NonRegisteringDriver.java:325)
	at com.alibaba.druid.filter.FilterChainImpl.connection_connect(FilterChainImpl.java:148)
	at com.alibaba.druid.filter.stat.StatFilter.connection_connect(StatFilter.java:220)
	at com.alibaba.druid.filter.FilterChainImpl.connection_connect(FilterChainImpl.java:142)
	at com.alibaba.druid.pool.DruidAbstractDataSource.createPhysicalConnection(DruidAbstractDataSource.java:1463)
	at com.alibaba.druid.pool.DruidAbstractDataSource.createPhysicalConnection(DruidAbstractDataSource.java:1525)
	at com.alibaba.druid.pool.DruidDataSource$CreateConnectionThread.run(DruidDataSource.java:2100)
Caused by: java.net.ConnectException: Connection refused: connect
	at java.net.DualStackPlainSocketImpl.connect0(Native Method)
	at java.net.DualStackPlainSocketImpl.socketConnect(DualStackPlainSocketImpl.java:79)
	at java.net.AbstractPlainSocketImpl.doConnect(AbstractPlainSocketImpl.java:350)
	at java.net.AbstractPlainSocketImpl.connectToAddress(AbstractPlainSocketImpl.java:206)
	at java.net.AbstractPlainSocketImpl.connect(AbstractPlainSocketImpl.java:188)
	at java.net.PlainSocketImpl.connect(PlainSocketImpl.java:172)
	at java.net.SocksSocketImpl.connect(SocksSocketImpl.java:392)
	at java.net.Socket.connect(Socket.java:589)
	at com.mysql.jdbc.StandardSocketFactory.connect(StandardSocketFactory.java:213)
	at com.mysql.jdbc.MysqlIO.<init>(MysqlIO.java:297)
	... 18 more
2026-05-06 10:55:32 ERROR rankBossReBorn 1001 
2026-05-06 10:55:32 ERROR rankBossTimeOut 1003 
2026-05-06 10:55:32 ERROR rankBossReBorn 1004 
2026-05-06 10:55:33 ERROR rankBossTimeOut 1006 
2026-05-06 10:55:36 ERROR create connection error, url: jdbc:mysql://localhost:3306/sanguo_game?useUnicode=true&characterEncoding=utf8, errorCode 0, state 08S01
com.mysql.jdbc.exceptions.jdbc4.CommunicationsException: Communications link failure

The last packet sent successfully to the server was 0 milliseconds ago. The driver has not received any packets from the server.
	at sun.reflect.GeneratedConstructorAccessor174.newInstance(Unknown Source)
	at sun.reflect.DelegatingConstructorAccessorImpl.newInstance(DelegatingConstructorAccessorImpl.java:45)
	at java.lang.reflect.Constructor.newInstance(Constructor.java:423)
	at com.mysql.jdbc.Util.handleNewInstance(Util.java:377)
	at com.mysql.jdbc.SQLError.createCommunicationsException(SQLError.java:1036)
	at com.mysql.jdbc.MysqlIO.<init>(MysqlIO.java:338)
	at com.mysql.jdbc.ConnectionImpl.coreConnect(ConnectionImpl.java:2232)
	at com.mysql.jdbc.ConnectionImpl.connectOneTryOnly(ConnectionImpl.java:2265)
	at com.mysql.jdbc.ConnectionImpl.createNewIO(ConnectionImpl.java:2064)
	at com.mysql.jdbc.ConnectionImpl.<init>(ConnectionImpl.java:790)
	at com.mysql.jdbc.JDBC4Connection.<init>(JDBC4Connection.java:44)
	at sun.reflect.NativeConstructorAccessorImpl.newInstance0(Native Method)
	at sun.reflect.NativeConstructorAccessorImpl.newInstance(NativeConstructorAccessorImpl.java:62)
	at sun.reflect.DelegatingConstructorAccessorImpl.newInstance(DelegatingConstructorAccessorImpl.java:45)
	at java.lang.reflect.Constructor.newInstance(Constructor.java:423)
	at com.mysql.jdbc.Util.handleNewInstance(Util.java:377)
	at com.mysql.jdbc.ConnectionImpl.getInstance(ConnectionImpl.java:395)
	at com.mysql.jdbc.NonRegisteringDriver.connect(NonRegisteringDriver.java:325)
	at com.alibaba.druid.filter.FilterChainImpl.connection_connect(FilterChainImpl.java:148)
	at com.alibaba.druid.filter.stat.StatFilter.connection_connect(StatFilter.java:220)
	at com.alibaba.druid.filter.FilterChainImpl.connection_connect(FilterChainImpl.java:142)
	at com.alibaba.druid.pool.DruidAbstractDataSource.createPhysicalConnection(DruidAbstractDataSource.java:1463)
	at com.alibaba.druid.pool.DruidAbstractDataSource.createPhysicalConnection(DruidAbstractDataSource.java:1525)
	at com.alibaba.druid.pool.DruidDataSource$CreateConnectionThread.run(DruidDataSource.java:2100)
Caused by: java.net.ConnectException: Connection refused: connect
	at java.net.DualStackPlainSocketImpl.connect0(Native Method)
	at java.net.DualStackPlainSocketImpl.socketConnect(DualStackPlainSocketImpl.java:79)
	at java.net.AbstractPlainSocketImpl.doConnect(AbstractPlainSocketImpl.java:350)
	at java.net.AbstractPlainSocketImpl.connectToAddress(AbstractPlainSocketImpl.java:206)
	at java.net.AbstractPlainSocketImpl.connect(AbstractPlainSocketImpl.java:188)
	at java.net.PlainSocketImpl.connect(PlainSocketImpl.java:172)
	at java.net.SocksSocketImpl.connect(SocksSocketImpl.java:392)
	at java.net.Socket.connect(Socket.java:589)
	at com.mysql.jdbc.StandardSocketFactory.connect(StandardSocketFactory.java:213)
	at com.mysql.jdbc.MysqlIO.<init>(MysqlIO.java:297)
	... 18 more
2026-05-06 10:55:41 ERROR create connection error, url: jdbc:mysql://localhost:3306/sanguo_game?useUnicode=true&characterEncoding=utf8, errorCode 0, state 08S01
com.mysql.jdbc.exceptions.jdbc4.CommunicationsException: Communications link failure

The last packet sent successfully to the server was 0 milliseconds ago. The driver has not received any packets from the server.
	at sun.reflect.GeneratedConstructorAccessor174.newInstance(Unknown Source)
	at sun.reflect.DelegatingConstructorAccessorImpl.newInstance(DelegatingConstructorAccessorImpl.java:45)
	at java.lang.reflect.Constructor.newInstance(Constructor.java:423)
	at com.mysql.jdbc.Util.handleNewInstance(Util.java:377)
	at com.mysql.jdbc.SQLError.createCommunicationsException(SQLError.java:1036)
	at com.mysql.jdbc.MysqlIO.<init>(MysqlIO.java:338)
	at com.mysql.jdbc.ConnectionImpl.coreConnect(ConnectionImpl.java:2232)
	at com.mysql.jdbc.ConnectionImpl.connectOneTryOnly(ConnectionImpl.java:2265)
	at com.mysql.jdbc.ConnectionImpl.createNewIO(ConnectionImpl.java:2064)
	at com.mysql.jdbc.ConnectionImpl.<init>(ConnectionImpl.java:790)
	at com.mysql.jdbc.JDBC4Connection.<init>(JDBC4Connection.java:44)
	at sun.reflect.NativeConstructorAccessorImpl.newInstance0(Native Method)
	at sun.reflect.NativeConstructorAccessorImpl.newInstance(NativeConstructorAccessorImpl.java:62)
	at sun.reflect.DelegatingConstructorAccessorImpl.newInstance(DelegatingConstructorAccessorImpl.java:45)
	at java.lang.reflect.Constructor.newInstance(Constructor.java:423)
	at com.mysql.jdbc.Util.handleNewInstance(Util.java:377)
	at com.mysql.jdbc.ConnectionImpl.getInstance(ConnectionImpl.java:395)
	at com.mysql.jdbc.NonRegisteringDriver.connect(NonRegisteringDriver.java:325)
	at com.alibaba.druid.filter.FilterChainImpl.connection_connect(FilterChainImpl.java:148)
	at com.alibaba.druid.filter.stat.StatFilter.connection_connect(StatFilter.java:220)
	at com.alibaba.druid.filter.FilterChainImpl.connection_connect(FilterChainImpl.java:142)
	at com.alibaba.druid.pool.DruidAbstractDataSource.createPhysicalConnection(DruidAbstractDataSource.java:1463)
	at com.alibaba.druid.pool.DruidAbstractDataSource.createPhysicalConnection(DruidAbstractDataSource.java:1525)
	at com.alibaba.druid.pool.DruidDataSource$CreateConnectionThread.run(DruidDataSource.java:2100)
Caused by: java.net.ConnectException: Connection refused: connect
	at java.net.DualStackPlainSocketImpl.connect0(Native Method)
	at java.net.DualStackPlainSocketImpl.socketConnect(DualStackPlainSocketImpl.java:79)
	at java.net.AbstractPlainSocketImpl.doConnect(AbstractPlainSocketImpl.java:350)
	at java.net.AbstractPlainSocketImpl.connectToAddress(AbstractPlainSocketImpl.java:206)
	at java.net.AbstractPlainSocketImpl.connect(AbstractPlainSocketImpl.java:188)
	at java.net.PlainSocketImpl.connect(PlainSocketImpl.java:172)
	at java.net.SocksSocketImpl.connect(SocksSocketImpl.java:392)
	at java.net.Socket.connect(Socket.java:589)
	at com.mysql.jdbc.StandardSocketFactory.connect(StandardSocketFactory.java:213)
	at com.mysql.jdbc.MysqlIO.<init>(MysqlIO.java:297)
	... 18 more
2026-05-06 10:55:45 ERROR create connection error, url: jdbc:mysql://localhost:3306/sanguo_game?useUnicode=true&characterEncoding=utf8, errorCode 0, state 08S01
com.mysql.jdbc.exceptions.jdbc4.CommunicationsException: Communications link failure

The last packet sent successfully to the server was 0 milliseconds ago. The driver has not received any packets from the server.
	at sun.reflect.GeneratedConstructorAccessor174.newInstance(Unknown Source)
	at sun.reflect.DelegatingConstructorAccessorImpl.newInstance(DelegatingConstructorAccessorImpl.java:45)
	at java.lang.reflect.Constructor.newInstance(Constructor.java:423)
	at com.mysql.jdbc.Util.handleNewInstance(Util.java:377)
	at com.mysql.jdbc.SQLError.createCommunicationsException(SQLError.java:1036)
	at com.mysql.jdbc.MysqlIO.<init>(MysqlIO.java:338)
	at com.mysql.jdbc.ConnectionImpl.coreConnect(ConnectionImpl.java:2232)
	at com.mysql.jdbc.ConnectionImpl.connectOneTryOnly(ConnectionImpl.java:2265)
	at com.mysql.jdbc.ConnectionImpl.createNewIO(ConnectionImpl.java:2064)
	at com.mysql.jdbc.ConnectionImpl.<init>(ConnectionImpl.java:790)
	at com.mysql.jdbc.JDBC4Connection.<init>(JDBC4Connection.java:44)
	at sun.reflect.NativeConstructorAccessorImpl.newInstance0(Native Method)
	at sun.reflect.NativeConstructorAccessorImpl.newInstance(NativeConstructorAccessorImpl.java:62)
	at sun.reflect.DelegatingConstructorAccessorImpl.newInstance(DelegatingConstructorAccessorImpl.java:45)
	at java.lang.reflect.Constructor.newInstance(Constructor.java:423)
	at com.mysql.jdbc.Util.handleNewInstance(Util.java:377)
	at com.mysql.jdbc.ConnectionImpl.getInstance(ConnectionImpl.java:395)
	at com.mysql.jdbc.NonRegisteringDriver.connect(NonRegisteringDriver.java:325)
	at com.alibaba.druid.filter.FilterChainImpl.connection_connect(FilterChainImpl.java:148)
	at com.alibaba.druid.filter.stat.StatFilter.connection_connect(StatFilter.java:220)
	at com.alibaba.druid.filter.FilterChainImpl.connection_connect(FilterChainImpl.java:142)
	at com.alibaba.druid.pool.DruidAbstractDataSource.createPhysicalConnection(DruidAbstractDataSource.java:1463)
	at com.alibaba.druid.pool.DruidAbstractDataSource.createPhysicalConnection(DruidAbstractDataSource.java:1525)
	at com.alibaba.druid.pool.DruidDataSource$CreateConnectionThread.run(DruidDataSource.java:2100)
Caused by: java.net.ConnectException: Connection refused: connect
	at java.net.DualStackPlainSocketImpl.connect0(Native Method)
	at java.net.DualStackPlainSocketImpl.socketConnect(DualStackPlainSocketImpl.java:79)
	at java.net.AbstractPlainSocketImpl.doConnect(AbstractPlainSocketImpl.java:350)
	at java.net.AbstractPlainSocketImpl.connectToAddress(AbstractPlainSocketImpl.java:206)
	at java.net.AbstractPlainSocketImpl.connect(AbstractPlainSocketImpl.java:188)
	at java.net.PlainSocketImpl.connect(PlainSocketImpl.java:172)
	at java.net.SocksSocketImpl.connect(SocksSocketImpl.java:392)
	at java.net.Socket.connect(Socket.java:589)
	at com.mysql.jdbc.StandardSocketFactory.connect(StandardSocketFactory.java:213)
	at com.mysql.jdbc.MysqlIO.<init>(MysqlIO.java:297)
	... 18 more
2026-05-06 10:55:49 ERROR create connection error, url: jdbc:mysql://localhost:3306/sanguo_game?useUnicode=true&characterEncoding=utf8, errorCode 0, state 08S01
com.mysql.jdbc.exceptions.jdbc4.CommunicationsException: Communications link failure

The last packet sent successfully to the server was 0 milliseconds ago. The driver has not received any packets from the server.
	at sun.reflect.GeneratedConstructorAccessor174.newInstance(Unknown Source)
	at sun.reflect.DelegatingConstructorAccessorImpl.newInstance(DelegatingConstructorAccessorImpl.java:45)
	at java.lang.reflect.Constructor.newInstance(Constructor.java:423)
	at com.mysql.jdbc.Util.handleNewInstance(Util.java:377)
	at com.mysql.jdbc.SQLError.createCommunicationsException(SQLError.java:1036)
	at com.mysql.jdbc.MysqlIO.<init>(MysqlIO.java:338)
	at com.mysql.jdbc.ConnectionImpl.coreConnect(ConnectionImpl.java:2232)
	at com.mysql.jdbc.ConnectionImpl.connectOneTryOnly(ConnectionImpl.java:2265)
	at com.mysql.jdbc.ConnectionImpl.createNewIO(ConnectionImpl.java:2064)
	at com.mysql.jdbc.ConnectionImpl.<init>(ConnectionImpl.java:790)
	at com.mysql.jdbc.JDBC4Connection.<init>(JDBC4Connection.java:44)
	at sun.reflect.GeneratedConstructorAccessor175.newInstance(Unknown Source)
	at sun.reflect.DelegatingConstructorAccessorImpl.newInstance(DelegatingConstructorAccessorImpl.java:45)
	at java.lang.reflect.Constructor.newInstance(Constructor.java:423)
	at com.mysql.jdbc.Util.handleNewInstance(Util.java:377)
	at com.mysql.jdbc.ConnectionImpl.getInstance(ConnectionImpl.java:395)
	at com.mysql.jdbc.NonRegisteringDriver.connect(NonRegisteringDriver.java:325)
	at com.alibaba.druid.filter.FilterChainImpl.connection_connect(FilterChainImpl.java:148)
	at com.alibaba.druid.filter.stat.StatFilter.connection_connect(StatFilter.java:220)
	at com.alibaba.druid.filter.FilterChainImpl.connection_connect(FilterChainImpl.java:142)
	at com.alibaba.druid.pool.DruidAbstractDataSource.createPhysicalConnection(DruidAbstractDataSource.java:1463)
	at com.alibaba.druid.pool.DruidAbstractDataSource.createPhysicalConnection(DruidAbstractDataSource.java:1525)
	at com.alibaba.druid.pool.DruidDataSource$CreateConnectionThread.run(DruidDataSource.java:2100)
Caused by: java.net.ConnectException: Connection refused: connect
	at java.net.DualStackPlainSocketImpl.connect0(Native Method)
	at java.net.DualStackPlainSocketImpl.socketConnect(DualStackPlainSocketImpl.java:79)
	at java.net.AbstractPlainSocketImpl.doConnect(AbstractPlainSocketImpl.java:350)
	at java.net.AbstractPlainSocketImpl.connectToAddress(AbstractPlainSocketImpl.java:206)
	at java.net.AbstractPlainSocketImpl.connect(AbstractPlainSocketImpl.java:188)
	at java.net.PlainSocketImpl.connect(PlainSocketImpl.java:172)
	at java.net.SocksSocketImpl.connect(SocksSocketImpl.java:392)
	at java.net.Socket.connect(Socket.java:589)
	at com.mysql.jdbc.StandardSocketFactory.connect(StandardSocketFactory.java:213)
	at com.mysql.jdbc.MysqlIO.<init>(MysqlIO.java:297)
	... 17 more
2026-05-06 10:55:53 ERROR create connection error, url: jdbc:mysql://localhost:3306/sanguo_game?useUnicode=true&characterEncoding=utf8, errorCode 0, state 08S01
com.mysql.jdbc.exceptions.jdbc4.CommunicationsException: Communications link failure

The last packet sent successfully to the server was 0 milliseconds ago. The driver has not received any packets from the server.
	at sun.reflect.GeneratedConstructorAccessor174.newInstance(Unknown Source)
	at sun.reflect.DelegatingConstructorAccessorImpl.newInstance(DelegatingConstructorAccessorImpl.java:45)
	at java.lang.reflect.Constructor.newInstance(Constructor.java:423)
	at com.mysql.jdbc.Util.handleNewInstance(Util.java:377)
	at com.mysql.jdbc.SQLError.createCommunicationsException(SQLError.java:1036)
	at com.mysql.jdbc.MysqlIO.<init>(MysqlIO.java:338)
	at com.mysql.jdbc.ConnectionImpl.coreConnect(ConnectionImpl.java:2232)
	at com.mysql.jdbc.ConnectionImpl.connectOneTryOnly(ConnectionImpl.java:2265)
	at com.mysql.jdbc.ConnectionImpl.createNewIO(ConnectionImpl.java:2064)
	at com.mysql.jdbc.ConnectionImpl.<init>(ConnectionImpl.java:790)
	at com.mysql.jdbc.JDBC4Connection.<init>(JDBC4Connection.java:44)
	at sun.reflect.GeneratedConstructorAccessor175.newInstance(Unknown Source)
	at sun.reflect.DelegatingConstructorAccessorImpl.newInstance(DelegatingConstructorAccessorImpl.java:45)
	at java.lang.reflect.Constructor.newInstance(Constructor.java:423)
	at com.mysql.jdbc.Util.handleNewInstance(Util.java:377)
	at com.mysql.jdbc.ConnectionImpl.getInstance(ConnectionImpl.java:395)
	at com.mysql.jdbc.NonRegisteringDriver.connect(NonRegisteringDriver.java:325)
	at com.alibaba.druid.filter.FilterChainImpl.connection_connect(FilterChainImpl.java:148)
	at com.alibaba.druid.filter.stat.StatFilter.connection_connect(StatFilter.java:220)
	at com.alibaba.druid.filter.FilterChainImpl.connection_connect(FilterChainImpl.java:142)
	at com.alibaba.druid.pool.DruidAbstractDataSource.createPhysicalConnection(DruidAbstractDataSource.java:1463)
	at com.alibaba.druid.pool.DruidAbstractDataSource.createPhysicalConnection(DruidAbstractDataSource.java:1525)
	at com.alibaba.druid.pool.DruidDataSource$CreateConnectionThread.run(DruidDataSource.java:2100)
Caused by: java.net.ConnectException: Connection refused: connect
	at java.net.DualStackPlainSocketImpl.connect0(Native Method)
	at java.net.DualStackPlainSocketImpl.socketConnect(DualStackPlainSocketImpl.java:79)
	at java.net.AbstractPlainSocketImpl.doConnect(AbstractPlainSocketImpl.java:350)
	at java.net.AbstractPlainSocketImpl.connectToAddress(AbstractPlainSocketImpl.java:206)
	at java.net.AbstractPlainSocketImpl.connect(AbstractPlainSocketImpl.java:188)
	at java.net.PlainSocketImpl.connect(PlainSocketImpl.java:172)
	at java.net.SocksSocketImpl.connect(SocksSocketImpl.java:392)
	at java.net.Socket.connect(Socket.java:589)
	at com.mysql.jdbc.StandardSocketFactory.connect(StandardSocketFactory.java:213)
	at com.mysql.jdbc.MysqlIO.<init>(MysqlIO.java:297)
	... 17 more
2026-05-06 10:55:57 ERROR create connection error, url: jdbc:mysql://localhost:3306/sanguo_game?useUnicode=true&characterEncoding=utf8, errorCode 0, state 08S01
com.mysql.jdbc.exceptions.jdbc4.CommunicationsException: Communications link failure

The last packet sent successfully to the server was 0 milliseconds ago. The driver has not received any packets from the server.
	at sun.reflect.GeneratedConstructorAccessor174.newInstance(Unknown Source)
	at sun.reflect.DelegatingConstructorAccessorImpl.newInstance(DelegatingConstructorAccessorImpl.java:45)
	at java.lang.reflect.Constructor.newInstance(Constructor.java:423)
	at com.mysql.jdbc.Util.handleNewInstance(Util.java:377)
	at com.mysql.jdbc.SQLError.createCommunicationsException(SQLError.java:1036)
	at com.mysql.jdbc.MysqlIO.<init>(MysqlIO.java:338)
	at com.mysql.jdbc.ConnectionImpl.coreConnect(ConnectionImpl.java:2232)
	at com.mysql.jdbc.ConnectionImpl.connectOneTryOnly(ConnectionImpl.java:2265)
	at com.mysql.jdbc.ConnectionImpl.createNewIO(ConnectionImpl.java:2064)
	at com.mysql.jdbc.ConnectionImpl.<init>(ConnectionImpl.java:790)
	at com.mysql.jdbc.JDBC4Connection.<init>(JDBC4Connection.java:44)
	at sun.reflect.GeneratedConstructorAccessor175.newInstance(Unknown Source)
	at sun.reflect.DelegatingConstructorAccessorImpl.newInstance(DelegatingConstructorAccessorImpl.java:45)
	at java.lang.reflect.Constructor.newInstance(Constructor.java:423)
	at com.mysql.jdbc.Util.handleNewInstance(Util.java:377)
	at com.mysql.jdbc.ConnectionImpl.getInstance(ConnectionImpl.java:395)
	at com.mysql.jdbc.NonRegisteringDriver.connect(NonRegisteringDriver.java:325)
	at com.alibaba.druid.filter.FilterChainImpl.connection_connect(FilterChainImpl.java:148)
	at com.alibaba.druid.filter.stat.StatFilter.connection_connect(StatFilter.java:220)
	at com.alibaba.druid.filter.FilterChainImpl.connection_connect(FilterChainImpl.java:142)
	at com.alibaba.druid.pool.DruidAbstractDataSource.createPhysicalConnection(DruidAbstractDataSource.java:1463)
	at com.alibaba.druid.pool.DruidAbstractDataSource.createPhysicalConnection(DruidAbstractDataSource.java:1525)
	at com.alibaba.druid.pool.DruidDataSource$CreateConnectionThread.run(DruidDataSource.java:2100)
Caused by: java.net.ConnectException: Connection refused: connect
	at java.net.DualStackPlainSocketImpl.connect0(Native Method)
	at java.net.DualStackPlainSocketImpl.socketConnect(DualStackPlainSocketImpl.java:79)
	at java.net.AbstractPlainSocketImpl.doConnect(AbstractPlainSocketImpl.java:350)
	at java.net.AbstractPlainSocketImpl.connectToAddress(AbstractPlainSocketImpl.java:206)
	at java.net.AbstractPlainSocketImpl.connect(AbstractPlainSocketImpl.java:188)
	at java.net.PlainSocketImpl.connect(PlainSocketImpl.java:172)
	at java.net.SocksSocketImpl.connect(SocksSocketImpl.java:392)
	at java.net.Socket.connect(Socket.java:589)
	at com.mysql.jdbc.StandardSocketFactory.connect(StandardSocketFactory.java:213)
	at com.mysql.jdbc.MysqlIO.<init>(MysqlIO.java:297)
	... 17 more
2026-05-06 10:56:00 DEBUG Producing instance of Job 'AUTO.JOBS', class=com.linlongyx.sanguo.webgame.quartz.QuartzJob
2026-05-06 10:56:00 DEBUG Calling execute on job AUTO.JOBS
2026-05-06 10:56:02 ERROR create connection error, url: jdbc:mysql://localhost:3306/sanguo_game?useUnicode=true&characterEncoding=utf8, errorCode 0, state 08S01
com.mysql.jdbc.exceptions.jdbc4.CommunicationsException: Communications link failure

The last packet sent successfully to the server was 0 milliseconds ago. The driver has not received any packets from the server.
	at sun.reflect.GeneratedConstructorAccessor174.newInstance(Unknown Source)
	at sun.reflect.DelegatingConstructorAccessorImpl.newInstance(DelegatingConstructorAccessorImpl.java:45)
	at java.lang.reflect.Constructor.newInstance(Constructor.java:423)
	at com.mysql.jdbc.Util.handleNewInstance(Util.java:377)
	at com.mysql.jdbc.SQLError.createCommunicationsException(SQLError.java:1036)
	at com.mysql.jdbc.MysqlIO.<init>(MysqlIO.java:338)
	at com.mysql.jdbc.ConnectionImpl.coreConnect(ConnectionImpl.java:2232)
	at com.mysql.jdbc.ConnectionImpl.connectOneTryOnly(ConnectionImpl.java:2265)
	at com.mysql.jdbc.ConnectionImpl.createNewIO(ConnectionImpl.java:2064)
	at com.mysql.jdbc.ConnectionImpl.<init>(ConnectionImpl.java:790)
	at com.mysql.jdbc.JDBC4Connection.<init>(JDBC4Connection.java:44)
	at sun.reflect.GeneratedConstructorAccessor175.newInstance(Unknown Source)
	at sun.reflect.DelegatingConstructorAccessorImpl.newInstance(DelegatingConstructorAccessorImpl.java:45)
	at java.lang.reflect.Constructor.newInstance(Constructor.java:423)
	at com.mysql.jdbc.Util.handleNewInstance(Util.java:377)
	at com.mysql.jdbc.ConnectionImpl.getInstance(ConnectionImpl.java:395)
	at com.mysql.jdbc.NonRegisteringDriver.connect(NonRegisteringDriver.java:325)
	at com.alibaba.druid.filter.FilterChainImpl.connection_connect(FilterChainImpl.java:148)
	at com.alibaba.druid.filter.stat.StatFilter.connection_connect(StatFilter.java:220)
	at com.alibaba.druid.filter.FilterChainImpl.connection_connect(FilterChainImpl.java:142)
	at com.alibaba.druid.pool.DruidAbstractDataSource.createPhysicalConnection(DruidAbstractDataSource.java:1463)
	at com.alibaba.druid.pool.DruidAbstractDataSource.createPhysicalConnection(DruidAbstractDataSource.java:1525)
	at com.alibaba.druid.pool.DruidDataSource$CreateConnectionThread.run(DruidDataSource.java:2100)
Caused by: java.net.ConnectException: Connection refused: connect
	at java.net.DualStackPlainSocketImpl.connect0(Native Method)
	at java.net.DualStackPlainSocketImpl.socketConnect(DualStackPlainSocketImpl.java:79)
	at java.net.AbstractPlainSocketImpl.doConnect(AbstractPlainSocketImpl.java:350)
	at java.net.AbstractPlainSocketImpl.connectToAddress(AbstractPlainSocketImpl.java:206)
	at java.net.AbstractPlainSocketImpl.connect(AbstractPlainSocketImpl.java:188)
	at java.net.PlainSocketImpl.connect(PlainSocketImpl.java:172)
	at java.net.SocksSocketImpl.connect(SocksSocketImpl.java:392)
	at java.net.Socket.connect(Socket.java:589)
	at com.mysql.jdbc.StandardSocketFactory.connect(StandardSocketFactory.java:213)
	at com.mysql.jdbc.MysqlIO.<init>(MysqlIO.java:297)
	... 17 more
2026-05-06 10:56:06 ERROR create connection error, url: jdbc:mysql://localhost:3306/sanguo_game?useUnicode=true&characterEncoding=utf8, errorCode 0, state 08S01
com.mysql.jdbc.exceptions.jdbc4.CommunicationsException: Communications link failure

The last packet sent successfully to the server was 0 milliseconds ago. The driver has not received any packets from the server.
	at sun.reflect.GeneratedConstructorAccessor174.newInstance(Unknown Source)
	at sun.reflect.DelegatingConstructorAccessorImpl.newInstance(DelegatingConstructorAccessorImpl.java:45)
	at java.lang.reflect.Constructor.newInstance(Constructor.java:423)
	at com.mysql.jdbc.Util.handleNewInstance(Util.java:377)
	at com.mysql.jdbc.SQLError.createCommunicationsException(SQLError.java:1036)
	at com.mysql.jdbc.MysqlIO.<init>(MysqlIO.java:338)
	at com.mysql.jdbc.ConnectionImpl.coreConnect(ConnectionImpl.java:2232)
	at com.mysql.jdbc.ConnectionImpl.connectOneTryOnly(ConnectionImpl.java:2265)
	at com.mysql.jdbc.ConnectionImpl.createNewIO(ConnectionImpl.java:2064)
	at com.mysql.jdbc.ConnectionImpl.<init>(ConnectionImpl.java:790)
	at com.mysql.jdbc.JDBC4Connection.<init>(JDBC4Connection.java:44)
	at sun.reflect.GeneratedConstructorAccessor175.newInstance(Unknown Source)
	at sun.reflect.DelegatingConstructorAccessorImpl.newInstance(DelegatingConstructorAccessorImpl.java:45)
	at java.lang.reflect.Constructor.newInstance(Constructor.java:423)
	at com.mysql.jdbc.Util.handleNewInstance(Util.java:377)
	at com.mysql.jdbc.ConnectionImpl.getInstance(ConnectionImpl.java:395)
	at com.mysql.jdbc.NonRegisteringDriver.connect(NonRegisteringDriver.java:325)
	at com.alibaba.druid.filter.FilterChainImpl.connection_connect(FilterChainImpl.java:148)
	at com.alibaba.druid.filter.stat.StatFilter.connection_connect(StatFilter.java:220)
	at com.alibaba.druid.filter.FilterChainImpl.connection_connect(FilterChainImpl.java:142)
	at com.alibaba.druid.pool.DruidAbstractDataSource.createPhysicalConnection(DruidAbstractDataSource.java:1463)
	at com.alibaba.druid.pool.DruidAbstractDataSource.createPhysicalConnection(DruidAbstractDataSource.java:1525)
	at com.alibaba.druid.pool.DruidDataSource$CreateConnectionThread.run(DruidDataSource.java:2100)
Caused by: java.net.ConnectException: Connection refused: connect
	at java.net.DualStackPlainSocketImpl.connect0(Native Method)
	at java.net.DualStackPlainSocketImpl.socketConnect(DualStackPlainSocketImpl.java:79)
	at java.net.AbstractPlainSocketImpl.doConnect(AbstractPlainSocketImpl.java:350)
	at java.net.AbstractPlainSocketImpl.connectToAddress(AbstractPlainSocketImpl.java:206)
	at java.net.AbstractPlainSocketImpl.connect(AbstractPlainSocketImpl.java:188)
	at java.net.PlainSocketImpl.connect(PlainSocketImpl.java:172)
	at java.net.SocksSocketImpl.connect(SocksSocketImpl.java:392)
	at java.net.Socket.connect(Socket.java:589)
	at com.mysql.jdbc.StandardSocketFactory.connect(StandardSocketFactory.java:213)
	at com.mysql.jdbc.MysqlIO.<init>(MysqlIO.java:297)
	... 17 more
2026-05-06 10:56:10 ERROR create connection error, url: jdbc:mysql://localhost:3306/sanguo_game?useUnicode=true&characterEncoding=utf8, errorCode 0, state 08S01
com.mysql.jdbc.exceptions.jdbc4.CommunicationsException: Communications link failure

The last packet sent successfully to the server was 0 milliseconds ago. The driver has not received any packets from the server.
	at sun.reflect.GeneratedConstructorAccessor174.newInstance(Unknown Source)
	at sun.reflect.DelegatingConstructorAccessorImpl.newInstance(DelegatingConstructorAccessorImpl.java:45)
	at java.lang.reflect.Constructor.newInstance(Constructor.java:423)
	at com.mysql.jdbc.Util.handleNewInstance(Util.java:377)
	at com.mysql.jdbc.SQLError.createCommunicationsException(SQLError.java:1036)
	at com.mysql.jdbc.MysqlIO.<init>(MysqlIO.java:338)
	at com.mysql.jdbc.ConnectionImpl.coreConnect(ConnectionImpl.java:2232)
	at com.mysql.jdbc.ConnectionImpl.connectOneTryOnly(ConnectionImpl.java:2265)
	at com.mysql.jdbc.ConnectionImpl.createNewIO(ConnectionImpl.java:2064)
	at com.mysql.jdbc.ConnectionImpl.<init>(ConnectionImpl.java:790)
	at com.mysql.jdbc.JDBC4Connection.<init>(JDBC4Connection.java:44)
	at sun.reflect.GeneratedConstructorAccessor175.newInstance(Unknown Source)
	at sun.reflect.DelegatingConstructorAccessorImpl.newInstance(DelegatingConstructorAccessorImpl.java:45)
	at java.lang.reflect.Constructor.newInstance(Constructor.java:423)
	at com.mysql.jdbc.Util.handleNewInstance(Util.java:377)
	at com.mysql.jdbc.ConnectionImpl.getInstance(ConnectionImpl.java:395)
	at com.mysql.jdbc.NonRegisteringDriver.connect(NonRegisteringDriver.java:325)
	at com.alibaba.druid.filter.FilterChainImpl.connection_connect(FilterChainImpl.java:148)
	at com.alibaba.druid.filter.stat.StatFilter.connection_connect(StatFilter.java:220)
	at com.alibaba.druid.filter.FilterChainImpl.connection_connect(FilterChainImpl.java:142)
	at com.alibaba.druid.pool.DruidAbstractDataSource.createPhysicalConnection(DruidAbstractDataSource.java:1463)
	at com.alibaba.druid.pool.DruidAbstractDataSource.createPhysicalConnection(DruidAbstractDataSource.java:1525)
	at com.alibaba.druid.pool.DruidDataSource$CreateConnectionThread.run(DruidDataSource.java:2100)
Caused by: java.net.ConnectException: Connection refused: connect
	at java.net.DualStackPlainSocketImpl.connect0(Native Method)
	at java.net.DualStackPlainSocketImpl.socketConnect(DualStackPlainSocketImpl.java:79)
	at java.net.AbstractPlainSocketImpl.doConnect(AbstractPlainSocketImpl.java:350)
	at java.net.AbstractPlainSocketImpl.connectToAddress(AbstractPlainSocketImpl.java:206)
	at java.net.AbstractPlainSocketImpl.connect(AbstractPlainSocketImpl.java:188)
	at java.net.PlainSocketImpl.connect(PlainSocketImpl.java:172)
	at java.net.SocksSocketImpl.connect(SocksSocketImpl.java:392)
	at java.net.Socket.connect(Socket.java:589)
	at com.mysql.jdbc.StandardSocketFactory.connect(StandardSocketFactory.java:213)
	at com.mysql.jdbc.MysqlIO.<init>(MysqlIO.java:297)
	... 17 more
2026-05-06 10:56:14 ERROR create connection error, url: jdbc:mysql://localhost:3306/sanguo_game?useUnicode=true&characterEncoding=utf8, errorCode 0, state 08S01
com.mysql.jdbc.exceptions.jdbc4.CommunicationsException: Communications link failure

The last packet sent successfully to the server was 0 milliseconds ago. The driver has not received any packets from the server.
	at sun.reflect.GeneratedConstructorAccessor174.newInstance(Unknown Source)
	at sun.reflect.DelegatingConstructorAccessorImpl.newInstance(DelegatingConstructorAccessorImpl.java:45)
	at java.lang.reflect.Constructor.newInstance(Constructor.java:423)
	at com.mysql.jdbc.Util.handleNewInstance(Util.java:377)
	at com.mysql.jdbc.SQLError.createCommunicationsException(SQLError.java:1036)
	at com.mysql.jdbc.MysqlIO.<init>(MysqlIO.java:338)
	at com.mysql.jdbc.ConnectionImpl.coreConnect(ConnectionImpl.java:2232)
	at com.mysql.jdbc.ConnectionImpl.connectOneTryOnly(ConnectionImpl.java:2265)
	at com.mysql.jdbc.ConnectionImpl.createNewIO(ConnectionImpl.java:2064)
	at com.mysql.jdbc.ConnectionImpl.<init>(ConnectionImpl.java:790)
	at com.mysql.jdbc.JDBC4Connection.<init>(JDBC4Connection.java:44)
	at sun.reflect.GeneratedConstructorAccessor175.newInstance(Unknown Source)
	at sun.reflect.DelegatingConstructorAccessorImpl.newInstance(DelegatingConstructorAccessorImpl.java:45)
	at java.lang.reflect.Constructor.newInstance(Constructor.java:423)
	at com.mysql.jdbc.Util.handleNewInstance(Util.java:377)
	at com.mysql.jdbc.ConnectionImpl.getInstance(ConnectionImpl.java:395)
	at com.mysql.jdbc.NonRegisteringDriver.connect(NonRegisteringDriver.java:325)
	at com.alibaba.druid.filter.FilterChainImpl.connection_connect(FilterChainImpl.java:148)
	at com.alibaba.druid.filter.stat.StatFilter.connection_connect(StatFilter.java:220)
	at com.alibaba.druid.filter.FilterChainImpl.connection_connect(FilterChainImpl.java:142)
	at com.alibaba.druid.pool.DruidAbstractDataSource.createPhysicalConnection(DruidAbstractDataSource.java:1463)
	at com.alibaba.druid.pool.DruidAbstractDataSource.createPhysicalConnection(DruidAbstractDataSource.java:1525)
	at com.alibaba.druid.pool.DruidDataSource$CreateConnectionThread.run(DruidDataSource.java:2100)
Caused by: java.net.ConnectException: Connection refused: connect
	at java.net.DualStackPlainSocketImpl.connect0(Native Method)
	at java.net.DualStackPlainSocketImpl.socketConnect(DualStackPlainSocketImpl.java:79)
	at java.net.AbstractPlainSocketImpl.doConnect(AbstractPlainSocketImpl.java:350)
	at java.net.AbstractPlainSocketImpl.connectToAddress(AbstractPlainSocketImpl.java:206)
	at java.net.AbstractPlainSocketImpl.connect(AbstractPlainSocketImpl.java:188)
	at java.net.PlainSocketImpl.connect(PlainSocketImpl.java:172)
	at java.net.SocksSocketImpl.connect(SocksSocketImpl.java:392)
	at java.net.Socket.connect(Socket.java:589)
	at com.mysql.jdbc.StandardSocketFactory.connect(StandardSocketFactory.java:213)
	at com.mysql.jdbc.MysqlIO.<init>(MysqlIO.java:297)
	... 17 more
2026-05-06 10:56:18 ERROR create connection error, url: jdbc:mysql://localhost:3306/sanguo_game?useUnicode=true&characterEncoding=utf8, errorCode 0, state 08S01
com.mysql.jdbc.exceptions.jdbc4.CommunicationsException: Communications link failure

The last packet sent successfully to the server was 0 milliseconds ago. The driver has not received any packets from the server.
	at sun.reflect.GeneratedConstructorAccessor174.newInstance(Unknown Source)
	at sun.reflect.DelegatingConstructorAccessorImpl.newInstance(DelegatingConstructorAccessorImpl.java:45)
	at java.lang.reflect.Constructor.newInstance(Constructor.java:423)
	at com.mysql.jdbc.Util.handleNewInstance(Util.java:377)
	at com.mysql.jdbc.SQLError.createCommunicationsException(SQLError.java:1036)
	at com.mysql.jdbc.MysqlIO.<init>(MysqlIO.java:338)
	at com.mysql.jdbc.ConnectionImpl.coreConnect(ConnectionImpl.java:2232)
	at com.mysql.jdbc.ConnectionImpl.connectOneTryOnly(ConnectionImpl.java:2265)
	at com.mysql.jdbc.ConnectionImpl.createNewIO(ConnectionImpl.java:2064)
	at com.mysql.jdbc.ConnectionImpl.<init>(ConnectionImpl.java:790)
	at com.mysql.jdbc.JDBC4Connection.<init>(JDBC4Connection.java:44)
	at sun.reflect.GeneratedConstructorAccessor175.newInstance(Unknown Source)
	at sun.reflect.DelegatingConstructorAccessorImpl.newInstance(DelegatingConstructorAccessorImpl.java:45)
	at java.lang.reflect.Constructor.newInstance(Constructor.java:423)
	at com.mysql.jdbc.Util.handleNewInstance(Util.java:377)
	at com.mysql.jdbc.ConnectionImpl.getInstance(ConnectionImpl.java:395)
	at com.mysql.jdbc.NonRegisteringDriver.connect(NonRegisteringDriver.java:325)
	at com.alibaba.druid.filter.FilterChainImpl.connection_connect(FilterChainImpl.java:148)
	at com.alibaba.druid.filter.stat.StatFilter.connection_connect(StatFilter.java:220)
	at com.alibaba.druid.filter.FilterChainImpl.connection_connect(FilterChainImpl.java:142)
	at com.alibaba.druid.pool.DruidAbstractDataSource.createPhysicalConnection(DruidAbstractDataSource.java:1463)
	at com.alibaba.druid.pool.DruidAbstractDataSource.createPhysicalConnection(DruidAbstractDataSource.java:1525)
	at com.alibaba.druid.pool.DruidDataSource$CreateConnectionThread.run(DruidDataSource.java:2100)
Caused by: java.net.ConnectException: Connection refused: connect
	at java.net.DualStackPlainSocketImpl.connect0(Native Method)
	at java.net.DualStackPlainSocketImpl.socketConnect(DualStackPlainSocketImpl.java:79)
	at java.net.AbstractPlainSocketImpl.doConnect(AbstractPlainSocketImpl.java:350)
	at java.net.AbstractPlainSocketImpl.connectToAddress(AbstractPlainSocketImpl.java:206)
	at java.net.AbstractPlainSocketImpl.connect(AbstractPlainSocketImpl.java:188)
	at java.net.PlainSocketImpl.connect(PlainSocketImpl.java:172)
	at java.net.SocksSocketImpl.connect(SocksSocketImpl.java:392)
	at java.net.Socket.connect(Socket.java:589)
	at com.mysql.jdbc.StandardSocketFactory.connect(StandardSocketFactory.java:213)
	at com.mysql.jdbc.MysqlIO.<init>(MysqlIO.java:297)
	... 17 more
2026-05-06 10:56:22 ERROR create connection error, url: jdbc:mysql://localhost:3306/sanguo_game?useUnicode=true&characterEncoding=utf8, errorCode 0, state 08S01
com.mysql.jdbc.exceptions.jdbc4.CommunicationsException: Communications link failure

The last packet sent successfully to the server was 0 milliseconds ago. The driver has not received any packets from the server.
	at sun.reflect.GeneratedConstructorAccessor174.newInstance(Unknown Source)
	at sun.reflect.DelegatingConstructorAccessorImpl.newInstance(DelegatingConstructorAccessorImpl.java:45)
	at java.lang.reflect.Constructor.newInstance(Constructor.java:423)
	at com.mysql.jdbc.Util.handleNewInstance(Util.java:377)
	at com.mysql.jdbc.SQLError.createCommunicationsException(SQLError.java:1036)
	at com.mysql.jdbc.MysqlIO.<init>(MysqlIO.java:338)
	at com.mysql.jdbc.ConnectionImpl.coreConnect(ConnectionImpl.java:2232)
	at com.mysql.jdbc.ConnectionImpl.connectOneTryOnly(ConnectionImpl.java:2265)
	at com.mysql.jdbc.ConnectionImpl.createNewIO(ConnectionImpl.java:2064)
	at com.mysql.jdbc.ConnectionImpl.<init>(ConnectionImpl.java:790)
	at com.mysql.jdbc.JDBC4Connection.<init>(JDBC4Connection.java:44)
	at sun.reflect.GeneratedConstructorAccessor175.newInstance(Unknown Source)
	at sun.reflect.DelegatingConstructorAccessorImpl.newInstance(DelegatingConstructorAccessorImpl.java:45)
	at java.lang.reflect.Constructor.newInstance(Constructor.java:423)
	at com.mysql.jdbc.Util.handleNewInstance(Util.java:377)
	at com.mysql.jdbc.ConnectionImpl.getInstance(ConnectionImpl.java:395)
	at com.mysql.jdbc.NonRegisteringDriver.connect(NonRegisteringDriver.java:325)
	at com.alibaba.druid.filter.FilterChainImpl.connection_connect(FilterChainImpl.java:148)
	at com.alibaba.druid.filter.stat.StatFilter.connection_connect(StatFilter.java:220)
	at com.alibaba.druid.filter.FilterChainImpl.connection_connect(FilterChainImpl.java:142)
	at com.alibaba.druid.pool.DruidAbstractDataSource.createPhysicalConnection(DruidAbstractDataSource.java:1463)
	at com.alibaba.druid.pool.DruidAbstractDataSource.createPhysicalConnection(DruidAbstractDataSource.java:1525)
	at com.alibaba.druid.pool.DruidDataSource$CreateConnectionThread.run(DruidDataSource.java:2100)
Caused by: java.net.ConnectException: Connection refused: connect
	at java.net.DualStackPlainSocketImpl.connect0(Native Method)
	at java.net.DualStackPlainSocketImpl.socketConnect(DualStackPlainSocketImpl.java:79)
	at java.net.AbstractPlainSocketImpl.doConnect(AbstractPlainSocketImpl.java:350)
	at java.net.AbstractPlainSocketImpl.connectToAddress(AbstractPlainSocketImpl.java:206)
	at java.net.AbstractPlainSocketImpl.connect(AbstractPlainSocketImpl.java:188)
	at java.net.PlainSocketImpl.connect(PlainSocketImpl.java:172)
	at java.net.SocksSocketImpl.connect(SocksSocketImpl.java:392)
	at java.net.Socket.connect(Socket.java:589)
	at com.mysql.jdbc.StandardSocketFactory.connect(StandardSocketFactory.java:213)
	at com.mysql.jdbc.MysqlIO.<init>(MysqlIO.java:297)
	... 17 more
2026-05-06 10:56:26 ERROR create connection error, url: jdbc:mysql://localhost:3306/sanguo_game?useUnicode=true&characterEncoding=utf8, errorCode 0, state 08S01
com.mysql.jdbc.exceptions.jdbc4.CommunicationsException: Communications link failure

The last packet sent successfully to the server was 0 milliseconds ago. The driver has not received any packets from the server.
	at sun.reflect.GeneratedConstructorAccessor174.newInstance(Unknown Source)
	at sun.reflect.DelegatingConstructorAccessorImpl.newInstance(DelegatingConstructorAccessorImpl.java:45)
	at java.lang.reflect.Constructor.newInstance(Constructor.java:423)
	at com.mysql.jdbc.Util.handleNewInstance(Util.java:377)
	at com.mysql.jdbc.SQLError.createCommunicationsException(SQLError.java:1036)
	at com.mysql.jdbc.MysqlIO.<init>(MysqlIO.java:338)
	at com.mysql.jdbc.ConnectionImpl.coreConnect(ConnectionImpl.java:2232)
	at com.mysql.jdbc.ConnectionImpl.connectOneTryOnly(ConnectionImpl.java:2265)
	at com.mysql.jdbc.ConnectionImpl.createNewIO(ConnectionImpl.java:2064)
	at com.mysql.jdbc.ConnectionImpl.<init>(ConnectionImpl.java:790)
	at com.mysql.jdbc.JDBC4Connection.<init>(JDBC4Connection.java:44)
	at sun.reflect.GeneratedConstructorAccessor175.newInstance(Unknown Source)
	at sun.reflect.DelegatingConstructorAccessorImpl.newInstance(DelegatingConstructorAccessorImpl.java:45)
	at java.lang.reflect.Constructor.newInstance(Constructor.java:423)
	at com.mysql.jdbc.Util.handleNewInstance(Util.java:377)
	at com.mysql.jdbc.ConnectionImpl.getInstance(ConnectionImpl.java:395)
	at com.mysql.jdbc.NonRegisteringDriver.connect(NonRegisteringDriver.java:325)
	at com.alibaba.druid.filter.FilterChainImpl.connection_connect(FilterChainImpl.java:148)
	at com.alibaba.druid.filter.stat.StatFilter.connection_connect(StatFilter.java:220)
	at com.alibaba.druid.filter.FilterChainImpl.connection_connect(FilterChainImpl.java:142)
	at com.alibaba.druid.pool.DruidAbstractDataSource.createPhysicalConnection(DruidAbstractDataSource.java:1463)
	at com.alibaba.druid.pool.DruidAbstractDataSource.createPhysicalConnection(DruidAbstractDataSource.java:1525)
	at com.alibaba.druid.pool.DruidDataSource$CreateConnectionThread.run(DruidDataSource.java:2100)
Caused by: java.net.ConnectException: Connection refused: connect
	at java.net.DualStackPlainSocketImpl.connect0(Native Method)
	at java.net.DualStackPlainSocketImpl.socketConnect(DualStackPlainSocketImpl.java:79)
	at java.net.AbstractPlainSocketImpl.doConnect(AbstractPlainSocketImpl.java:350)
	at java.net.AbstractPlainSocketImpl.connectToAddress(AbstractPlainSocketImpl.java:206)
	at java.net.AbstractPlainSocketImpl.connect(AbstractPlainSocketImpl.java:188)
	at java.net.PlainSocketImpl.connect(PlainSocketImpl.java:172)
	at java.net.SocksSocketImpl.connect(SocksSocketImpl.java:392)
	at java.net.Socket.connect(Socket.java:589)
	at com.mysql.jdbc.StandardSocketFactory.connect(StandardSocketFactory.java:213)
	at com.mysql.jdbc.MysqlIO.<init>(MysqlIO.java:297)
	... 17 more
2026-05-06 10:56:30 DEBUG Producing instance of Job 'AUTO.JOBS', class=com.linlongyx.sanguo.webgame.quartz.QuartzJob
2026-05-06 10:56:30 DEBUG Calling execute on job AUTO.JOBS
2026-05-06 10:56:30 ERROR create connection error, url: jdbc:mysql://localhost:3306/sanguo_game?useUnicode=true&characterEncoding=utf8, errorCode 0, state 08S01
com.mysql.jdbc.exceptions.jdbc4.CommunicationsException: Communications link failure

The last packet sent successfully to the server was 0 milliseconds ago. The driver has not received any packets from the server.
	at sun.reflect.GeneratedConstructorAccessor174.newInstance(Unknown Source)
	at sun.reflect.DelegatingConstructorAccessorImpl.newInstance(DelegatingConstructorAccessorImpl.java:45)
	at java.lang.reflect.Constructor.newInstance(Constructor.java:423)
	at com.mysql.jdbc.Util.handleNewInstance(Util.java:377)
	at com.mysql.jdbc.SQLError.createCommunicationsException(SQLError.java:1036)
	at com.mysql.jdbc.MysqlIO.<init>(MysqlIO.java:338)
	at com.mysql.jdbc.ConnectionImpl.coreConnect(ConnectionImpl.java:2232)
	at com.mysql.jdbc.ConnectionImpl.connectOneTryOnly(ConnectionImpl.java:2265)
	at com.mysql.jdbc.ConnectionImpl.createNewIO(ConnectionImpl.java:2064)
	at com.mysql.jdbc.ConnectionImpl.<init>(ConnectionImpl.java:790)
	at com.mysql.jdbc.JDBC4Connection.<init>(JDBC4Connection.java:44)
	at sun.reflect.GeneratedConstructorAccessor175.newInstance(Unknown Source)
	at sun.reflect.DelegatingConstructorAccessorImpl.newInstance(DelegatingConstructorAccessorImpl.java:45)
	at java.lang.reflect.Constructor.newInstance(Constructor.java:423)
	at com.mysql.jdbc.Util.handleNewInstance(Util.java:377)
	at com.mysql.jdbc.ConnectionImpl.getInstance(ConnectionImpl.java:395)
	at com.mysql.jdbc.NonRegisteringDriver.connect(NonRegisteringDriver.java:325)
	at com.alibaba.druid.filter.FilterChainImpl.connection_connect(FilterChainImpl.java:148)
	at com.alibaba.druid.filter.stat.StatFilter.connection_connect(StatFilter.java:220)
	at com.alibaba.druid.filter.FilterChainImpl.connection_connect(FilterChainImpl.java:142)
	at com.alibaba.druid.pool.DruidAbstractDataSource.createPhysicalConnection(DruidAbstractDataSource.java:1463)
	at com.alibaba.druid.pool.DruidAbstractDataSource.createPhysicalConnection(DruidAbstractDataSource.java:1525)
	at com.alibaba.druid.pool.DruidDataSource$CreateConnectionThread.run(DruidDataSource.java:2100)
Caused by: java.net.ConnectException: Connection refused: connect
	at java.net.DualStackPlainSocketImpl.connect0(Native Method)
	at java.net.DualStackPlainSocketImpl.socketConnect(DualStackPlainSocketImpl.java:79)
	at java.net.AbstractPlainSocketImpl.doConnect(AbstractPlainSocketImpl.java:350)
	at java.net.AbstractPlainSocketImpl.connectToAddress(AbstractPlainSocketImpl.java:206)
	at java.net.AbstractPlainSocketImpl.connect(AbstractPlainSocketImpl.java:188)
	at java.net.PlainSocketImpl.connect(PlainSocketImpl.java:172)
	at java.net.SocksSocketImpl.connect(SocksSocketImpl.java:392)
	at java.net.Socket.connect(Socket.java:589)
	at com.mysql.jdbc.StandardSocketFactory.connect(StandardSocketFactory.java:213)
	at com.mysql.jdbc.MysqlIO.<init>(MysqlIO.java:297)
	... 17 more
2026-05-06 10:56:34 ERROR create connection error, url: jdbc:mysql://localhost:3306/sanguo_game?useUnicode=true&characterEncoding=utf8, errorCode 0, state 08S01
com.mysql.jdbc.exceptions.jdbc4.CommunicationsException: Communications link failure

The last packet sent successfully to the server was 0 milliseconds ago. The driver has not received any packets from the server.
	at sun.reflect.GeneratedConstructorAccessor174.newInstance(Unknown Source)
	at sun.reflect.DelegatingConstructorAccessorImpl.newInstance(DelegatingConstructorAccessorImpl.java:45)
	at java.lang.reflect.Constructor.newInstance(Constructor.java:423)
	at com.mysql.jdbc.Util.handleNewInstance(Util.java:377)
	at com.mysql.jdbc.SQLError.createCommunicationsException(SQLError.java:1036)
	at com.mysql.jdbc.MysqlIO.<init>(MysqlIO.java:338)
	at com.mysql.jdbc.ConnectionImpl.coreConnect(ConnectionImpl.java:2232)
	at com.mysql.jdbc.ConnectionImpl.connectOneTryOnly(ConnectionImpl.java:2265)
	at com.mysql.jdbc.ConnectionImpl.createNewIO(ConnectionImpl.java:2064)
	at com.mysql.jdbc.ConnectionImpl.<init>(ConnectionImpl.java:790)
	at com.mysql.jdbc.JDBC4Connection.<init>(JDBC4Connection.java:44)
	at sun.reflect.GeneratedConstructorAccessor175.newInstance(Unknown Source)
	at sun.reflect.DelegatingConstructorAccessorImpl.newInstance(DelegatingConstructorAccessorImpl.java:45)
	at java.lang.reflect.Constructor.newInstance(Constructor.java:423)
	at com.mysql.jdbc.Util.handleNewInstance(Util.java:377)
	at com.mysql.jdbc.ConnectionImpl.getInstance(ConnectionImpl.java:395)
	at com.mysql.jdbc.NonRegisteringDriver.connect(NonRegisteringDriver.java:325)
	at com.alibaba.druid.filter.FilterChainImpl.connection_connect(FilterChainImpl.java:148)
	at com.alibaba.druid.filter.stat.StatFilter.connection_connect(StatFilter.java:220)
	at com.alibaba.druid.filter.FilterChainImpl.connection_connect(FilterChainImpl.java:142)
	at com.alibaba.druid.pool.DruidAbstractDataSource.createPhysicalConnection(DruidAbstractDataSource.java:1463)
	at com.alibaba.druid.pool.DruidAbstractDataSource.createPhysicalConnection(DruidAbstractDataSource.java:1525)
	at com.alibaba.druid.pool.DruidDataSource$CreateConnectionThread.run(DruidDataSource.java:2100)
Caused by: java.net.ConnectException: Connection refused: connect
	at java.net.DualStackPlainSocketImpl.connect0(Native Method)
	at java.net.DualStackPlainSocketImpl.socketConnect(DualStackPlainSocketImpl.java:79)
	at java.net.AbstractPlainSocketImpl.doConnect(AbstractPlainSocketImpl.java:350)
	at java.net.AbstractPlainSocketImpl.connectToAddress(AbstractPlainSocketImpl.java:206)
	at java.net.AbstractPlainSocketImpl.connect(AbstractPlainSocketImpl.java:188)
	at java.net.PlainSocketImpl.connect(PlainSocketImpl.java:172)
	at java.net.SocksSocketImpl.connect(SocksSocketImpl.java:392)
	at java.net.Socket.connect(Socket.java:589)
	at com.mysql.jdbc.StandardSocketFactory.connect(StandardSocketFactory.java:213)
	at com.mysql.jdbc.MysqlIO.<init>(MysqlIO.java:297)
	... 17 more
2026-05-06 10:56:38 ERROR create connection error, url: jdbc:mysql://localhost:3306/sanguo_game?useUnicode=true&characterEncoding=utf8, errorCode 0, state 08S01
com.mysql.jdbc.exceptions.jdbc4.CommunicationsException: Communications link failure

The last packet sent successfully to the server was 0 milliseconds ago. The driver has not received any packets from the server.
	at sun.reflect.GeneratedConstructorAccessor174.newInstance(Unknown Source)
	at sun.reflect.DelegatingConstructorAccessorImpl.newInstance(DelegatingConstructorAccessorImpl.java:45)
	at java.lang.reflect.Constructor.newInstance(Constructor.java:423)
	at com.mysql.jdbc.Util.handleNewInstance(Util.java:377)
	at com.mysql.jdbc.SQLError.createCommunicationsException(SQLError.java:1036)
	at com.mysql.jdbc.MysqlIO.<init>(MysqlIO.java:338)
	at com.mysql.jdbc.ConnectionImpl.coreConnect(ConnectionImpl.java:2232)
	at com.mysql.jdbc.ConnectionImpl.connectOneTryOnly(ConnectionImpl.java:2265)
	at com.mysql.jdbc.ConnectionImpl.createNewIO(ConnectionImpl.java:2064)
	at com.mysql.jdbc.ConnectionImpl.<init>(ConnectionImpl.java:790)
	at com.mysql.jdbc.JDBC4Connection.<init>(JDBC4Connection.java:44)
	at sun.reflect.GeneratedConstructorAccessor175.newInstance(Unknown Source)
	at sun.reflect.DelegatingConstructorAccessorImpl.newInstance(DelegatingConstructorAccessorImpl.java:45)
	at java.lang.reflect.Constructor.newInstance(Constructor.java:423)
	at com.mysql.jdbc.Util.handleNewInstance(Util.java:377)
	at com.mysql.jdbc.ConnectionImpl.getInstance(ConnectionImpl.java:395)
	at com.mysql.jdbc.NonRegisteringDriver.connect(NonRegisteringDriver.java:325)
	at com.alibaba.druid.filter.FilterChainImpl.connection_connect(FilterChainImpl.java:148)
	at com.alibaba.druid.filter.stat.StatFilter.connection_connect(StatFilter.java:220)
	at com.alibaba.druid.filter.FilterChainImpl.connection_connect(FilterChainImpl.java:142)
	at com.alibaba.druid.pool.DruidAbstractDataSource.createPhysicalConnection(DruidAbstractDataSource.java:1463)
	at com.alibaba.druid.pool.DruidAbstractDataSource.createPhysicalConnection(DruidAbstractDataSource.java:1525)
	at com.alibaba.druid.pool.DruidDataSource$CreateConnectionThread.run(DruidDataSource.java:2100)
Caused by: java.net.ConnectException: Connection refused: connect
	at java.net.DualStackPlainSocketImpl.connect0(Native Method)
	at java.net.DualStackPlainSocketImpl.socketConnect(DualStackPlainSocketImpl.java:79)
	at java.net.AbstractPlainSocketImpl.doConnect(AbstractPlainSocketImpl.java:350)
	at java.net.AbstractPlainSocketImpl.connectToAddress(AbstractPlainSocketImpl.java:206)
	at java.net.AbstractPlainSocketImpl.connect(AbstractPlainSocketImpl.java:188)
	at java.net.PlainSocketImpl.connect(PlainSocketImpl.java:172)
	at java.net.SocksSocketImpl.connect(SocksSocketImpl.java:392)
	at java.net.Socket.connect(Socket.java:589)
	at com.mysql.jdbc.StandardSocketFactory.connect(StandardSocketFactory.java:213)
	at com.mysql.jdbc.MysqlIO.<init>(MysqlIO.java:297)
	... 17 more
2026-05-06 10:56:42 ERROR create connection error, url: jdbc:mysql://localhost:3306/sanguo_game?useUnicode=true&characterEncoding=utf8, errorCode 0, state 08S01
com.mysql.jdbc.exceptions.jdbc4.CommunicationsException: Communications link failure

The last packet sent successfully to the server was 0 milliseconds ago. The driver has not received any packets from the server.
	at sun.reflect.GeneratedConstructorAccessor174.newInstance(Unknown Source)
	at sun.reflect.DelegatingConstructorAccessorImpl.newInstance(DelegatingConstructorAccessorImpl.java:45)
	at java.lang.reflect.Constructor.newInstance(Constructor.java:423)
	at com.mysql.jdbc.Util.handleNewInstance(Util.java:377)
	at com.mysql.jdbc.SQLError.createCommunicationsException(SQLError.java:1036)
	at com.mysql.jdbc.MysqlIO.<init>(MysqlIO.java:338)
	at com.mysql.jdbc.ConnectionImpl.coreConnect(ConnectionImpl.java:2232)
	at com.mysql.jdbc.ConnectionImpl.connectOneTryOnly(ConnectionImpl.java:2265)
	at com.mysql.jdbc.ConnectionImpl.createNewIO(ConnectionImpl.java:2064)
	at com.mysql.jdbc.ConnectionImpl.<init>(ConnectionImpl.java:790)
	at com.mysql.jdbc.JDBC4Connection.<init>(JDBC4Connection.java:44)
	at sun.reflect.GeneratedConstructorAccessor175.newInstance(Unknown Source)
	at sun.reflect.DelegatingConstructorAccessorImpl.newInstance(DelegatingConstructorAccessorImpl.java:45)
	at java.lang.reflect.Constructor.newInstance(Constructor.java:423)
	at com.mysql.jdbc.Util.handleNewInstance(Util.java:377)
	at com.mysql.jdbc.ConnectionImpl.getInstance(ConnectionImpl.java:395)
	at com.mysql.jdbc.NonRegisteringDriver.connect(NonRegisteringDriver.java:325)
	at com.alibaba.druid.filter.FilterChainImpl.connection_connect(FilterChainImpl.java:148)
	at com.alibaba.druid.filter.stat.StatFilter.connection_connect(StatFilter.java:220)
	at com.alibaba.druid.filter.FilterChainImpl.connection_connect(FilterChainImpl.java:142)
	at com.alibaba.druid.pool.DruidAbstractDataSource.createPhysicalConnection(DruidAbstractDataSource.java:1463)
	at com.alibaba.druid.pool.DruidAbstractDataSource.createPhysicalConnection(DruidAbstractDataSource.java:1525)
	at com.alibaba.druid.pool.DruidDataSource$CreateConnectionThread.run(DruidDataSource.java:2100)
Caused by: java.net.ConnectException: Connection refused: connect
	at java.net.DualStackPlainSocketImpl.connect0(Native Method)
	at java.net.DualStackPlainSocketImpl.socketConnect(DualStackPlainSocketImpl.java:79)
	at java.net.AbstractPlainSocketImpl.doConnect(AbstractPlainSocketImpl.java:350)
	at java.net.AbstractPlainSocketImpl.connectToAddress(AbstractPlainSocketImpl.java:206)
	at java.net.AbstractPlainSocketImpl.connect(AbstractPlainSocketImpl.java:188)
	at java.net.PlainSocketImpl.connect(PlainSocketImpl.java:172)
	at java.net.SocksSocketImpl.connect(SocksSocketImpl.java:392)
	at java.net.Socket.connect(Socket.java:589)
	at com.mysql.jdbc.StandardSocketFactory.connect(StandardSocketFactory.java:213)
	at com.mysql.jdbc.MysqlIO.<init>(MysqlIO.java:297)
	... 17 more
2026-05-06 10:56:46 ERROR create connection error, url: jdbc:mysql://localhost:3306/sanguo_game?useUnicode=true&characterEncoding=utf8, errorCode 0, state 08S01
com.mysql.jdbc.exceptions.jdbc4.CommunicationsException: Communications link failure

The last packet sent successfully to the server was 0 milliseconds ago. The driver has not received any packets from the server.
	at sun.reflect.GeneratedConstructorAccessor174.newInstance(Unknown Source)
	at sun.reflect.DelegatingConstructorAccessorImpl.newInstance(DelegatingConstructorAccessorImpl.java:45)
	at java.lang.reflect.Constructor.newInstance(Constructor.java:423)
	at com.mysql.jdbc.Util.handleNewInstance(Util.java:377)
	at com.mysql.jdbc.SQLError.createCommunicationsException(SQLError.java:1036)
	at com.mysql.jdbc.MysqlIO.<init>(MysqlIO.java:338)
	at com.mysql.jdbc.ConnectionImpl.coreConnect(ConnectionImpl.java:2232)
	at com.mysql.jdbc.ConnectionImpl.connectOneTryOnly(ConnectionImpl.java:2265)
	at com.mysql.jdbc.ConnectionImpl.createNewIO(ConnectionImpl.java:2064)
	at com.mysql.jdbc.ConnectionImpl.<init>(ConnectionImpl.java:790)
	at com.mysql.jdbc.JDBC4Connection.<init>(JDBC4Connection.java:44)
	at sun.reflect.GeneratedConstructorAccessor175.newInstance(Unknown Source)
	at sun.reflect.DelegatingConstructorAccessorImpl.newInstance(DelegatingConstructorAccessorImpl.java:45)
	at java.lang.reflect.Constructor.newInstance(Constructor.java:423)
	at com.mysql.jdbc.Util.handleNewInstance(Util.java:377)
	at com.mysql.jdbc.ConnectionImpl.getInstance(ConnectionImpl.java:395)
	at com.mysql.jdbc.NonRegisteringDriver.connect(NonRegisteringDriver.java:325)
	at com.alibaba.druid.filter.FilterChainImpl.connection_connect(FilterChainImpl.java:148)
	at com.alibaba.druid.filter.stat.StatFilter.connection_connect(StatFilter.java:220)
	at com.alibaba.druid.filter.FilterChainImpl.connection_connect(FilterChainImpl.java:142)
	at com.alibaba.druid.pool.DruidAbstractDataSource.createPhysicalConnection(DruidAbstractDataSource.java:1463)
	at com.alibaba.druid.pool.DruidAbstractDataSource.createPhysicalConnection(DruidAbstractDataSource.java:1525)
	at com.alibaba.druid.pool.DruidDataSource$CreateConnectionThread.run(DruidDataSource.java:2100)
Caused by: java.net.ConnectException: Connection refused: connect
	at java.net.DualStackPlainSocketImpl.connect0(Native Method)
	at java.net.DualStackPlainSocketImpl.socketConnect(DualStackPlainSocketImpl.java:79)
	at java.net.AbstractPlainSocketImpl.doConnect(AbstractPlainSocketImpl.java:350)
	at java.net.AbstractPlainSocketImpl.connectToAddress(AbstractPlainSocketImpl.java:206)
	at java.net.AbstractPlainSocketImpl.connect(AbstractPlainSocketImpl.java:188)
	at java.net.PlainSocketImpl.connect(PlainSocketImpl.java:172)
	at java.net.SocksSocketImpl.connect(SocksSocketImpl.java:392)
	at java.net.Socket.connect(Socket.java:589)
	at com.mysql.jdbc.StandardSocketFactory.connect(StandardSocketFactory.java:213)
	at com.mysql.jdbc.MysqlIO.<init>(MysqlIO.java:297)
	... 17 more
2026-05-06 10:56:50 ERROR create connection error, url: jdbc:mysql://localhost:3306/sanguo_game?useUnicode=true&characterEncoding=utf8, errorCode 0, state 08S01
com.mysql.jdbc.exceptions.jdbc4.CommunicationsException: Communications link failure

The last packet sent successfully to the server was 0 milliseconds ago. The driver has not received any packets from the server.
	at sun.reflect.GeneratedConstructorAccessor174.newInstance(Unknown Source)
	at sun.reflect.DelegatingConstructorAccessorImpl.newInstance(DelegatingConstructorAccessorImpl.java:45)
	at java.lang.reflect.Constructor.newInstance(Constructor.java:423)
	at com.mysql.jdbc.Util.handleNewInstance(Util.java:377)
	at com.mysql.jdbc.SQLError.createCommunicationsException(SQLError.java:1036)
	at com.mysql.jdbc.MysqlIO.<init>(MysqlIO.java:338)
	at com.mysql.jdbc.ConnectionImpl.coreConnect(ConnectionImpl.java:2232)
	at com.mysql.jdbc.ConnectionImpl.connectOneTryOnly(ConnectionImpl.java:2265)
	at com.mysql.jdbc.ConnectionImpl.createNewIO(ConnectionImpl.java:2064)
	at com.mysql.jdbc.ConnectionImpl.<init>(ConnectionImpl.java:790)
	at com.mysql.jdbc.JDBC4Connection.<init>(JDBC4Connection.java:44)
	at sun.reflect.GeneratedConstructorAccessor175.newInstance(Unknown Source)
	at sun.reflect.DelegatingConstructorAccessorImpl.newInstance(DelegatingConstructorAccessorImpl.java:45)
	at java.lang.reflect.Constructor.newInstance(Constructor.java:423)
	at com.mysql.jdbc.Util.handleNewInstance(Util.java:377)
	at com.mysql.jdbc.ConnectionImpl.getInstance(ConnectionImpl.java:395)
	at com.mysql.jdbc.NonRegisteringDriver.connect(NonRegisteringDriver.java:325)
	at com.alibaba.druid.filter.FilterChainImpl.connection_connect(FilterChainImpl.java:148)
	at com.alibaba.druid.filter.stat.StatFilter.connection_connect(StatFilter.java:220)
	at com.alibaba.druid.filter.FilterChainImpl.connection_connect(FilterChainImpl.java:142)
	at com.alibaba.druid.pool.DruidAbstractDataSource.createPhysicalConnection(DruidAbstractDataSource.java:1463)
	at com.alibaba.druid.pool.DruidAbstractDataSource.createPhysicalConnection(DruidAbstractDataSource.java:1525)
	at com.alibaba.druid.pool.DruidDataSource$CreateConnectionThread.run(DruidDataSource.java:2100)
Caused by: java.net.ConnectException: Connection refused: connect
	at java.net.DualStackPlainSocketImpl.connect0(Native Method)
	at java.net.DualStackPlainSocketImpl.socketConnect(DualStackPlainSocketImpl.java:79)
	at java.net.AbstractPlainSocketImpl.doConnect(AbstractPlainSocketImpl.java:350)
	at java.net.AbstractPlainSocketImpl.connectToAddress(AbstractPlainSocketImpl.java:206)
	at java.net.AbstractPlainSocketImpl.connect(AbstractPlainSocketImpl.java:188)
	at java.net.PlainSocketImpl.connect(PlainSocketImpl.java:172)
	at java.net.SocksSocketImpl.connect(SocksSocketImpl.java:392)
	at java.net.Socket.connect(Socket.java:589)
	at com.mysql.jdbc.StandardSocketFactory.connect(StandardSocketFactory.java:213)
	at com.mysql.jdbc.MysqlIO.<init>(MysqlIO.java:297)
	... 17 more
2026-05-06 10:56:54 ERROR create connection error, url: jdbc:mysql://localhost:3306/sanguo_game?useUnicode=true&characterEncoding=utf8, errorCode 0, state 08S01
com.mysql.jdbc.exceptions.jdbc4.CommunicationsException: Communications link failure

The last packet sent successfully to the server was 0 milliseconds ago. The driver has not received any packets from the server.
	at sun.reflect.GeneratedConstructorAccessor174.newInstance(Unknown Source)
	at sun.reflect.DelegatingConstructorAccessorImpl.newInstance(DelegatingConstructorAccessorImpl.java:45)
	at java.lang.reflect.Constructor.newInstance(Constructor.java:423)
	at com.mysql.jdbc.Util.handleNewInstance(Util.java:377)
	at com.mysql.jdbc.SQLError.createCommunicationsException(SQLError.java:1036)
	at com.mysql.jdbc.MysqlIO.<init>(MysqlIO.java:338)
	at com.mysql.jdbc.ConnectionImpl.coreConnect(ConnectionImpl.java:2232)
	at com.mysql.jdbc.ConnectionImpl.connectOneTryOnly(ConnectionImpl.java:2265)
	at com.mysql.jdbc.ConnectionImpl.createNewIO(ConnectionImpl.java:2064)
	at com.mysql.jdbc.ConnectionImpl.<init>(ConnectionImpl.java:790)
	at com.mysql.jdbc.JDBC4Connection.<init>(JDBC4Connection.java:44)
	at sun.reflect.GeneratedConstructorAccessor175.newInstance(Unknown Source)
	at sun.reflect.DelegatingConstructorAccessorImpl.newInstance(DelegatingConstructorAccessorImpl.java:45)
	at java.lang.reflect.Constructor.newInstance(Constructor.java:423)
	at com.mysql.jdbc.Util.handleNewInstance(Util.java:377)
	at com.mysql.jdbc.ConnectionImpl.getInstance(ConnectionImpl.java:395)
	at com.mysql.jdbc.NonRegisteringDriver.connect(NonRegisteringDriver.java:325)
	at com.alibaba.druid.filter.FilterChainImpl.connection_connect(FilterChainImpl.java:148)
	at com.alibaba.druid.filter.stat.StatFilter.connection_connect(StatFilter.java:220)
	at com.alibaba.druid.filter.FilterChainImpl.connection_connect(FilterChainImpl.java:142)
	at com.alibaba.druid.pool.DruidAbstractDataSource.createPhysicalConnection(DruidAbstractDataSource.java:1463)
	at com.alibaba.druid.pool.DruidAbstractDataSource.createPhysicalConnection(DruidAbstractDataSource.java:1525)
	at com.alibaba.druid.pool.DruidDataSource$CreateConnectionThread.run(DruidDataSource.java:2100)
Caused by: java.net.ConnectException: Connection refused: connect
	at java.net.DualStackPlainSocketImpl.connect0(Native Method)
	at java.net.DualStackPlainSocketImpl.socketConnect(DualStackPlainSocketImpl.java:79)
	at java.net.AbstractPlainSocketImpl.doConnect(AbstractPlainSocketImpl.java:350)
	at java.net.AbstractPlainSocketImpl.connectToAddress(AbstractPlainSocketImpl.java:206)
	at java.net.AbstractPlainSocketImpl.connect(AbstractPlainSocketImpl.java:188)
	at java.net.PlainSocketImpl.connect(PlainSocketImpl.java:172)
	at java.net.SocksSocketImpl.connect(SocksSocketImpl.java:392)
	at java.net.Socket.connect(Socket.java:589)
	at com.mysql.jdbc.StandardSocketFactory.connect(StandardSocketFactory.java:213)
	at com.mysql.jdbc.MysqlIO.<init>(MysqlIO.java:297)
	... 17 more
2026-05-06 10:56:59 ERROR create connection error, url: jdbc:mysql://localhost:3306/sanguo_game?useUnicode=true&characterEncoding=utf8, errorCode 0, state 08S01
com.mysql.jdbc.exceptions.jdbc4.CommunicationsException: Communications link failure

The last packet sent successfully to the server was 0 milliseconds ago. The driver has not received any packets from the server.
	at sun.reflect.GeneratedConstructorAccessor174.newInstance(Unknown Source)
	at sun.reflect.DelegatingConstructorAccessorImpl.newInstance(DelegatingConstructorAccessorImpl.java:45)
	at java.lang.reflect.Constructor.newInstance(Constructor.java:423)
	at com.mysql.jdbc.Util.handleNewInstance(Util.java:377)
	at com.mysql.jdbc.SQLError.createCommunicationsException(SQLError.java:1036)
	at com.mysql.jdbc.MysqlIO.<init>(MysqlIO.java:338)
	at com.mysql.jdbc.ConnectionImpl.coreConnect(ConnectionImpl.java:2232)
	at com.mysql.jdbc.ConnectionImpl.connectOneTryOnly(ConnectionImpl.java:2265)
	at com.mysql.jdbc.ConnectionImpl.createNewIO(ConnectionImpl.java:2064)
	at com.mysql.jdbc.ConnectionImpl.<init>(ConnectionImpl.java:790)
	at com.mysql.jdbc.JDBC4Connection.<init>(JDBC4Connection.java:44)
	at sun.reflect.GeneratedConstructorAccessor175.newInstance(Unknown Source)
	at sun.reflect.DelegatingConstructorAccessorImpl.newInstance(DelegatingConstructorAccessorImpl.java:45)
	at java.lang.reflect.Constructor.newInstance(Constructor.java:423)
	at com.mysql.jdbc.Util.handleNewInstance(Util.java:377)
	at com.mysql.jdbc.ConnectionImpl.getInstance(ConnectionImpl.java:395)
	at com.mysql.jdbc.NonRegisteringDriver.connect(NonRegisteringDriver.java:325)
	at com.alibaba.druid.filter.FilterChainImpl.connection_connect(FilterChainImpl.java:148)
	at com.alibaba.druid.filter.stat.StatFilter.connection_connect(StatFilter.java:220)
	at com.alibaba.druid.filter.FilterChainImpl.connection_connect(FilterChainImpl.java:142)
	at com.alibaba.druid.pool.DruidAbstractDataSource.createPhysicalConnection(DruidAbstractDataSource.java:1463)
	at com.alibaba.druid.pool.DruidAbstractDataSource.createPhysicalConnection(DruidAbstractDataSource.java:1525)
	at com.alibaba.druid.pool.DruidDataSource$CreateConnectionThread.run(DruidDataSource.java:2100)
Caused by: java.net.ConnectException: Connection refused: connect
	at java.net.DualStackPlainSocketImpl.connect0(Native Method)
	at java.net.DualStackPlainSocketImpl.socketConnect(DualStackPlainSocketImpl.java:79)
	at java.net.AbstractPlainSocketImpl.doConnect(AbstractPlainSocketImpl.java:350)
	at java.net.AbstractPlainSocketImpl.connectToAddress(AbstractPlainSocketImpl.java:206)
	at java.net.AbstractPlainSocketImpl.connect(AbstractPlainSocketImpl.java:188)
	at java.net.PlainSocketImpl.connect(PlainSocketImpl.java:172)
	at java.net.SocksSocketImpl.connect(SocksSocketImpl.java:392)
	at java.net.Socket.connect(Socket.java:589)
	at com.mysql.jdbc.StandardSocketFactory.connect(StandardSocketFactory.java:213)
	at com.mysql.jdbc.MysqlIO.<init>(MysqlIO.java:297)
	... 17 more
2026-05-06 10:57:03 ERROR create connection error, url: jdbc:mysql://localhost:3306/sanguo_game?useUnicode=true&characterEncoding=utf8, errorCode 0, state 08S01
com.mysql.jdbc.exceptions.jdbc4.CommunicationsException: Communications link failure

The last packet sent successfully to the server was 0 milliseconds ago. The driver has not received any packets from the server.
	at sun.reflect.GeneratedConstructorAccessor174.newInstance(Unknown Source)
	at sun.reflect.DelegatingConstructorAccessorImpl.newInstance(DelegatingConstructorAccessorImpl.java:45)
	at java.lang.reflect.Constructor.newInstance(Constructor.java:423)
	at com.mysql.jdbc.Util.handleNewInstance(Util.java:377)
	at com.mysql.jdbc.SQLError.createCommunicationsException(SQLError.java:1036)
	at com.mysql.jdbc.MysqlIO.<init>(MysqlIO.java:338)
	at com.mysql.jdbc.ConnectionImpl.coreConnect(ConnectionImpl.java:2232)
	at com.mysql.jdbc.ConnectionImpl.connectOneTryOnly(ConnectionImpl.java:2265)
	at com.mysql.jdbc.ConnectionImpl.createNewIO(ConnectionImpl.java:2064)
	at com.mysql.jdbc.ConnectionImpl.<init>(ConnectionImpl.java:790)
	at com.mysql.jdbc.JDBC4Connection.<init>(JDBC4Connection.java:44)
	at sun.reflect.GeneratedConstructorAccessor175.newInstance(Unknown Source)
	at sun.reflect.DelegatingConstructorAccessorImpl.newInstance(DelegatingConstructorAccessorImpl.java:45)
	at java.lang.reflect.Constructor.newInstance(Constructor.java:423)
	at com.mysql.jdbc.Util.handleNewInstance(Util.java:377)
	at com.mysql.jdbc.ConnectionImpl.getInstance(ConnectionImpl.java:395)
	at com.mysql.jdbc.NonRegisteringDriver.connect(NonRegisteringDriver.java:325)
	at com.alibaba.druid.filter.FilterChainImpl.connection_connect(FilterChainImpl.java:148)
	at com.alibaba.druid.filter.stat.StatFilter.connection_connect(StatFilter.java:220)
	at com.alibaba.druid.filter.FilterChainImpl.connection_connect(FilterChainImpl.java:142)
	at com.alibaba.druid.pool.DruidAbstractDataSource.createPhysicalConnection(DruidAbstractDataSource.java:1463)
	at com.alibaba.druid.pool.DruidAbstractDataSource.createPhysicalConnection(DruidAbstractDataSource.java:1525)
	at com.alibaba.druid.pool.DruidDataSource$CreateConnectionThread.run(DruidDataSource.java:2100)
Caused by: java.net.ConnectException: Connection refused: connect
	at java.net.DualStackPlainSocketImpl.connect0(Native Method)
	at java.net.DualStackPlainSocketImpl.socketConnect(DualStackPlainSocketImpl.java:79)
	at java.net.AbstractPlainSocketImpl.doConnect(AbstractPlainSocketImpl.java:350)
	at java.net.AbstractPlainSocketImpl.connectToAddress(AbstractPlainSocketImpl.java:206)
	at java.net.AbstractPlainSocketImpl.connect(AbstractPlainSocketImpl.java:188)
	at java.net.PlainSocketImpl.connect(PlainSocketImpl.java:172)
	at java.net.SocksSocketImpl.connect(SocksSocketImpl.java:392)
	at java.net.Socket.connect(Socket.java:589)
	at com.mysql.jdbc.StandardSocketFactory.connect(StandardSocketFactory.java:213)
	at com.mysql.jdbc.MysqlIO.<init>(MysqlIO.java:297)
	... 17 more
2026-05-06 10:57:07 ERROR create connection error, url: jdbc:mysql://localhost:3306/sanguo_game?useUnicode=true&characterEncoding=utf8, errorCode 0, state 08S01
com.mysql.jdbc.exceptions.jdbc4.CommunicationsException: Communications link failure

The last packet sent successfully to the server was 0 milliseconds ago. The driver has not received any packets from the server.
	at sun.reflect.GeneratedConstructorAccessor174.newInstance(Unknown Source)
	at sun.reflect.DelegatingConstructorAccessorImpl.newInstance(DelegatingConstructorAccessorImpl.java:45)
	at java.lang.reflect.Constructor.newInstance(Constructor.java:423)
	at com.mysql.jdbc.Util.handleNewInstance(Util.java:377)
	at com.mysql.jdbc.SQLError.createCommunicationsException(SQLError.java:1036)
	at com.mysql.jdbc.MysqlIO.<init>(MysqlIO.java:338)
	at com.mysql.jdbc.ConnectionImpl.coreConnect(ConnectionImpl.java:2232)
	at com.mysql.jdbc.ConnectionImpl.connectOneTryOnly(ConnectionImpl.java:2265)
	at com.mysql.jdbc.ConnectionImpl.createNewIO(ConnectionImpl.java:2064)
	at com.mysql.jdbc.ConnectionImpl.<init>(ConnectionImpl.java:790)
	at com.mysql.jdbc.JDBC4Connection.<init>(JDBC4Connection.java:44)
	at sun.reflect.GeneratedConstructorAccessor175.newInstance(Unknown Source)
	at sun.reflect.DelegatingConstructorAccessorImpl.newInstance(DelegatingConstructorAccessorImpl.java:45)
	at java.lang.reflect.Constructor.newInstance(Constructor.java:423)
	at com.mysql.jdbc.Util.handleNewInstance(Util.java:377)
	at com.mysql.jdbc.ConnectionImpl.getInstance(ConnectionImpl.java:395)
	at com.mysql.jdbc.NonRegisteringDriver.connect(NonRegisteringDriver.java:325)
	at com.alibaba.druid.filter.FilterChainImpl.connection_connect(FilterChainImpl.java:148)
	at com.alibaba.druid.filter.stat.StatFilter.connection_connect(StatFilter.java:220)
	at com.alibaba.druid.filter.FilterChainImpl.connection_connect(FilterChainImpl.java:142)
	at com.alibaba.druid.pool.DruidAbstractDataSource.createPhysicalConnection(DruidAbstractDataSource.java:1463)
	at com.alibaba.druid.pool.DruidAbstractDataSource.createPhysicalConnection(DruidAbstractDataSource.java:1525)
	at com.alibaba.druid.pool.DruidDataSource$CreateConnectionThread.run(DruidDataSource.java:2100)
Caused by: java.net.ConnectException: Connection refused: connect
	at java.net.DualStackPlainSocketImpl.connect0(Native Method)
	at java.net.DualStackPlainSocketImpl.socketConnect(DualStackPlainSocketImpl.java:79)
	at java.net.AbstractPlainSocketImpl.doConnect(AbstractPlainSocketImpl.java:350)
	at java.net.AbstractPlainSocketImpl.connectToAddress(AbstractPlainSocketImpl.java:206)
	at java.net.AbstractPlainSocketImpl.connect(AbstractPlainSocketImpl.java:188)
	at java.net.PlainSocketImpl.connect(PlainSocketImpl.java:172)
	at java.net.SocksSocketImpl.connect(SocksSocketImpl.java:392)
	at java.net.Socket.connect(Socket.java:589)
	at com.mysql.jdbc.StandardSocketFactory.connect(StandardSocketFactory.java:213)
	at com.mysql.jdbc.MysqlIO.<init>(MysqlIO.java:297)
	... 17 more
2026-05-06 10:57:12 ERROR rankBossTimeOut 1001 
2026-05-06 10:57:12 ERROR rankBossTimeOut 1002 
2026-05-06 10:57:12 ERROR rankBossTimeOut 1007 
2026-05-06 10:57:41 ERROR create connection error, url: jdbc:mysql://localhost:3306/sanguo_game?useUnicode=true&characterEncoding=utf8, errorCode 0, state 08S01
com.mysql.jdbc.exceptions.jdbc4.CommunicationsException: Communications link failure

The last packet sent successfully to the server was 0 milliseconds ago. The driver has not received any packets from the server.
	at sun.reflect.GeneratedConstructorAccessor174.newInstance(Unknown Source)
	at sun.reflect.DelegatingConstructorAccessorImpl.newInstance(DelegatingConstructorAccessorImpl.java:45)
	at java.lang.reflect.Constructor.newInstance(Constructor.java:423)
	at com.mysql.jdbc.Util.handleNewInstance(Util.java:377)
	at com.mysql.jdbc.SQLError.createCommunicationsException(SQLError.java:1036)
	at com.mysql.jdbc.MysqlIO.<init>(MysqlIO.java:338)
	at com.mysql.jdbc.ConnectionImpl.coreConnect(ConnectionImpl.java:2232)
	at com.mysql.jdbc.ConnectionImpl.connectOneTryOnly(ConnectionImpl.java:2265)
	at com.mysql.jdbc.ConnectionImpl.createNewIO(ConnectionImpl.java:2064)
	at com.mysql.jdbc.ConnectionImpl.<init>(ConnectionImpl.java:790)
	at com.mysql.jdbc.JDBC4Connection.<init>(JDBC4Connection.java:44)
	at sun.reflect.GeneratedConstructorAccessor175.newInstance(Unknown Source)
	at sun.reflect.DelegatingConstructorAccessorImpl.newInstance(DelegatingConstructorAccessorImpl.java:45)
	at java.lang.reflect.Constructor.newInstance(Constructor.java:423)
	at com.mysql.jdbc.Util.handleNewInstance(Util.java:377)
	at com.mysql.jdbc.ConnectionImpl.getInstance(ConnectionImpl.java:395)
	at com.mysql.jdbc.NonRegisteringDriver.connect(NonRegisteringDriver.java:325)
	at com.alibaba.druid.filter.FilterChainImpl.connection_connect(FilterChainImpl.java:148)
	at com.alibaba.druid.filter.stat.StatFilter.connection_connect(StatFilter.java:220)
	at com.alibaba.druid.filter.FilterChainImpl.connection_connect(FilterChainImpl.java:142)
	at com.alibaba.druid.pool.DruidAbstractDataSource.createPhysicalConnection(DruidAbstractDataSource.java:1463)
	at com.alibaba.druid.pool.DruidAbstractDataSource.createPhysicalConnection(DruidAbstractDataSource.java:1525)
	at com.alibaba.druid.pool.DruidDataSource$CreateConnectionThread.run(DruidDataSource.java:2100)
Caused by: java.net.ConnectException: Connection refused: connect
	at java.net.DualStackPlainSocketImpl.connect0(Native Method)
	at java.net.DualStackPlainSocketImpl.socketConnect(DualStackPlainSocketImpl.java:79)
	at java.net.AbstractPlainSocketImpl.doConnect(AbstractPlainSocketImpl.java:350)
	at java.net.AbstractPlainSocketImpl.connectToAddress(AbstractPlainSocketImpl.java:206)
	at java.net.AbstractPlainSocketImpl.connect(AbstractPlainSocketImpl.java:188)
	at java.net.PlainSocketImpl.connect(PlainSocketImpl.java:172)
	at java.net.SocksSocketImpl.connect(SocksSocketImpl.java:392)
	at java.net.Socket.connect(Socket.java:589)
	at com.mysql.jdbc.StandardSocketFactory.connect(StandardSocketFactory.java:213)
	at com.mysql.jdbc.MysqlIO.<init>(MysqlIO.java:297)
	... 17 more
2026-05-06 10:58:12 ERROR rankBossReBorn 1001 
2026-05-06 10:58:16 ERROR create connection error, url: jdbc:mysql://localhost:3306/sanguo_game?useUnicode=true&characterEncoding=utf8, errorCode 0, state 08S01
com.mysql.jdbc.exceptions.jdbc4.CommunicationsException: Communications link failure

The last packet sent successfully to the server was 0 milliseconds ago. The driver has not received any packets from the server.
	at sun.reflect.GeneratedConstructorAccessor174.newInstance(Unknown Source)
	at sun.reflect.DelegatingConstructorAccessorImpl.newInstance(DelegatingConstructorAccessorImpl.java:45)
	at java.lang.reflect.Constructor.newInstance(Constructor.java:423)
	at com.mysql.jdbc.Util.handleNewInstance(Util.java:377)
	at com.mysql.jdbc.SQLError.createCommunicationsException(SQLError.java:1036)
	at com.mysql.jdbc.MysqlIO.<init>(MysqlIO.java:338)
	at com.mysql.jdbc.ConnectionImpl.coreConnect(ConnectionImpl.java:2232)
	at com.mysql.jdbc.ConnectionImpl.connectOneTryOnly(ConnectionImpl.java:2265)
	at com.mysql.jdbc.ConnectionImpl.createNewIO(ConnectionImpl.java:2064)
	at com.mysql.jdbc.ConnectionImpl.<init>(ConnectionImpl.java:790)
	at com.mysql.jdbc.JDBC4Connection.<init>(JDBC4Connection.java:44)
	at sun.reflect.GeneratedConstructorAccessor175.newInstance(Unknown Source)
	at sun.reflect.DelegatingConstructorAccessorImpl.newInstance(DelegatingConstructorAccessorImpl.java:45)
	at java.lang.reflect.Constructor.newInstance(Constructor.java:423)
	at com.mysql.jdbc.Util.handleNewInstance(Util.java:377)
	at com.mysql.jdbc.ConnectionImpl.getInstance(ConnectionImpl.java:395)
	at com.mysql.jdbc.NonRegisteringDriver.connect(NonRegisteringDriver.java:325)
	at com.alibaba.druid.filter.FilterChainImpl.connection_connect(FilterChainImpl.java:148)
	at com.alibaba.druid.filter.stat.StatFilter.connection_connect(StatFilter.java:220)
	at com.alibaba.druid.filter.FilterChainImpl.connection_connect(FilterChainImpl.java:142)
	at com.alibaba.druid.pool.DruidAbstractDataSource.createPhysicalConnection(DruidAbstractDataSource.java:1463)
	at com.alibaba.druid.pool.DruidAbstractDataSource.createPhysicalConnection(DruidAbstractDataSource.java:1525)
	at com.alibaba.druid.pool.DruidDataSource$CreateConnectionThread.run(DruidDataSource.java:2100)
Caused by: java.net.ConnectException: Connection refused: connect
	at java.net.DualStackPlainSocketImpl.connect0(Native Method)
	at java.net.DualStackPlainSocketImpl.socketConnect(DualStackPlainSocketImpl.java:79)
	at java.net.AbstractPlainSocketImpl.doConnect(AbstractPlainSocketImpl.java:350)
	at java.net.AbstractPlainSocketImpl.connectToAddress(AbstractPlainSocketImpl.java:206)
	at java.net.AbstractPlainSocketImpl.connect(AbstractPlainSocketImpl.java:188)
	at java.net.PlainSocketImpl.connect(PlainSocketImpl.java:172)
	at java.net.SocksSocketImpl.connect(SocksSocketImpl.java:392)
	at java.net.Socket.connect(Socket.java:589)
	at com.mysql.jdbc.StandardSocketFactory.connect(StandardSocketFactory.java:213)
	at com.mysql.jdbc.MysqlIO.<init>(MysqlIO.java:297)
	... 17 more
2026-05-06 10:58:50 ERROR create connection error, url: jdbc:mysql://localhost:3306/sanguo_game?useUnicode=true&characterEncoding=utf8, errorCode 0, state 08S01
com.mysql.jdbc.exceptions.jdbc4.CommunicationsException: Communications link failure

The last packet sent successfully to the server was 0 milliseconds ago. The driver has not received any packets from the server.
	at sun.reflect.GeneratedConstructorAccessor174.newInstance(Unknown Source)
	at sun.reflect.DelegatingConstructorAccessorImpl.newInstance(DelegatingConstructorAccessorImpl.java:45)
	at java.lang.reflect.Constructor.newInstance(Constructor.java:423)
	at com.mysql.jdbc.Util.handleNewInstance(Util.java:377)
	at com.mysql.jdbc.SQLError.createCommunicationsException(SQLError.java:1036)
	at com.mysql.jdbc.MysqlIO.<init>(MysqlIO.java:338)
	at com.mysql.jdbc.ConnectionImpl.coreConnect(ConnectionImpl.java:2232)
	at com.mysql.jdbc.ConnectionImpl.connectOneTryOnly(ConnectionImpl.java:2265)
	at com.mysql.jdbc.ConnectionImpl.createNewIO(ConnectionImpl.java:2064)
	at com.mysql.jdbc.ConnectionImpl.<init>(ConnectionImpl.java:790)
	at com.mysql.jdbc.JDBC4Connection.<init>(JDBC4Connection.java:44)
	at sun.reflect.GeneratedConstructorAccessor175.newInstance(Unknown Source)
	at sun.reflect.DelegatingConstructorAccessorImpl.newInstance(DelegatingConstructorAccessorImpl.java:45)
	at java.lang.reflect.Constructor.newInstance(Constructor.java:423)
	at com.mysql.jdbc.Util.handleNewInstance(Util.java:377)
	at com.mysql.jdbc.ConnectionImpl.getInstance(ConnectionImpl.java:395)
	at com.mysql.jdbc.NonRegisteringDriver.connect(NonRegisteringDriver.java:325)
	at com.alibaba.druid.filter.FilterChainImpl.connection_connect(FilterChainImpl.java:148)
	at com.alibaba.druid.filter.stat.StatFilter.connection_connect(StatFilter.java:220)
	at com.alibaba.druid.filter.FilterChainImpl.connection_connect(FilterChainImpl.java:142)
	at com.alibaba.druid.pool.DruidAbstractDataSource.createPhysicalConnection(DruidAbstractDataSource.java:1463)
	at com.alibaba.druid.pool.DruidAbstractDataSource.createPhysicalConnection(DruidAbstractDataSource.java:1525)
	at com.alibaba.druid.pool.DruidDataSource$CreateConnectionThread.run(DruidDataSource.java:2100)
Caused by: java.net.ConnectException: Connection refused: connect
	at java.net.DualStackPlainSocketImpl.connect0(Native Method)
	at java.net.DualStackPlainSocketImpl.socketConnect(DualStackPlainSocketImpl.java:79)
	at java.net.AbstractPlainSocketImpl.doConnect(AbstractPlainSocketImpl.java:350)
	at java.net.AbstractPlainSocketImpl.connectToAddress(AbstractPlainSocketImpl.java:206)
	at java.net.AbstractPlainSocketImpl.connect(AbstractPlainSocketImpl.java:188)
	at java.net.PlainSocketImpl.connect(PlainSocketImpl.java:172)
	at java.net.SocksSocketImpl.connect(SocksSocketImpl.java:392)
	at java.net.Socket.connect(Socket.java:589)
	at com.mysql.jdbc.StandardSocketFactory.connect(StandardSocketFactory.java:213)
	at com.mysql.jdbc.MysqlIO.<init>(MysqlIO.java:297)
	... 17 more
2026-05-06 10:58:52 ERROR rankBossReBorn 1003 
2026-05-06 10:58:52 ERROR rankBossTimeOut 1008 
2026-05-06 10:59:24 ERROR create connection error, url: jdbc:mysql://localhost:3306/sanguo_game?useUnicode=true&characterEncoding=utf8, errorCode 0, state 08S01
com.mysql.jdbc.exceptions.jdbc4.CommunicationsException: Communications link failure

The last packet sent successfully to the server was 0 milliseconds ago. The driver has not received any packets from the server.
	at sun.reflect.GeneratedConstructorAccessor174.newInstance(Unknown Source)
	at sun.reflect.DelegatingConstructorAccessorImpl.newInstance(DelegatingConstructorAccessorImpl.java:45)
	at java.lang.reflect.Constructor.newInstance(Constructor.java:423)
	at com.mysql.jdbc.Util.handleNewInstance(Util.java:377)
	at com.mysql.jdbc.SQLError.createCommunicationsException(SQLError.java:1036)
	at com.mysql.jdbc.MysqlIO.<init>(MysqlIO.java:338)
	at com.mysql.jdbc.ConnectionImpl.coreConnect(ConnectionImpl.java:2232)
	at com.mysql.jdbc.ConnectionImpl.connectOneTryOnly(ConnectionImpl.java:2265)
	at com.mysql.jdbc.ConnectionImpl.createNewIO(ConnectionImpl.java:2064)
	at com.mysql.jdbc.ConnectionImpl.<init>(ConnectionImpl.java:790)
	at com.mysql.jdbc.JDBC4Connection.<init>(JDBC4Connection.java:44)
	at sun.reflect.GeneratedConstructorAccessor175.newInstance(Unknown Source)
	at sun.reflect.DelegatingConstructorAccessorImpl.newInstance(DelegatingConstructorAccessorImpl.java:45)
	at java.lang.reflect.Constructor.newInstance(Constructor.java:423)
	at com.mysql.jdbc.Util.handleNewInstance(Util.java:377)
	at com.mysql.jdbc.ConnectionImpl.getInstance(ConnectionImpl.java:395)
	at com.mysql.jdbc.NonRegisteringDriver.connect(NonRegisteringDriver.java:325)
	at com.alibaba.druid.filter.FilterChainImpl.connection_connect(FilterChainImpl.java:148)
	at com.alibaba.druid.filter.stat.StatFilter.connection_connect(StatFilter.java:220)
	at com.alibaba.druid.filter.FilterChainImpl.connection_connect(FilterChainImpl.java:142)
	at com.alibaba.druid.pool.DruidAbstractDataSource.createPhysicalConnection(DruidAbstractDataSource.java:1463)
	at com.alibaba.druid.pool.DruidAbstractDataSource.createPhysicalConnection(DruidAbstractDataSource.java:1525)
	at com.alibaba.druid.pool.DruidDataSource$CreateConnectionThread.run(DruidDataSource.java:2100)
Caused by: java.net.ConnectException: Connection refused: connect
	at java.net.DualStackPlainSocketImpl.connect0(Native Method)
	at java.net.DualStackPlainSocketImpl.socketConnect(DualStackPlainSocketImpl.java:79)
	at java.net.AbstractPlainSocketImpl.doConnect(AbstractPlainSocketImpl.java:350)
	at java.net.AbstractPlainSocketImpl.connectToAddress(AbstractPlainSocketImpl.java:206)
	at java.net.AbstractPlainSocketImpl.connect(AbstractPlainSocketImpl.java:188)
	at java.net.PlainSocketImpl.connect(PlainSocketImpl.java:172)
	at java.net.SocksSocketImpl.connect(SocksSocketImpl.java:392)
	at java.net.Socket.connect(Socket.java:589)
	at com.mysql.jdbc.StandardSocketFactory.connect(StandardSocketFactory.java:213)
	at com.mysql.jdbc.MysqlIO.<init>(MysqlIO.java:297)
	... 17 more
2026-05-06 10:59:42 ERROR rankBossReBorn 1002 
2026-05-06 10:59:42 ERROR rankBossReBorn 1005 
2026-05-06 10:59:52 ERROR rankBossTimeOut 1001 
2026-05-06 10:59:58 ERROR create connection error, url: jdbc:mysql://localhost:3306/sanguo_game?useUnicode=true&characterEncoding=utf8, errorCode 0, state 08S01
com.mysql.jdbc.exceptions.jdbc4.CommunicationsException: Communications link failure

The last packet sent successfully to the server was 0 milliseconds ago. The driver has not received any packets from the server.
	at sun.reflect.GeneratedConstructorAccessor174.newInstance(Unknown Source)
	at sun.reflect.DelegatingConstructorAccessorImpl.newInstance(DelegatingConstructorAccessorImpl.java:45)
	at java.lang.reflect.Constructor.newInstance(Constructor.java:423)
	at com.mysql.jdbc.Util.handleNewInstance(Util.java:377)
	at com.mysql.jdbc.SQLError.createCommunicationsException(SQLError.java:1036)
	at com.mysql.jdbc.MysqlIO.<init>(MysqlIO.java:338)
	at com.mysql.jdbc.ConnectionImpl.coreConnect(ConnectionImpl.java:2232)
	at com.mysql.jdbc.ConnectionImpl.connectOneTryOnly(ConnectionImpl.java:2265)
	at com.mysql.jdbc.ConnectionImpl.createNewIO(ConnectionImpl.java:2064)
	at com.mysql.jdbc.ConnectionImpl.<init>(ConnectionImpl.java:790)
	at com.mysql.jdbc.JDBC4Connection.<init>(JDBC4Connection.java:44)
	at sun.reflect.GeneratedConstructorAccessor175.newInstance(Unknown Source)
	at sun.reflect.DelegatingConstructorAccessorImpl.newInstance(DelegatingConstructorAccessorImpl.java:45)
	at java.lang.reflect.Constructor.newInstance(Constructor.java:423)
	at com.mysql.jdbc.Util.handleNewInstance(Util.java:377)
	at com.mysql.jdbc.ConnectionImpl.getInstance(ConnectionImpl.java:395)
	at com.mysql.jdbc.NonRegisteringDriver.connect(NonRegisteringDriver.java:325)
	at com.alibaba.druid.filter.FilterChainImpl.connection_connect(FilterChainImpl.java:148)
	at com.alibaba.druid.filter.stat.StatFilter.connection_connect(StatFilter.java:220)
	at com.alibaba.druid.filter.FilterChainImpl.connection_connect(FilterChainImpl.java:142)
	at com.alibaba.druid.pool.DruidAbstractDataSource.createPhysicalConnection(DruidAbstractDataSource.java:1463)
	at com.alibaba.druid.pool.DruidAbstractDataSource.createPhysicalConnection(DruidAbstractDataSource.java:1525)
	at com.alibaba.druid.pool.DruidDataSource$CreateConnectionThread.run(DruidDataSource.java:2100)
Caused by: java.net.ConnectException: Connection refused: connect
	at java.net.DualStackPlainSocketImpl.connect0(Native Method)
	at java.net.DualStackPlainSocketImpl.socketConnect(DualStackPlainSocketImpl.java:79)
	at java.net.AbstractPlainSocketImpl.doConnect(AbstractPlainSocketImpl.java:350)
	at java.net.AbstractPlainSocketImpl.connectToAddress(AbstractPlainSocketImpl.java:206)
	at java.net.AbstractPlainSocketImpl.connect(AbstractPlainSocketImpl.java:188)
	at java.net.PlainSocketImpl.connect(PlainSocketImpl.java:172)
	at java.net.SocksSocketImpl.connect(SocksSocketImpl.java:392)
	at java.net.Socket.connect(Socket.java:589)
	at com.mysql.jdbc.StandardSocketFactory.connect(StandardSocketFactory.java:213)
	at com.mysql.jdbc.MysqlIO.<init>(MysqlIO.java:297)
	... 17 more
2026-05-06 11:00:32 ERROR create connection error, url: jdbc:mysql://localhost:3306/sanguo_game?useUnicode=true&characterEncoding=utf8, errorCode 0, state 08S01
com.mysql.jdbc.exceptions.jdbc4.CommunicationsException: Communications link failure

The last packet sent successfully to the server was 0 milliseconds ago. The driver has not received any packets from the server.
	at sun.reflect.GeneratedConstructorAccessor174.newInstance(Unknown Source)
	at sun.reflect.DelegatingConstructorAccessorImpl.newInstance(DelegatingConstructorAccessorImpl.java:45)
	at java.lang.reflect.Constructor.newInstance(Constructor.java:423)
	at com.mysql.jdbc.Util.handleNewInstance(Util.java:377)
	at com.mysql.jdbc.SQLError.createCommunicationsException(SQLError.java:1036)
	at com.mysql.jdbc.MysqlIO.<init>(MysqlIO.java:338)
	at com.mysql.jdbc.ConnectionImpl.coreConnect(ConnectionImpl.java:2232)
	at com.mysql.jdbc.ConnectionImpl.connectOneTryOnly(ConnectionImpl.java:2265)
	at com.mysql.jdbc.ConnectionImpl.createNewIO(ConnectionImpl.java:2064)
	at com.mysql.jdbc.ConnectionImpl.<init>(ConnectionImpl.java:790)
	at com.mysql.jdbc.JDBC4Connection.<init>(JDBC4Connection.java:44)
	at sun.reflect.GeneratedConstructorAccessor175.newInstance(Unknown Source)
	at sun.reflect.DelegatingConstructorAccessorImpl.newInstance(DelegatingConstructorAccessorImpl.java:45)
	at java.lang.reflect.Constructor.newInstance(Constructor.java:423)
	at com.mysql.jdbc.Util.handleNewInstance(Util.java:377)
	at com.mysql.jdbc.ConnectionImpl.getInstance(ConnectionImpl.java:395)
	at com.mysql.jdbc.NonRegisteringDriver.connect(NonRegisteringDriver.java:325)
	at com.alibaba.druid.filter.FilterChainImpl.connection_connect(FilterChainImpl.java:148)
	at com.alibaba.druid.filter.stat.StatFilter.connection_connect(StatFilter.java:220)
	at com.alibaba.druid.filter.FilterChainImpl.connection_connect(FilterChainImpl.java:142)
	at com.alibaba.druid.pool.DruidAbstractDataSource.createPhysicalConnection(DruidAbstractDataSource.java:1463)
	at com.alibaba.druid.pool.DruidAbstractDataSource.createPhysicalConnection(DruidAbstractDataSource.java:1525)
	at com.alibaba.druid.pool.DruidDataSource$CreateConnectionThread.run(DruidDataSource.java:2100)
Caused by: java.net.ConnectException: Connection refused: connect
	at java.net.DualStackPlainSocketImpl.connect0(Native Method)
	at java.net.DualStackPlainSocketImpl.socketConnect(DualStackPlainSocketImpl.java:79)
	at java.net.AbstractPlainSocketImpl.doConnect(AbstractPlainSocketImpl.java:350)
	at java.net.AbstractPlainSocketImpl.connectToAddress(AbstractPlainSocketImpl.java:206)
	at java.net.AbstractPlainSocketImpl.connect(AbstractPlainSocketImpl.java:188)
	at java.net.PlainSocketImpl.connect(PlainSocketImpl.java:172)
	at java.net.SocksSocketImpl.connect(SocksSocketImpl.java:392)
	at java.net.Socket.connect(Socket.java:589)
	at com.mysql.jdbc.StandardSocketFactory.connect(StandardSocketFactory.java:213)
	at com.mysql.jdbc.MysqlIO.<init>(MysqlIO.java:297)
	... 17 more
2026-05-06 11:00:32 ERROR rankBossTimeOut 1009 
2026-05-06 11:00:52 ERROR rankBossReBorn 1001 
2026-05-06 11:01:06 ERROR create connection error, url: jdbc:mysql://localhost:3306/sanguo_game?useUnicode=true&characterEncoding=utf8, errorCode 0, state 08S01
com.mysql.jdbc.exceptions.jdbc4.CommunicationsException: Communications link failure

The last packet sent successfully to the server was 0 milliseconds ago. The driver has not received any packets from the server.
	at sun.reflect.GeneratedConstructorAccessor174.newInstance(Unknown Source)
	at sun.reflect.DelegatingConstructorAccessorImpl.newInstance(DelegatingConstructorAccessorImpl.java:45)
	at java.lang.reflect.Constructor.newInstance(Constructor.java:423)
	at com.mysql.jdbc.Util.handleNewInstance(Util.java:377)
	at com.mysql.jdbc.SQLError.createCommunicationsException(SQLError.java:1036)
	at com.mysql.jdbc.MysqlIO.<init>(MysqlIO.java:338)
	at com.mysql.jdbc.ConnectionImpl.coreConnect(ConnectionImpl.java:2232)
	at com.mysql.jdbc.ConnectionImpl.connectOneTryOnly(ConnectionImpl.java:2265)
	at com.mysql.jdbc.ConnectionImpl.createNewIO(ConnectionImpl.java:2064)
	at com.mysql.jdbc.ConnectionImpl.<init>(ConnectionImpl.java:790)
	at com.mysql.jdbc.JDBC4Connection.<init>(JDBC4Connection.java:44)
	at sun.reflect.GeneratedConstructorAccessor175.newInstance(Unknown Source)
	at sun.reflect.DelegatingConstructorAccessorImpl.newInstance(DelegatingConstructorAccessorImpl.java:45)
	at java.lang.reflect.Constructor.newInstance(Constructor.java:423)
	at com.mysql.jdbc.Util.handleNewInstance(Util.java:377)
	at com.mysql.jdbc.ConnectionImpl.getInstance(ConnectionImpl.java:395)
	at com.mysql.jdbc.NonRegisteringDriver.connect(NonRegisteringDriver.java:325)
	at com.alibaba.druid.filter.FilterChainImpl.connection_connect(FilterChainImpl.java:148)
	at com.alibaba.druid.filter.stat.StatFilter.connection_connect(StatFilter.java:220)
	at com.alibaba.druid.filter.FilterChainImpl.connection_connect(FilterChainImpl.java:142)
	at com.alibaba.druid.pool.DruidAbstractDataSource.createPhysicalConnection(DruidAbstractDataSource.java:1463)
	at com.alibaba.druid.pool.DruidAbstractDataSource.createPhysicalConnection(DruidAbstractDataSource.java:1525)
	at com.alibaba.druid.pool.DruidDataSource$CreateConnectionThread.run(DruidDataSource.java:2100)
Caused by: java.net.ConnectException: Connection refused: connect
	at java.net.DualStackPlainSocketImpl.connect0(Native Method)
	at java.net.DualStackPlainSocketImpl.socketConnect(DualStackPlainSocketImpl.java:79)
	at java.net.AbstractPlainSocketImpl.doConnect(AbstractPlainSocketImpl.java:350)
	at java.net.AbstractPlainSocketImpl.connectToAddress(AbstractPlainSocketImpl.java:206)
	at java.net.AbstractPlainSocketImpl.connect(AbstractPlainSocketImpl.java:188)
	at java.net.PlainSocketImpl.connect(PlainSocketImpl.java:172)
	at java.net.SocksSocketImpl.connect(SocksSocketImpl.java:392)
	at java.net.Socket.connect(Socket.java:589)
	at com.mysql.jdbc.StandardSocketFactory.connect(StandardSocketFactory.java:213)
	at com.mysql.jdbc.MysqlIO.<init>(MysqlIO.java:297)
	... 17 more
2026-05-06 11:01:40 ERROR create connection error, url: jdbc:mysql://localhost:3306/sanguo_game?useUnicode=true&characterEncoding=utf8, errorCode 0, state 08S01
com.mysql.jdbc.exceptions.jdbc4.CommunicationsException: Communications link failure

The last packet sent successfully to the server was 0 milliseconds ago. The driver has not received any packets from the server.
	at sun.reflect.GeneratedConstructorAccessor174.newInstance(Unknown Source)
	at sun.reflect.DelegatingConstructorAccessorImpl.newInstance(DelegatingConstructorAccessorImpl.java:45)
	at java.lang.reflect.Constructor.newInstance(Constructor.java:423)
	at com.mysql.jdbc.Util.handleNewInstance(Util.java:377)
	at com.mysql.jdbc.SQLError.createCommunicationsException(SQLError.java:1036)
	at com.mysql.jdbc.MysqlIO.<init>(MysqlIO.java:338)
	at com.mysql.jdbc.ConnectionImpl.coreConnect(ConnectionImpl.java:2232)
	at com.mysql.jdbc.ConnectionImpl.connectOneTryOnly(ConnectionImpl.java:2265)
	at com.mysql.jdbc.ConnectionImpl.createNewIO(ConnectionImpl.java:2064)
	at com.mysql.jdbc.ConnectionImpl.<init>(ConnectionImpl.java:790)
	at com.mysql.jdbc.JDBC4Connection.<init>(JDBC4Connection.java:44)
	at sun.reflect.GeneratedConstructorAccessor175.newInstance(Unknown Source)
	at sun.reflect.DelegatingConstructorAccessorImpl.newInstance(DelegatingConstructorAccessorImpl.java:45)
	at java.lang.reflect.Constructor.newInstance(Constructor.java:423)
	at com.mysql.jdbc.Util.handleNewInstance(Util.java:377)
	at com.mysql.jdbc.ConnectionImpl.getInstance(ConnectionImpl.java:395)
	at com.mysql.jdbc.NonRegisteringDriver.connect(NonRegisteringDriver.java:325)
	at com.alibaba.druid.filter.FilterChainImpl.connection_connect(FilterChainImpl.java:148)
	at com.alibaba.druid.filter.stat.StatFilter.connection_connect(StatFilter.java:220)
	at com.alibaba.druid.filter.FilterChainImpl.connection_connect(FilterChainImpl.java:142)
	at com.alibaba.druid.pool.DruidAbstractDataSource.createPhysicalConnection(DruidAbstractDataSource.java:1463)
	at com.alibaba.druid.pool.DruidAbstractDataSource.createPhysicalConnection(DruidAbstractDataSource.java:1525)
	at com.alibaba.druid.pool.DruidDataSource$CreateConnectionThread.run(DruidDataSource.java:2100)
Caused by: java.net.ConnectException: Connection refused: connect
	at java.net.DualStackPlainSocketImpl.connect0(Native Method)
	at java.net.DualStackPlainSocketImpl.socketConnect(DualStackPlainSocketImpl.java:79)
	at java.net.AbstractPlainSocketImpl.doConnect(AbstractPlainSocketImpl.java:350)
	at java.net.AbstractPlainSocketImpl.connectToAddress(AbstractPlainSocketImpl.java:206)
	at java.net.AbstractPlainSocketImpl.connect(AbstractPlainSocketImpl.java:188)
	at java.net.PlainSocketImpl.connect(PlainSocketImpl.java:172)
	at java.net.SocksSocketImpl.connect(SocksSocketImpl.java:392)
	at java.net.Socket.connect(Socket.java:589)
	at com.mysql.jdbc.StandardSocketFactory.connect(StandardSocketFactory.java:213)
	at com.mysql.jdbc.MysqlIO.<init>(MysqlIO.java:297)
	... 17 more
2026-05-06 11:02:12 ERROR rankBossTimeOut 1010 
2026-05-06 11:02:13 ERROR rankBossReBorn 1006 
2026-05-06 11:02:14 ERROR create connection error, url: jdbc:mysql://localhost:3306/sanguo_game?useUnicode=true&characterEncoding=utf8, errorCode 0, state 08S01
com.mysql.jdbc.exceptions.jdbc4.CommunicationsException: Communications link failure

The last packet sent successfully to the server was 0 milliseconds ago. The driver has not received any packets from the server.
	at sun.reflect.GeneratedConstructorAccessor174.newInstance(Unknown Source)
	at sun.reflect.DelegatingConstructorAccessorImpl.newInstance(DelegatingConstructorAccessorImpl.java:45)
	at java.lang.reflect.Constructor.newInstance(Constructor.java:423)
	at com.mysql.jdbc.Util.handleNewInstance(Util.java:377)
	at com.mysql.jdbc.SQLError.createCommunicationsException(SQLError.java:1036)
	at com.mysql.jdbc.MysqlIO.<init>(MysqlIO.java:338)
	at com.mysql.jdbc.ConnectionImpl.coreConnect(ConnectionImpl.java:2232)
	at com.mysql.jdbc.ConnectionImpl.connectOneTryOnly(ConnectionImpl.java:2265)
	at com.mysql.jdbc.ConnectionImpl.createNewIO(ConnectionImpl.java:2064)
	at com.mysql.jdbc.ConnectionImpl.<init>(ConnectionImpl.java:790)
	at com.mysql.jdbc.JDBC4Connection.<init>(JDBC4Connection.java:44)
	at sun.reflect.GeneratedConstructorAccessor175.newInstance(Unknown Source)
	at sun.reflect.DelegatingConstructorAccessorImpl.newInstance(DelegatingConstructorAccessorImpl.java:45)
	at java.lang.reflect.Constructor.newInstance(Constructor.java:423)
	at com.mysql.jdbc.Util.handleNewInstance(Util.java:377)
	at com.mysql.jdbc.ConnectionImpl.getInstance(ConnectionImpl.java:395)
	at com.mysql.jdbc.NonRegisteringDriver.connect(NonRegisteringDriver.java:325)
	at com.alibaba.druid.filter.FilterChainImpl.connection_connect(FilterChainImpl.java:148)
	at com.alibaba.druid.filter.stat.StatFilter.connection_connect(StatFilter.java:220)
	at com.alibaba.druid.filter.FilterChainImpl.connection_connect(FilterChainImpl.java:142)
	at com.alibaba.druid.pool.DruidAbstractDataSource.createPhysicalConnection(DruidAbstractDataSource.java:1463)
	at com.alibaba.druid.pool.DruidAbstractDataSource.createPhysicalConnection(DruidAbstractDataSource.java:1525)
	at com.alibaba.druid.pool.DruidDataSource$CreateConnectionThread.run(DruidDataSource.java:2100)
Caused by: java.net.ConnectException: Connection refused: connect
	at java.net.DualStackPlainSocketImpl.connect0(Native Method)
	at java.net.DualStackPlainSocketImpl.socketConnect(DualStackPlainSocketImpl.java:79)
	at java.net.AbstractPlainSocketImpl.doConnect(AbstractPlainSocketImpl.java:350)
	at java.net.AbstractPlainSocketImpl.connectToAddress(AbstractPlainSocketImpl.java:206)
	at java.net.AbstractPlainSocketImpl.connect(AbstractPlainSocketImpl.java:188)
	at java.net.PlainSocketImpl.connect(PlainSocketImpl.java:172)
	at java.net.SocksSocketImpl.connect(SocksSocketImpl.java:392)
	at java.net.Socket.connect(Socket.java:589)
	at com.mysql.jdbc.StandardSocketFactory.connect(StandardSocketFactory.java:213)
	at com.mysql.jdbc.MysqlIO.<init>(MysqlIO.java:297)
	... 17 more
2026-05-06 11:02:32 ERROR rankBossTimeOut 1001 
2026-05-06 11:02:49 ERROR create connection error, url: jdbc:mysql://localhost:3306/sanguo_game?useUnicode=true&characterEncoding=utf8, errorCode 0, state 08S01
com.mysql.jdbc.exceptions.jdbc4.CommunicationsException: Communications link failure

The last packet sent successfully to the server was 0 milliseconds ago. The driver has not received any packets from the server.
	at sun.reflect.GeneratedConstructorAccessor174.newInstance(Unknown Source)
	at sun.reflect.DelegatingConstructorAccessorImpl.newInstance(DelegatingConstructorAccessorImpl.java:45)
	at java.lang.reflect.Constructor.newInstance(Constructor.java:423)
	at com.mysql.jdbc.Util.handleNewInstance(Util.java:377)
	at com.mysql.jdbc.SQLError.createCommunicationsException(SQLError.java:1036)
	at com.mysql.jdbc.MysqlIO.<init>(MysqlIO.java:338)
	at com.mysql.jdbc.ConnectionImpl.coreConnect(ConnectionImpl.java:2232)
	at com.mysql.jdbc.ConnectionImpl.connectOneTryOnly(ConnectionImpl.java:2265)
	at com.mysql.jdbc.ConnectionImpl.createNewIO(ConnectionImpl.java:2064)
	at com.mysql.jdbc.ConnectionImpl.<init>(ConnectionImpl.java:790)
	at com.mysql.jdbc.JDBC4Connection.<init>(JDBC4Connection.java:44)
	at sun.reflect.GeneratedConstructorAccessor175.newInstance(Unknown Source)
	at sun.reflect.DelegatingConstructorAccessorImpl.newInstance(DelegatingConstructorAccessorImpl.java:45)
	at java.lang.reflect.Constructor.newInstance(Constructor.java:423)
	at com.mysql.jdbc.Util.handleNewInstance(Util.java:377)
	at com.mysql.jdbc.ConnectionImpl.getInstance(ConnectionImpl.java:395)
	at com.mysql.jdbc.NonRegisteringDriver.connect(NonRegisteringDriver.java:325)
	at com.alibaba.druid.filter.FilterChainImpl.connection_connect(FilterChainImpl.java:148)
	at com.alibaba.druid.filter.stat.StatFilter.connection_connect(StatFilter.java:220)
	at com.alibaba.druid.filter.FilterChainImpl.connection_connect(FilterChainImpl.java:142)
	at com.alibaba.druid.pool.DruidAbstractDataSource.createPhysicalConnection(DruidAbstractDataSource.java:1463)
	at com.alibaba.druid.pool.DruidAbstractDataSource.createPhysicalConnection(DruidAbstractDataSource.java:1525)
	at com.alibaba.druid.pool.DruidDataSource$CreateConnectionThread.run(DruidDataSource.java:2100)
Caused by: java.net.ConnectException: Connection refused: connect
	at java.net.DualStackPlainSocketImpl.connect0(Native Method)
	at java.net.DualStackPlainSocketImpl.socketConnect(DualStackPlainSocketImpl.java:79)
	at java.net.AbstractPlainSocketImpl.doConnect(AbstractPlainSocketImpl.java:350)
	at java.net.AbstractPlainSocketImpl.connectToAddress(AbstractPlainSocketImpl.java:206)
	at java.net.AbstractPlainSocketImpl.connect(AbstractPlainSocketImpl.java:188)
	at java.net.PlainSocketImpl.connect(PlainSocketImpl.java:172)
	at java.net.SocksSocketImpl.connect(SocksSocketImpl.java:392)
	at java.net.Socket.connect(Socket.java:589)
	at com.mysql.jdbc.StandardSocketFactory.connect(StandardSocketFactory.java:213)
	at com.mysql.jdbc.MysqlIO.<init>(MysqlIO.java:297)
	... 17 more
2026-05-06 11:03:02 ERROR rankBossTimeOut 1002 
2026-05-06 11:03:23 ERROR create connection error, url: jdbc:mysql://localhost:3306/sanguo_game?useUnicode=true&characterEncoding=utf8, errorCode 0, state 08S01
com.mysql.jdbc.exceptions.jdbc4.CommunicationsException: Communications link failure

The last packet sent successfully to the server was 0 milliseconds ago. The driver has not received any packets from the server.
	at sun.reflect.GeneratedConstructorAccessor174.newInstance(Unknown Source)
	at sun.reflect.DelegatingConstructorAccessorImpl.newInstance(DelegatingConstructorAccessorImpl.java:45)
	at java.lang.reflect.Constructor.newInstance(Constructor.java:423)
	at com.mysql.jdbc.Util.handleNewInstance(Util.java:377)
	at com.mysql.jdbc.SQLError.createCommunicationsException(SQLError.java:1036)
	at com.mysql.jdbc.MysqlIO.<init>(MysqlIO.java:338)
	at com.mysql.jdbc.ConnectionImpl.coreConnect(ConnectionImpl.java:2232)
	at com.mysql.jdbc.ConnectionImpl.connectOneTryOnly(ConnectionImpl.java:2265)
	at com.mysql.jdbc.ConnectionImpl.createNewIO(ConnectionImpl.java:2064)
	at com.mysql.jdbc.ConnectionImpl.<init>(ConnectionImpl.java:790)
	at com.mysql.jdbc.JDBC4Connection.<init>(JDBC4Connection.java:44)
	at sun.reflect.GeneratedConstructorAccessor175.newInstance(Unknown Source)
	at sun.reflect.DelegatingConstructorAccessorImpl.newInstance(DelegatingConstructorAccessorImpl.java:45)
	at java.lang.reflect.Constructor.newInstance(Constructor.java:423)
	at com.mysql.jdbc.Util.handleNewInstance(Util.java:377)
	at com.mysql.jdbc.ConnectionImpl.getInstance(ConnectionImpl.java:395)
	at com.mysql.jdbc.NonRegisteringDriver.connect(NonRegisteringDriver.java:325)
	at com.alibaba.druid.filter.FilterChainImpl.connection_connect(FilterChainImpl.java:148)
	at com.alibaba.druid.filter.stat.StatFilter.connection_connect(StatFilter.java:220)
	at com.alibaba.druid.filter.FilterChainImpl.connection_connect(FilterChainImpl.java:142)
	at com.alibaba.druid.pool.DruidAbstractDataSource.createPhysicalConnection(DruidAbstractDataSource.java:1463)
	at com.alibaba.druid.pool.DruidAbstractDataSource.createPhysicalConnection(DruidAbstractDataSource.java:1525)
	at com.alibaba.druid.pool.DruidDataSource$CreateConnectionThread.run(DruidDataSource.java:2100)
Caused by: java.net.ConnectException: Connection refused: connect
	at java.net.DualStackPlainSocketImpl.connect0(Native Method)
	at java.net.DualStackPlainSocketImpl.socketConnect(DualStackPlainSocketImpl.java:79)
	at java.net.AbstractPlainSocketImpl.doConnect(AbstractPlainSocketImpl.java:350)
	at java.net.AbstractPlainSocketImpl.connectToAddress(AbstractPlainSocketImpl.java:206)
	at java.net.AbstractPlainSocketImpl.connect(AbstractPlainSocketImpl.java:188)
	at java.net.PlainSocketImpl.connect(PlainSocketImpl.java:172)
	at java.net.SocksSocketImpl.connect(SocksSocketImpl.java:392)
	at java.net.Socket.connect(Socket.java:589)
	at com.mysql.jdbc.StandardSocketFactory.connect(StandardSocketFactory.java:213)
	at com.mysql.jdbc.MysqlIO.<init>(MysqlIO.java:297)
	... 17 more
2026-05-06 11:03:32 ERROR rankBossReBorn 1001 
2026-05-06 11:03:52 ERROR rankBossTimeOut 1003 
2026-05-06 11:03:52 ERROR rankBossTimeOut 1004 
2026-05-06 11:03:52 ERROR rankBossTimeOut 1011 
2026-05-06 11:03:58 ERROR create connection error, url: jdbc:mysql://localhost:3306/sanguo_game?useUnicode=true&characterEncoding=utf8, errorCode 0, state 08S01
com.mysql.jdbc.exceptions.jdbc4.CommunicationsException: Communications link failure

The last packet sent successfully to the server was 0 milliseconds ago. The driver has not received any packets from the server.
	at sun.reflect.GeneratedConstructorAccessor174.newInstance(Unknown Source)
	at sun.reflect.DelegatingConstructorAccessorImpl.newInstance(DelegatingConstructorAccessorImpl.java:45)
	at java.lang.reflect.Constructor.newInstance(Constructor.java:423)
	at com.mysql.jdbc.Util.handleNewInstance(Util.java:377)
	at com.mysql.jdbc.SQLError.createCommunicationsException(SQLError.java:1036)
	at com.mysql.jdbc.MysqlIO.<init>(MysqlIO.java:338)
	at com.mysql.jdbc.ConnectionImpl.coreConnect(ConnectionImpl.java:2232)
	at com.mysql.jdbc.ConnectionImpl.connectOneTryOnly(ConnectionImpl.java:2265)
	at com.mysql.jdbc.ConnectionImpl.createNewIO(ConnectionImpl.java:2064)
	at com.mysql.jdbc.ConnectionImpl.<init>(ConnectionImpl.java:790)
	at com.mysql.jdbc.JDBC4Connection.<init>(JDBC4Connection.java:44)
	at sun.reflect.GeneratedConstructorAccessor175.newInstance(Unknown Source)
	at sun.reflect.DelegatingConstructorAccessorImpl.newInstance(DelegatingConstructorAccessorImpl.java:45)
	at java.lang.reflect.Constructor.newInstance(Constructor.java:423)
	at com.mysql.jdbc.Util.handleNewInstance(Util.java:377)
	at com.mysql.jdbc.ConnectionImpl.getInstance(ConnectionImpl.java:395)
	at com.mysql.jdbc.NonRegisteringDriver.connect(NonRegisteringDriver.java:325)
	at com.alibaba.druid.filter.FilterChainImpl.connection_connect(FilterChainImpl.java:148)
	at com.alibaba.druid.filter.stat.StatFilter.connection_connect(StatFilter.java:220)
	at com.alibaba.druid.filter.FilterChainImpl.connection_connect(FilterChainImpl.java:142)
	at com.alibaba.druid.pool.DruidAbstractDataSource.createPhysicalConnection(DruidAbstractDataSource.java:1463)
	at com.alibaba.druid.pool.DruidAbstractDataSource.createPhysicalConnection(DruidAbstractDataSource.java:1525)
	at com.alibaba.druid.pool.DruidDataSource$CreateConnectionThread.run(DruidDataSource.java:2100)
Caused by: java.net.ConnectException: Connection refused: connect
	at java.net.DualStackPlainSocketImpl.connect0(Native Method)
	at java.net.DualStackPlainSocketImpl.socketConnect(DualStackPlainSocketImpl.java:79)
	at java.net.AbstractPlainSocketImpl.doConnect(AbstractPlainSocketImpl.java:350)
	at java.net.AbstractPlainSocketImpl.connectToAddress(AbstractPlainSocketImpl.java:206)
	at java.net.AbstractPlainSocketImpl.connect(AbstractPlainSocketImpl.java:188)
	at java.net.PlainSocketImpl.connect(PlainSocketImpl.java:172)
	at java.net.SocksSocketImpl.connect(SocksSocketImpl.java:392)
	at java.net.Socket.connect(Socket.java:589)
	at com.mysql.jdbc.StandardSocketFactory.connect(StandardSocketFactory.java:213)
	at com.mysql.jdbc.MysqlIO.<init>(MysqlIO.java:297)
	... 17 more
2026-05-06 11:04:33 ERROR create connection error, url: jdbc:mysql://localhost:3306/sanguo_game?useUnicode=true&characterEncoding=utf8, errorCode 0, state 08S01
com.mysql.jdbc.exceptions.jdbc4.CommunicationsException: Communications link failure

The last packet sent successfully to the server was 0 milliseconds ago. The driver has not received any packets from the server.
	at sun.reflect.GeneratedConstructorAccessor174.newInstance(Unknown Source)
	at sun.reflect.DelegatingConstructorAccessorImpl.newInstance(DelegatingConstructorAccessorImpl.java:45)
	at java.lang.reflect.Constructor.newInstance(Constructor.java:423)
	at com.mysql.jdbc.Util.handleNewInstance(Util.java:377)
	at com.mysql.jdbc.SQLError.createCommunicationsException(SQLError.java:1036)
	at com.mysql.jdbc.MysqlIO.<init>(MysqlIO.java:338)
	at com.mysql.jdbc.ConnectionImpl.coreConnect(ConnectionImpl.java:2232)
	at com.mysql.jdbc.ConnectionImpl.connectOneTryOnly(ConnectionImpl.java:2265)
	at com.mysql.jdbc.ConnectionImpl.createNewIO(ConnectionImpl.java:2064)
	at com.mysql.jdbc.ConnectionImpl.<init>(ConnectionImpl.java:790)
	at com.mysql.jdbc.JDBC4Connection.<init>(JDBC4Connection.java:44)
	at sun.reflect.GeneratedConstructorAccessor175.newInstance(Unknown Source)
	at sun.reflect.DelegatingConstructorAccessorImpl.newInstance(DelegatingConstructorAccessorImpl.java:45)
	at java.lang.reflect.Constructor.newInstance(Constructor.java:423)
	at com.mysql.jdbc.Util.handleNewInstance(Util.java:377)
	at com.mysql.jdbc.ConnectionImpl.getInstance(ConnectionImpl.java:395)
	at com.mysql.jdbc.NonRegisteringDriver.connect(NonRegisteringDriver.java:325)
	at com.alibaba.druid.filter.FilterChainImpl.connection_connect(FilterChainImpl.java:148)
	at com.alibaba.druid.filter.stat.StatFilter.connection_connect(StatFilter.java:220)
	at com.alibaba.druid.filter.FilterChainImpl.connection_connect(FilterChainImpl.java:142)
	at com.alibaba.druid.pool.DruidAbstractDataSource.createPhysicalConnection(DruidAbstractDataSource.java:1463)
	at com.alibaba.druid.pool.DruidAbstractDataSource.createPhysicalConnection(DruidAbstractDataSource.java:1525)
	at com.alibaba.druid.pool.DruidDataSource$CreateConnectionThread.run(DruidDataSource.java:2100)
Caused by: java.net.ConnectException: Connection refused: connect
	at java.net.DualStackPlainSocketImpl.connect0(Native Method)
	at java.net.DualStackPlainSocketImpl.socketConnect(DualStackPlainSocketImpl.java:79)
	at java.net.AbstractPlainSocketImpl.doConnect(AbstractPlainSocketImpl.java:350)
	at java.net.AbstractPlainSocketImpl.connectToAddress(AbstractPlainSocketImpl.java:206)
	at java.net.AbstractPlainSocketImpl.connect(AbstractPlainSocketImpl.java:188)
	at java.net.PlainSocketImpl.connect(PlainSocketImpl.java:172)
	at java.net.SocksSocketImpl.connect(SocksSocketImpl.java:392)
	at java.net.Socket.connect(Socket.java:589)
	at com.mysql.jdbc.StandardSocketFactory.connect(StandardSocketFactory.java:213)
	at com.mysql.jdbc.MysqlIO.<init>(MysqlIO.java:297)
	... 17 more
2026-05-06 11:04:42 ERROR rankBossReBorn 1007 
2026-05-06 11:04:48 DEBUG saveAll: 10000000006, name: raconag, time: 2026-05-06 11:04:48 
2026-05-06 11:05:07 ERROR create connection error, url: jdbc:mysql://localhost:3306/sanguo_game?useUnicode=true&characterEncoding=utf8, errorCode 0, state 08S01
com.mysql.jdbc.exceptions.jdbc4.CommunicationsException: Communications link failure

The last packet sent successfully to the server was 0 milliseconds ago. The driver has not received any packets from the server.
	at sun.reflect.GeneratedConstructorAccessor174.newInstance(Unknown Source)
	at sun.reflect.DelegatingConstructorAccessorImpl.newInstance(DelegatingConstructorAccessorImpl.java:45)
	at java.lang.reflect.Constructor.newInstance(Constructor.java:423)
	at com.mysql.jdbc.Util.handleNewInstance(Util.java:377)
	at com.mysql.jdbc.SQLError.createCommunicationsException(SQLError.java:1036)
	at com.mysql.jdbc.MysqlIO.<init>(MysqlIO.java:338)
	at com.mysql.jdbc.ConnectionImpl.coreConnect(ConnectionImpl.java:2232)
	at com.mysql.jdbc.ConnectionImpl.connectOneTryOnly(ConnectionImpl.java:2265)
	at com.mysql.jdbc.ConnectionImpl.createNewIO(ConnectionImpl.java:2064)
	at com.mysql.jdbc.ConnectionImpl.<init>(ConnectionImpl.java:790)
	at com.mysql.jdbc.JDBC4Connection.<init>(JDBC4Connection.java:44)
	at sun.reflect.GeneratedConstructorAccessor175.newInstance(Unknown Source)
	at sun.reflect.DelegatingConstructorAccessorImpl.newInstance(DelegatingConstructorAccessorImpl.java:45)
	at java.lang.reflect.Constructor.newInstance(Constructor.java:423)
	at com.mysql.jdbc.Util.handleNewInstance(Util.java:377)
	at com.mysql.jdbc.ConnectionImpl.getInstance(ConnectionImpl.java:395)
	at com.mysql.jdbc.NonRegisteringDriver.connect(NonRegisteringDriver.java:325)
	at com.alibaba.druid.filter.FilterChainImpl.connection_connect(FilterChainImpl.java:148)
	at com.alibaba.druid.filter.stat.StatFilter.connection_connect(StatFilter.java:220)
	at com.alibaba.druid.filter.FilterChainImpl.connection_connect(FilterChainImpl.java:142)
	at com.alibaba.druid.pool.DruidAbstractDataSource.createPhysicalConnection(DruidAbstractDataSource.java:1463)
	at com.alibaba.druid.pool.DruidAbstractDataSource.createPhysicalConnection(DruidAbstractDataSource.java:1525)
	at com.alibaba.druid.pool.DruidDataSource$CreateConnectionThread.run(DruidDataSource.java:2100)
Caused by: java.net.ConnectException: Connection refused: connect
	at java.net.DualStackPlainSocketImpl.connect0(Native Method)
	at java.net.DualStackPlainSocketImpl.socketConnect(DualStackPlainSocketImpl.java:79)
	at java.net.AbstractPlainSocketImpl.doConnect(AbstractPlainSocketImpl.java:350)
	at java.net.AbstractPlainSocketImpl.connectToAddress(AbstractPlainSocketImpl.java:206)
	at java.net.AbstractPlainSocketImpl.connect(AbstractPlainSocketImpl.java:188)
	at java.net.PlainSocketImpl.connect(PlainSocketImpl.java:172)
	at java.net.SocksSocketImpl.connect(SocksSocketImpl.java:392)
	at java.net.Socket.connect(Socket.java:589)
	at com.mysql.jdbc.StandardSocketFactory.connect(StandardSocketFactory.java:213)
	at com.mysql.jdbc.MysqlIO.<init>(MysqlIO.java:297)
	... 17 more
2026-05-06 11:05:12 ERROR rankBossTimeOut 1001 
2026-05-06 11:05:32 ERROR rankBossReBorn 1002 
2026-05-06 11:05:32 ERROR rankBossTimeOut 1012 
2026-05-06 11:05:42 ERROR create connection error, url: jdbc:mysql://localhost:3306/sanguo_game?useUnicode=true&characterEncoding=utf8, errorCode 0, state 08S01
com.mysql.jdbc.exceptions.jdbc4.CommunicationsException: Communications link failure

The last packet sent successfully to the server was 0 milliseconds ago. The driver has not received any packets from the server.
	at sun.reflect.GeneratedConstructorAccessor174.newInstance(Unknown Source)
	at sun.reflect.DelegatingConstructorAccessorImpl.newInstance(DelegatingConstructorAccessorImpl.java:45)
	at java.lang.reflect.Constructor.newInstance(Constructor.java:423)
	at com.mysql.jdbc.Util.handleNewInstance(Util.java:377)
	at com.mysql.jdbc.SQLError.createCommunicationsException(SQLError.java:1036)
	at com.mysql.jdbc.MysqlIO.<init>(MysqlIO.java:338)
	at com.mysql.jdbc.ConnectionImpl.coreConnect(ConnectionImpl.java:2232)
	at com.mysql.jdbc.ConnectionImpl.connectOneTryOnly(ConnectionImpl.java:2265)
	at com.mysql.jdbc.ConnectionImpl.createNewIO(ConnectionImpl.java:2064)
	at com.mysql.jdbc.ConnectionImpl.<init>(ConnectionImpl.java:790)
	at com.mysql.jdbc.JDBC4Connection.<init>(JDBC4Connection.java:44)
	at sun.reflect.GeneratedConstructorAccessor175.newInstance(Unknown Source)
	at sun.reflect.DelegatingConstructorAccessorImpl.newInstance(DelegatingConstructorAccessorImpl.java:45)
	at java.lang.reflect.Constructor.newInstance(Constructor.java:423)
	at com.mysql.jdbc.Util.handleNewInstance(Util.java:377)
	at com.mysql.jdbc.ConnectionImpl.getInstance(ConnectionImpl.java:395)
	at com.mysql.jdbc.NonRegisteringDriver.connect(NonRegisteringDriver.java:325)
	at com.alibaba.druid.filter.FilterChainImpl.connection_connect(FilterChainImpl.java:148)
	at com.alibaba.druid.filter.stat.StatFilter.connection_connect(StatFilter.java:220)
	at com.alibaba.druid.filter.FilterChainImpl.connection_connect(FilterChainImpl.java:142)
	at com.alibaba.druid.pool.DruidAbstractDataSource.createPhysicalConnection(DruidAbstractDataSource.java:1463)
	at com.alibaba.druid.pool.DruidAbstractDataSource.createPhysicalConnection(DruidAbstractDataSource.java:1525)
	at com.alibaba.druid.pool.DruidDataSource$CreateConnectionThread.run(DruidDataSource.java:2100)
Caused by: java.net.ConnectException: Connection refused: connect
	at java.net.DualStackPlainSocketImpl.connect0(Native Method)
	at java.net.DualStackPlainSocketImpl.socketConnect(DualStackPlainSocketImpl.java:79)
	at java.net.AbstractPlainSocketImpl.doConnect(AbstractPlainSocketImpl.java:350)
	at java.net.AbstractPlainSocketImpl.connectToAddress(AbstractPlainSocketImpl.java:206)
	at java.net.AbstractPlainSocketImpl.connect(AbstractPlainSocketImpl.java:188)
	at java.net.PlainSocketImpl.connect(PlainSocketImpl.java:172)
	at java.net.SocksSocketImpl.connect(SocksSocketImpl.java:392)
	at java.net.Socket.connect(Socket.java:589)
	at com.mysql.jdbc.StandardSocketFactory.connect(StandardSocketFactory.java:213)
	at com.mysql.jdbc.MysqlIO.<init>(MysqlIO.java:297)
	... 17 more
2026-05-06 11:06:12 ERROR rankBossReBorn 1001 
2026-05-06 11:06:17 ERROR create connection error, url: jdbc:mysql://localhost:3306/sanguo_game?useUnicode=true&characterEncoding=utf8, errorCode 0, state 08S01
com.mysql.jdbc.exceptions.jdbc4.CommunicationsException: Communications link failure

The last packet sent successfully to the server was 0 milliseconds ago. The driver has not received any packets from the server.
	at sun.reflect.GeneratedConstructorAccessor174.newInstance(Unknown Source)
	at sun.reflect.DelegatingConstructorAccessorImpl.newInstance(DelegatingConstructorAccessorImpl.java:45)
	at java.lang.reflect.Constructor.newInstance(Constructor.java:423)
	at com.mysql.jdbc.Util.handleNewInstance(Util.java:377)
	at com.mysql.jdbc.SQLError.createCommunicationsException(SQLError.java:1036)
	at com.mysql.jdbc.MysqlIO.<init>(MysqlIO.java:338)
	at com.mysql.jdbc.ConnectionImpl.coreConnect(ConnectionImpl.java:2232)
	at com.mysql.jdbc.ConnectionImpl.connectOneTryOnly(ConnectionImpl.java:2265)
	at com.mysql.jdbc.ConnectionImpl.createNewIO(ConnectionImpl.java:2064)
	at com.mysql.jdbc.ConnectionImpl.<init>(ConnectionImpl.java:790)
	at com.mysql.jdbc.JDBC4Connection.<init>(JDBC4Connection.java:44)
	at sun.reflect.GeneratedConstructorAccessor175.newInstance(Unknown Source)
	at sun.reflect.DelegatingConstructorAccessorImpl.newInstance(DelegatingConstructorAccessorImpl.java:45)
	at java.lang.reflect.Constructor.newInstance(Constructor.java:423)
	at com.mysql.jdbc.Util.handleNewInstance(Util.java:377)
	at com.mysql.jdbc.ConnectionImpl.getInstance(ConnectionImpl.java:395)
	at com.mysql.jdbc.NonRegisteringDriver.connect(NonRegisteringDriver.java:325)
	at com.alibaba.druid.filter.FilterChainImpl.connection_connect(FilterChainImpl.java:148)
	at com.alibaba.druid.filter.stat.StatFilter.connection_connect(StatFilter.java:220)
	at com.alibaba.druid.filter.FilterChainImpl.connection_connect(FilterChainImpl.java:142)
	at com.alibaba.druid.pool.DruidAbstractDataSource.createPhysicalConnection(DruidAbstractDataSource.java:1463)
	at com.alibaba.druid.pool.DruidAbstractDataSource.createPhysicalConnection(DruidAbstractDataSource.java:1525)
	at com.alibaba.druid.pool.DruidDataSource$CreateConnectionThread.run(DruidDataSource.java:2100)
Caused by: java.net.ConnectException: Connection refused: connect
	at java.net.DualStackPlainSocketImpl.connect0(Native Method)
	at java.net.DualStackPlainSocketImpl.socketConnect(DualStackPlainSocketImpl.java:79)
	at java.net.AbstractPlainSocketImpl.doConnect(AbstractPlainSocketImpl.java:350)
	at java.net.AbstractPlainSocketImpl.connectToAddress(AbstractPlainSocketImpl.java:206)
	at java.net.AbstractPlainSocketImpl.connect(AbstractPlainSocketImpl.java:188)
	at java.net.PlainSocketImpl.connect(PlainSocketImpl.java:172)
	at java.net.SocksSocketImpl.connect(SocksSocketImpl.java:392)
	at java.net.Socket.connect(Socket.java:589)
	at com.mysql.jdbc.StandardSocketFactory.connect(StandardSocketFactory.java:213)
	at com.mysql.jdbc.MysqlIO.<init>(MysqlIO.java:297)
	... 17 more
2026-05-06 11:06:51 ERROR create connection error, url: jdbc:mysql://localhost:3306/sanguo_game?useUnicode=true&characterEncoding=utf8, errorCode 0, state 08S01
com.mysql.jdbc.exceptions.jdbc4.CommunicationsException: Communications link failure

The last packet sent successfully to the server was 0 milliseconds ago. The driver has not received any packets from the server.
	at sun.reflect.GeneratedConstructorAccessor174.newInstance(Unknown Source)
	at sun.reflect.DelegatingConstructorAccessorImpl.newInstance(DelegatingConstructorAccessorImpl.java:45)
	at java.lang.reflect.Constructor.newInstance(Constructor.java:423)
	at com.mysql.jdbc.Util.handleNewInstance(Util.java:377)
	at com.mysql.jdbc.SQLError.createCommunicationsException(SQLError.java:1036)
	at com.mysql.jdbc.MysqlIO.<init>(MysqlIO.java:338)
	at com.mysql.jdbc.ConnectionImpl.coreConnect(ConnectionImpl.java:2232)
	at com.mysql.jdbc.ConnectionImpl.connectOneTryOnly(ConnectionImpl.java:2265)
	at com.mysql.jdbc.ConnectionImpl.createNewIO(ConnectionImpl.java:2064)
	at com.mysql.jdbc.ConnectionImpl.<init>(ConnectionImpl.java:790)
	at com.mysql.jdbc.JDBC4Connection.<init>(JDBC4Connection.java:44)
	at sun.reflect.GeneratedConstructorAccessor175.newInstance(Unknown Source)
	at sun.reflect.DelegatingConstructorAccessorImpl.newInstance(DelegatingConstructorAccessorImpl.java:45)
	at java.lang.reflect.Constructor.newInstance(Constructor.java:423)
	at com.mysql.jdbc.Util.handleNewInstance(Util.java:377)
	at com.mysql.jdbc.ConnectionImpl.getInstance(ConnectionImpl.java:395)
	at com.mysql.jdbc.NonRegisteringDriver.connect(NonRegisteringDriver.java:325)
	at com.alibaba.druid.filter.FilterChainImpl.connection_connect(FilterChainImpl.java:148)
	at com.alibaba.druid.filter.stat.StatFilter.connection_connect(StatFilter.java:220)
	at com.alibaba.druid.filter.FilterChainImpl.connection_connect(FilterChainImpl.java:142)
	at com.alibaba.druid.pool.DruidAbstractDataSource.createPhysicalConnection(DruidAbstractDataSource.java:1463)
	at com.alibaba.druid.pool.DruidAbstractDataSource.createPhysicalConnection(DruidAbstractDataSource.java:1525)
	at com.alibaba.druid.pool.DruidDataSource$CreateConnectionThread.run(DruidDataSource.java:2100)
Caused by: java.net.ConnectException: Connection refused: connect
	at java.net.DualStackPlainSocketImpl.connect0(Native Method)
	at java.net.DualStackPlainSocketImpl.socketConnect(DualStackPlainSocketImpl.java:79)
	at java.net.AbstractPlainSocketImpl.doConnect(AbstractPlainSocketImpl.java:350)
	at java.net.AbstractPlainSocketImpl.connectToAddress(AbstractPlainSocketImpl.java:206)
	at java.net.AbstractPlainSocketImpl.connect(AbstractPlainSocketImpl.java:188)
	at java.net.PlainSocketImpl.connect(PlainSocketImpl.java:172)
	at java.net.SocksSocketImpl.connect(SocksSocketImpl.java:392)
	at java.net.Socket.connect(Socket.java:589)
	at com.mysql.jdbc.StandardSocketFactory.connect(StandardSocketFactory.java:213)
	at com.mysql.jdbc.MysqlIO.<init>(MysqlIO.java:297)
	... 17 more
2026-05-06 11:07:12 ERROR rankBossReBorn 1003 
2026-05-06 11:07:12 ERROR rankBossReBorn 1008 
2026-05-06 11:07:12 ERROR rankBossTimeOut 1013 
2026-05-06 11:07:12 ERROR neutralBossBeanTimeOut 60001011 
2026-05-06 11:07:12 ERROR neutralBossBeanTimeOut 60001010 
2026-05-06 11:07:12 ERROR neutralBossBeanTimeOut 60001009 
2026-05-06 11:07:12 ERROR neutralBossBeanTimeOut 60001012 
2026-05-06 11:07:12 ERROR neutralBossBeanTimeOut 60001019 
2026-05-06 11:07:12 ERROR neutralBossBeanTimeOut 60001018 
2026-05-06 11:07:12 ERROR neutralBossBeanTimeOut 60001017 
2026-05-06 11:07:12 ERROR neutralBossBeanTimeOut 60001020 
2026-05-06 11:07:12 ERROR neutralBossBeanTimeOut 60001003 
2026-05-06 11:07:12 ERROR neutralBossBeanTimeOut 60001002 
2026-05-06 11:07:12 ERROR neutralBossBeanTimeOut 60001001 
2026-05-06 11:07:12 ERROR neutralBossBeanTimeOut 60001004 
2026-05-06 11:07:25 ERROR create connection error, url: jdbc:mysql://localhost:3306/sanguo_game?useUnicode=true&characterEncoding=utf8, errorCode 0, state 08S01
com.mysql.jdbc.exceptions.jdbc4.CommunicationsException: Communications link failure

The last packet sent successfully to the server was 0 milliseconds ago. The driver has not received any packets from the server.
	at sun.reflect.GeneratedConstructorAccessor174.newInstance(Unknown Source)
	at sun.reflect.DelegatingConstructorAccessorImpl.newInstance(DelegatingConstructorAccessorImpl.java:45)
	at java.lang.reflect.Constructor.newInstance(Constructor.java:423)
	at com.mysql.jdbc.Util.handleNewInstance(Util.java:377)
	at com.mysql.jdbc.SQLError.createCommunicationsException(SQLError.java:1036)
	at com.mysql.jdbc.MysqlIO.<init>(MysqlIO.java:338)
	at com.mysql.jdbc.ConnectionImpl.coreConnect(ConnectionImpl.java:2232)
	at com.mysql.jdbc.ConnectionImpl.connectOneTryOnly(ConnectionImpl.java:2265)
	at com.mysql.jdbc.ConnectionImpl.createNewIO(ConnectionImpl.java:2064)
	at com.mysql.jdbc.ConnectionImpl.<init>(ConnectionImpl.java:790)
	at com.mysql.jdbc.JDBC4Connection.<init>(JDBC4Connection.java:44)
	at sun.reflect.GeneratedConstructorAccessor175.newInstance(Unknown Source)
	at sun.reflect.DelegatingConstructorAccessorImpl.newInstance(DelegatingConstructorAccessorImpl.java:45)
	at java.lang.reflect.Constructor.newInstance(Constructor.java:423)
	at com.mysql.jdbc.Util.handleNewInstance(Util.java:377)
	at com.mysql.jdbc.ConnectionImpl.getInstance(ConnectionImpl.java:395)
	at com.mysql.jdbc.NonRegisteringDriver.connect(NonRegisteringDriver.java:325)
	at com.alibaba.druid.filter.FilterChainImpl.connection_connect(FilterChainImpl.java:148)
	at com.alibaba.druid.filter.stat.StatFilter.connection_connect(StatFilter.java:220)
	at com.alibaba.druid.filter.FilterChainImpl.connection_connect(FilterChainImpl.java:142)
	at com.alibaba.druid.pool.DruidAbstractDataSource.createPhysicalConnection(DruidAbstractDataSource.java:1463)
	at com.alibaba.druid.pool.DruidAbstractDataSource.createPhysicalConnection(DruidAbstractDataSource.java:1525)
	at com.alibaba.druid.pool.DruidDataSource$CreateConnectionThread.run(DruidDataSource.java:2100)
Caused by: java.net.ConnectException: Connection refused: connect
	at java.net.DualStackPlainSocketImpl.connect0(Native Method)
	at java.net.DualStackPlainSocketImpl.socketConnect(DualStackPlainSocketImpl.java:79)
	at java.net.AbstractPlainSocketImpl.doConnect(AbstractPlainSocketImpl.java:350)
	at java.net.AbstractPlainSocketImpl.connectToAddress(AbstractPlainSocketImpl.java:206)
	at java.net.AbstractPlainSocketImpl.connect(AbstractPlainSocketImpl.java:188)
	at java.net.PlainSocketImpl.connect(PlainSocketImpl.java:172)
	at java.net.SocksSocketImpl.connect(SocksSocketImpl.java:392)
	at java.net.Socket.connect(Socket.java:589)
	at com.mysql.jdbc.StandardSocketFactory.connect(StandardSocketFactory.java:213)
	at com.mysql.jdbc.MysqlIO.<init>(MysqlIO.java:297)
	... 17 more
2026-05-06 11:07:52 ERROR rankBossTimeOut 1001 
2026-05-06 11:07:59 ERROR create connection error, url: jdbc:mysql://localhost:3306/sanguo_game?useUnicode=true&characterEncoding=utf8, errorCode 0, state 08S01
com.mysql.jdbc.exceptions.jdbc4.CommunicationsException: Communications link failure

The last packet sent successfully to the server was 0 milliseconds ago. The driver has not received any packets from the server.
	at sun.reflect.GeneratedConstructorAccessor174.newInstance(Unknown Source)
	at sun.reflect.DelegatingConstructorAccessorImpl.newInstance(DelegatingConstructorAccessorImpl.java:45)
	at java.lang.reflect.Constructor.newInstance(Constructor.java:423)
	at com.mysql.jdbc.Util.handleNewInstance(Util.java:377)
	at com.mysql.jdbc.SQLError.createCommunicationsException(SQLError.java:1036)
	at com.mysql.jdbc.MysqlIO.<init>(MysqlIO.java:338)
	at com.mysql.jdbc.ConnectionImpl.coreConnect(ConnectionImpl.java:2232)
	at com.mysql.jdbc.ConnectionImpl.connectOneTryOnly(ConnectionImpl.java:2265)
	at com.mysql.jdbc.ConnectionImpl.createNewIO(ConnectionImpl.java:2064)
	at com.mysql.jdbc.ConnectionImpl.<init>(ConnectionImpl.java:790)
	at com.mysql.jdbc.JDBC4Connection.<init>(JDBC4Connection.java:44)
	at sun.reflect.GeneratedConstructorAccessor175.newInstance(Unknown Source)
	at sun.reflect.DelegatingConstructorAccessorImpl.newInstance(DelegatingConstructorAccessorImpl.java:45)
	at java.lang.reflect.Constructor.newInstance(Constructor.java:423)
	at com.mysql.jdbc.Util.handleNewInstance(Util.java:377)
	at com.mysql.jdbc.ConnectionImpl.getInstance(ConnectionImpl.java:395)
	at com.mysql.jdbc.NonRegisteringDriver.connect(NonRegisteringDriver.java:325)
	at com.alibaba.druid.filter.FilterChainImpl.connection_connect(FilterChainImpl.java:148)
	at com.alibaba.druid.filter.stat.StatFilter.connection_connect(StatFilter.java:220)
	at com.alibaba.druid.filter.FilterChainImpl.connection_connect(FilterChainImpl.java:142)
	at com.alibaba.druid.pool.DruidAbstractDataSource.createPhysicalConnection(DruidAbstractDataSource.java:1463)
	at com.alibaba.druid.pool.DruidAbstractDataSource.createPhysicalConnection(DruidAbstractDataSource.java:1525)
	at com.alibaba.druid.pool.DruidDataSource$CreateConnectionThread.run(DruidDataSource.java:2100)
Caused by: java.net.ConnectException: Connection refused: connect
	at java.net.DualStackPlainSocketImpl.connect0(Native Method)
	at java.net.DualStackPlainSocketImpl.socketConnect(DualStackPlainSocketImpl.java:79)
	at java.net.AbstractPlainSocketImpl.doConnect(AbstractPlainSocketImpl.java:350)
	at java.net.AbstractPlainSocketImpl.connectToAddress(AbstractPlainSocketImpl.java:206)
	at java.net.AbstractPlainSocketImpl.connect(AbstractPlainSocketImpl.java:188)
	at java.net.PlainSocketImpl.connect(PlainSocketImpl.java:172)
	at java.net.SocksSocketImpl.connect(SocksSocketImpl.java:392)
	at java.net.Socket.connect(Socket.java:589)
	at com.mysql.jdbc.StandardSocketFactory.connect(StandardSocketFactory.java:213)
	at com.mysql.jdbc.MysqlIO.<init>(MysqlIO.java:297)
	... 17 more
2026-05-06 11:08:34 ERROR create connection error, url: jdbc:mysql://localhost:3306/sanguo_game?useUnicode=true&characterEncoding=utf8, errorCode 0, state 08S01
com.mysql.jdbc.exceptions.jdbc4.CommunicationsException: Communications link failure

The last packet sent successfully to the server was 0 milliseconds ago. The driver has not received any packets from the server.
	at sun.reflect.GeneratedConstructorAccessor174.newInstance(Unknown Source)
	at sun.reflect.DelegatingConstructorAccessorImpl.newInstance(DelegatingConstructorAccessorImpl.java:45)
	at java.lang.reflect.Constructor.newInstance(Constructor.java:423)
	at com.mysql.jdbc.Util.handleNewInstance(Util.java:377)
	at com.mysql.jdbc.SQLError.createCommunicationsException(SQLError.java:1036)
	at com.mysql.jdbc.MysqlIO.<init>(MysqlIO.java:338)
	at com.mysql.jdbc.ConnectionImpl.coreConnect(ConnectionImpl.java:2232)
	at com.mysql.jdbc.ConnectionImpl.connectOneTryOnly(ConnectionImpl.java:2265)
	at com.mysql.jdbc.ConnectionImpl.createNewIO(ConnectionImpl.java:2064)
	at com.mysql.jdbc.ConnectionImpl.<init>(ConnectionImpl.java:790)
	at com.mysql.jdbc.JDBC4Connection.<init>(JDBC4Connection.java:44)
	at sun.reflect.GeneratedConstructorAccessor175.newInstance(Unknown Source)
	at sun.reflect.DelegatingConstructorAccessorImpl.newInstance(DelegatingConstructorAccessorImpl.java:45)
	at java.lang.reflect.Constructor.newInstance(Constructor.java:423)
	at com.mysql.jdbc.Util.handleNewInstance(Util.java:377)
	at com.mysql.jdbc.ConnectionImpl.getInstance(ConnectionImpl.java:395)
	at com.mysql.jdbc.NonRegisteringDriver.connect(NonRegisteringDriver.java:325)
	at com.alibaba.druid.filter.FilterChainImpl.connection_connect(FilterChainImpl.java:148)
	at com.alibaba.druid.filter.stat.StatFilter.connection_connect(StatFilter.java:220)
	at com.alibaba.druid.filter.FilterChainImpl.connection_connect(FilterChainImpl.java:142)
	at com.alibaba.druid.pool.DruidAbstractDataSource.createPhysicalConnection(DruidAbstractDataSource.java:1463)
	at com.alibaba.druid.pool.DruidAbstractDataSource.createPhysicalConnection(DruidAbstractDataSource.java:1525)
	at com.alibaba.druid.pool.DruidDataSource$CreateConnectionThread.run(DruidDataSource.java:2100)
Caused by: java.net.ConnectException: Connection refused: connect
	at java.net.DualStackPlainSocketImpl.connect0(Native Method)
	at java.net.DualStackPlainSocketImpl.socketConnect(DualStackPlainSocketImpl.java:79)
	at java.net.AbstractPlainSocketImpl.doConnect(AbstractPlainSocketImpl.java:350)
	at java.net.AbstractPlainSocketImpl.connectToAddress(AbstractPlainSocketImpl.java:206)
	at java.net.AbstractPlainSocketImpl.connect(AbstractPlainSocketImpl.java:188)
	at java.net.PlainSocketImpl.connect(PlainSocketImpl.java:172)
	at java.net.SocksSocketImpl.connect(SocksSocketImpl.java:392)
	at java.net.Socket.connect(Socket.java:589)
	at com.mysql.jdbc.StandardSocketFactory.connect(StandardSocketFactory.java:213)
	at com.mysql.jdbc.MysqlIO.<init>(MysqlIO.java:297)
	... 17 more
2026-05-06 11:08:52 ERROR rankBossReBorn 1001 
2026-05-06 11:08:52 ERROR rankBossTimeOut 1002 
2026-05-06 11:08:52 ERROR rankBossReBorn 1004 
2026-05-06 11:08:52 ERROR rankBossTimeOut 1014 
2026-05-06 11:09:08 ERROR create connection error, url: jdbc:mysql://localhost:3306/sanguo_game?useUnicode=true&characterEncoding=utf8, errorCode 0, state 08S01
com.mysql.jdbc.exceptions.jdbc4.CommunicationsException: Communications link failure

The last packet sent successfully to the server was 0 milliseconds ago. The driver has not received any packets from the server.
	at sun.reflect.GeneratedConstructorAccessor174.newInstance(Unknown Source)
	at sun.reflect.DelegatingConstructorAccessorImpl.newInstance(DelegatingConstructorAccessorImpl.java:45)
	at java.lang.reflect.Constructor.newInstance(Constructor.java:423)
	at com.mysql.jdbc.Util.handleNewInstance(Util.java:377)
	at com.mysql.jdbc.SQLError.createCommunicationsException(SQLError.java:1036)
	at com.mysql.jdbc.MysqlIO.<init>(MysqlIO.java:338)
	at com.mysql.jdbc.ConnectionImpl.coreConnect(ConnectionImpl.java:2232)
	at com.mysql.jdbc.ConnectionImpl.connectOneTryOnly(ConnectionImpl.java:2265)
	at com.mysql.jdbc.ConnectionImpl.createNewIO(ConnectionImpl.java:2064)
	at com.mysql.jdbc.ConnectionImpl.<init>(ConnectionImpl.java:790)
	at com.mysql.jdbc.JDBC4Connection.<init>(JDBC4Connection.java:44)
	at sun.reflect.GeneratedConstructorAccessor175.newInstance(Unknown Source)
	at sun.reflect.DelegatingConstructorAccessorImpl.newInstance(DelegatingConstructorAccessorImpl.java:45)
	at java.lang.reflect.Constructor.newInstance(Constructor.java:423)
	at com.mysql.jdbc.Util.handleNewInstance(Util.java:377)
	at com.mysql.jdbc.ConnectionImpl.getInstance(ConnectionImpl.java:395)
	at com.mysql.jdbc.NonRegisteringDriver.connect(NonRegisteringDriver.java:325)
	at com.alibaba.druid.filter.FilterChainImpl.connection_connect(FilterChainImpl.java:148)
	at com.alibaba.druid.filter.stat.StatFilter.connection_connect(StatFilter.java:220)
	at com.alibaba.druid.filter.FilterChainImpl.connection_connect(FilterChainImpl.java:142)
	at com.alibaba.druid.pool.DruidAbstractDataSource.createPhysicalConnection(DruidAbstractDataSource.java:1463)
	at com.alibaba.druid.pool.DruidAbstractDataSource.createPhysicalConnection(DruidAbstractDataSource.java:1525)
	at com.alibaba.druid.pool.DruidDataSource$CreateConnectionThread.run(DruidDataSource.java:2100)
Caused by: java.net.ConnectException: Connection refused: connect
	at java.net.DualStackPlainSocketImpl.connect0(Native Method)
	at java.net.DualStackPlainSocketImpl.socketConnect(DualStackPlainSocketImpl.java:79)
	at java.net.AbstractPlainSocketImpl.doConnect(AbstractPlainSocketImpl.java:350)
	at java.net.AbstractPlainSocketImpl.connectToAddress(AbstractPlainSocketImpl.java:206)
	at java.net.AbstractPlainSocketImpl.connect(AbstractPlainSocketImpl.java:188)
	at java.net.PlainSocketImpl.connect(PlainSocketImpl.java:172)
	at java.net.SocksSocketImpl.connect(SocksSocketImpl.java:392)
	at java.net.Socket.connect(Socket.java:589)
	at com.mysql.jdbc.StandardSocketFactory.connect(StandardSocketFactory.java:213)
	at com.mysql.jdbc.MysqlIO.<init>(MysqlIO.java:297)
	... 17 more
2026-05-06 11:09:42 ERROR rankBossReBorn 1009 
2026-05-06 11:09:42 ERROR create connection error, url: jdbc:mysql://localhost:3306/sanguo_game?useUnicode=true&characterEncoding=utf8, errorCode 0, state 08S01
com.mysql.jdbc.exceptions.jdbc4.CommunicationsException: Communications link failure

The last packet sent successfully to the server was 0 milliseconds ago. The driver has not received any packets from the server.
	at sun.reflect.GeneratedConstructorAccessor174.newInstance(Unknown Source)
	at sun.reflect.DelegatingConstructorAccessorImpl.newInstance(DelegatingConstructorAccessorImpl.java:45)
	at java.lang.reflect.Constructor.newInstance(Constructor.java:423)
	at com.mysql.jdbc.Util.handleNewInstance(Util.java:377)
	at com.mysql.jdbc.SQLError.createCommunicationsException(SQLError.java:1036)
	at com.mysql.jdbc.MysqlIO.<init>(MysqlIO.java:338)
	at com.mysql.jdbc.ConnectionImpl.coreConnect(ConnectionImpl.java:2232)
	at com.mysql.jdbc.ConnectionImpl.connectOneTryOnly(ConnectionImpl.java:2265)
	at com.mysql.jdbc.ConnectionImpl.createNewIO(ConnectionImpl.java:2064)
	at com.mysql.jdbc.ConnectionImpl.<init>(ConnectionImpl.java:790)
	at com.mysql.jdbc.JDBC4Connection.<init>(JDBC4Connection.java:44)
	at sun.reflect.GeneratedConstructorAccessor175.newInstance(Unknown Source)
	at sun.reflect.DelegatingConstructorAccessorImpl.newInstance(DelegatingConstructorAccessorImpl.java:45)
	at java.lang.reflect.Constructor.newInstance(Constructor.java:423)
	at com.mysql.jdbc.Util.handleNewInstance(Util.java:377)
	at com.mysql.jdbc.ConnectionImpl.getInstance(ConnectionImpl.java:395)
	at com.mysql.jdbc.NonRegisteringDriver.connect(NonRegisteringDriver.java:325)
	at com.alibaba.druid.filter.FilterChainImpl.connection_connect(FilterChainImpl.java:148)
	at com.alibaba.druid.filter.stat.StatFilter.connection_connect(StatFilter.java:220)
	at com.alibaba.druid.filter.FilterChainImpl.connection_connect(FilterChainImpl.java:142)
	at com.alibaba.druid.pool.DruidAbstractDataSource.createPhysicalConnection(DruidAbstractDataSource.java:1463)
	at com.alibaba.druid.pool.DruidAbstractDataSource.createPhysicalConnection(DruidAbstractDataSource.java:1525)
	at com.alibaba.druid.pool.DruidDataSource$CreateConnectionThread.run(DruidDataSource.java:2100)
Caused by: java.net.ConnectException: Connection refused: connect
	at java.net.DualStackPlainSocketImpl.connect0(Native Method)
	at java.net.DualStackPlainSocketImpl.socketConnect(DualStackPlainSocketImpl.java:79)
	at java.net.AbstractPlainSocketImpl.doConnect(AbstractPlainSocketImpl.java:350)
	at java.net.AbstractPlainSocketImpl.connectToAddress(AbstractPlainSocketImpl.java:206)
	at java.net.AbstractPlainSocketImpl.connect(AbstractPlainSocketImpl.java:188)
	at java.net.PlainSocketImpl.connect(PlainSocketImpl.java:172)
	at java.net.SocksSocketImpl.connect(SocksSocketImpl.java:392)
	at java.net.Socket.connect(Socket.java:589)
	at com.mysql.jdbc.StandardSocketFactory.connect(StandardSocketFactory.java:213)
	at com.mysql.jdbc.MysqlIO.<init>(MysqlIO.java:297)
	... 17 more
2026-05-06 11:10:16 ERROR create connection error, url: jdbc:mysql://localhost:3306/sanguo_game?useUnicode=true&characterEncoding=utf8, errorCode 0, state 08S01
com.mysql.jdbc.exceptions.jdbc4.CommunicationsException: Communications link failure

The last packet sent successfully to the server was 0 milliseconds ago. The driver has not received any packets from the server.
	at sun.reflect.GeneratedConstructorAccessor174.newInstance(Unknown Source)
	at sun.reflect.DelegatingConstructorAccessorImpl.newInstance(DelegatingConstructorAccessorImpl.java:45)
	at java.lang.reflect.Constructor.newInstance(Constructor.java:423)
	at com.mysql.jdbc.Util.handleNewInstance(Util.java:377)
	at com.mysql.jdbc.SQLError.createCommunicationsException(SQLError.java:1036)
	at com.mysql.jdbc.MysqlIO.<init>(MysqlIO.java:338)
	at com.mysql.jdbc.ConnectionImpl.coreConnect(ConnectionImpl.java:2232)
	at com.mysql.jdbc.ConnectionImpl.connectOneTryOnly(ConnectionImpl.java:2265)
	at com.mysql.jdbc.ConnectionImpl.createNewIO(ConnectionImpl.java:2064)
	at com.mysql.jdbc.ConnectionImpl.<init>(ConnectionImpl.java:790)
	at com.mysql.jdbc.JDBC4Connection.<init>(JDBC4Connection.java:44)
	at sun.reflect.GeneratedConstructorAccessor175.newInstance(Unknown Source)
	at sun.reflect.DelegatingConstructorAccessorImpl.newInstance(DelegatingConstructorAccessorImpl.java:45)
	at java.lang.reflect.Constructor.newInstance(Constructor.java:423)
	at com.mysql.jdbc.Util.handleNewInstance(Util.java:377)
	at com.mysql.jdbc.ConnectionImpl.getInstance(ConnectionImpl.java:395)
	at com.mysql.jdbc.NonRegisteringDriver.connect(NonRegisteringDriver.java:325)
	at com.alibaba.druid.filter.FilterChainImpl.connection_connect(FilterChainImpl.java:148)
	at com.alibaba.druid.filter.stat.StatFilter.connection_connect(StatFilter.java:220)
	at com.alibaba.druid.filter.FilterChainImpl.connection_connect(FilterChainImpl.java:142)
	at com.alibaba.druid.pool.DruidAbstractDataSource.createPhysicalConnection(DruidAbstractDataSource.java:1463)
	at com.alibaba.druid.pool.DruidAbstractDataSource.createPhysicalConnection(DruidAbstractDataSource.java:1525)
	at com.alibaba.druid.pool.DruidDataSource$CreateConnectionThread.run(DruidDataSource.java:2100)
Caused by: java.net.ConnectException: Connection refused: connect
	at java.net.DualStackPlainSocketImpl.connect0(Native Method)
	at java.net.DualStackPlainSocketImpl.socketConnect(DualStackPlainSocketImpl.java:79)
	at java.net.AbstractPlainSocketImpl.doConnect(AbstractPlainSocketImpl.java:350)
	at java.net.AbstractPlainSocketImpl.connectToAddress(AbstractPlainSocketImpl.java:206)
	at java.net.AbstractPlainSocketImpl.connect(AbstractPlainSocketImpl.java:188)
	at java.net.PlainSocketImpl.connect(PlainSocketImpl.java:172)
	at java.net.SocksSocketImpl.connect(SocksSocketImpl.java:392)
	at java.net.Socket.connect(Socket.java:589)
	at com.mysql.jdbc.StandardSocketFactory.connect(StandardSocketFactory.java:213)
	at com.mysql.jdbc.MysqlIO.<init>(MysqlIO.java:297)
	... 17 more
2026-05-06 11:10:32 ERROR rankBossTimeOut 1001 
2026-05-06 11:10:32 ERROR rankBossTimeOut 1015 
2026-05-06 11:10:51 ERROR create connection error, url: jdbc:mysql://localhost:3306/sanguo_game?useUnicode=true&characterEncoding=utf8, errorCode 0, state 08S01
com.mysql.jdbc.exceptions.jdbc4.CommunicationsException: Communications link failure

The last packet sent successfully to the server was 0 milliseconds ago. The driver has not received any packets from the server.
	at sun.reflect.GeneratedConstructorAccessor174.newInstance(Unknown Source)
	at sun.reflect.DelegatingConstructorAccessorImpl.newInstance(DelegatingConstructorAccessorImpl.java:45)
	at java.lang.reflect.Constructor.newInstance(Constructor.java:423)
	at com.mysql.jdbc.Util.handleNewInstance(Util.java:377)
	at com.mysql.jdbc.SQLError.createCommunicationsException(SQLError.java:1036)
	at com.mysql.jdbc.MysqlIO.<init>(MysqlIO.java:338)
	at com.mysql.jdbc.ConnectionImpl.coreConnect(ConnectionImpl.java:2232)
	at com.mysql.jdbc.ConnectionImpl.connectOneTryOnly(ConnectionImpl.java:2265)
	at com.mysql.jdbc.ConnectionImpl.createNewIO(ConnectionImpl.java:2064)
	at com.mysql.jdbc.ConnectionImpl.<init>(ConnectionImpl.java:790)
	at com.mysql.jdbc.JDBC4Connection.<init>(JDBC4Connection.java:44)
	at sun.reflect.GeneratedConstructorAccessor175.newInstance(Unknown Source)
	at sun.reflect.DelegatingConstructorAccessorImpl.newInstance(DelegatingConstructorAccessorImpl.java:45)
	at java.lang.reflect.Constructor.newInstance(Constructor.java:423)
	at com.mysql.jdbc.Util.handleNewInstance(Util.java:377)
	at com.mysql.jdbc.ConnectionImpl.getInstance(ConnectionImpl.java:395)
	at com.mysql.jdbc.NonRegisteringDriver.connect(NonRegisteringDriver.java:325)
	at com.alibaba.druid.filter.FilterChainImpl.connection_connect(FilterChainImpl.java:148)
	at com.alibaba.druid.filter.stat.StatFilter.connection_connect(StatFilter.java:220)
	at com.alibaba.druid.filter.FilterChainImpl.connection_connect(FilterChainImpl.java:142)
	at com.alibaba.druid.pool.DruidAbstractDataSource.createPhysicalConnection(DruidAbstractDataSource.java:1463)
	at com.alibaba.druid.pool.DruidAbstractDataSource.createPhysicalConnection(DruidAbstractDataSource.java:1525)
	at com.alibaba.druid.pool.DruidDataSource$CreateConnectionThread.run(DruidDataSource.java:2100)
Caused by: java.net.ConnectException: Connection refused: connect
	at java.net.DualStackPlainSocketImpl.connect0(Native Method)
	at java.net.DualStackPlainSocketImpl.socketConnect(DualStackPlainSocketImpl.java:79)
	at java.net.AbstractPlainSocketImpl.doConnect(AbstractPlainSocketImpl.java:350)
	at java.net.AbstractPlainSocketImpl.connectToAddress(AbstractPlainSocketImpl.java:206)
	at java.net.AbstractPlainSocketImpl.connect(AbstractPlainSocketImpl.java:188)
	at java.net.PlainSocketImpl.connect(PlainSocketImpl.java:172)
	at java.net.SocksSocketImpl.connect(SocksSocketImpl.java:392)
	at java.net.Socket.connect(Socket.java:589)
	at com.mysql.jdbc.StandardSocketFactory.connect(StandardSocketFactory.java:213)
	at com.mysql.jdbc.MysqlIO.<init>(MysqlIO.java:297)
	... 17 more
2026-05-06 11:11:22 ERROR rankBossReBorn 1002 
2026-05-06 11:11:22 ERROR rankBossTimeOut 1005 
2026-05-06 11:11:25 ERROR create connection error, url: jdbc:mysql://localhost:3306/sanguo_game?useUnicode=true&characterEncoding=utf8, errorCode 0, state 08S01
com.mysql.jdbc.exceptions.jdbc4.CommunicationsException: Communications link failure

The last packet sent successfully to the server was 0 milliseconds ago. The driver has not received any packets from the server.
	at sun.reflect.GeneratedConstructorAccessor174.newInstance(Unknown Source)
	at sun.reflect.DelegatingConstructorAccessorImpl.newInstance(DelegatingConstructorAccessorImpl.java:45)
	at java.lang.reflect.Constructor.newInstance(Constructor.java:423)
	at com.mysql.jdbc.Util.handleNewInstance(Util.java:377)
	at com.mysql.jdbc.SQLError.createCommunicationsException(SQLError.java:1036)
	at com.mysql.jdbc.MysqlIO.<init>(MysqlIO.java:338)
	at com.mysql.jdbc.ConnectionImpl.coreConnect(ConnectionImpl.java:2232)
	at com.mysql.jdbc.ConnectionImpl.connectOneTryOnly(ConnectionImpl.java:2265)
	at com.mysql.jdbc.ConnectionImpl.createNewIO(ConnectionImpl.java:2064)
	at com.mysql.jdbc.ConnectionImpl.<init>(ConnectionImpl.java:790)
	at com.mysql.jdbc.JDBC4Connection.<init>(JDBC4Connection.java:44)
	at sun.reflect.GeneratedConstructorAccessor175.newInstance(Unknown Source)
	at sun.reflect.DelegatingConstructorAccessorImpl.newInstance(DelegatingConstructorAccessorImpl.java:45)
	at java.lang.reflect.Constructor.newInstance(Constructor.java:423)
	at com.mysql.jdbc.Util.handleNewInstance(Util.java:377)
	at com.mysql.jdbc.ConnectionImpl.getInstance(ConnectionImpl.java:395)
	at com.mysql.jdbc.NonRegisteringDriver.connect(NonRegisteringDriver.java:325)
	at com.alibaba.druid.filter.FilterChainImpl.connection_connect(FilterChainImpl.java:148)
	at com.alibaba.druid.filter.stat.StatFilter.connection_connect(StatFilter.java:220)
	at com.alibaba.druid.filter.FilterChainImpl.connection_connect(FilterChainImpl.java:142)
	at com.alibaba.druid.pool.DruidAbstractDataSource.createPhysicalConnection(DruidAbstractDataSource.java:1463)
	at com.alibaba.druid.pool.DruidAbstractDataSource.createPhysicalConnection(DruidAbstractDataSource.java:1525)
	at com.alibaba.druid.pool.DruidDataSource$CreateConnectionThread.run(DruidDataSource.java:2100)
Caused by: java.net.ConnectException: Connection refused: connect
	at java.net.DualStackPlainSocketImpl.connect0(Native Method)
	at java.net.DualStackPlainSocketImpl.socketConnect(DualStackPlainSocketImpl.java:79)
	at java.net.AbstractPlainSocketImpl.doConnect(AbstractPlainSocketImpl.java:350)
	at java.net.AbstractPlainSocketImpl.connectToAddress(AbstractPlainSocketImpl.java:206)
	at java.net.AbstractPlainSocketImpl.connect(AbstractPlainSocketImpl.java:188)
	at java.net.PlainSocketImpl.connect(PlainSocketImpl.java:172)
	at java.net.SocksSocketImpl.connect(SocksSocketImpl.java:392)
	at java.net.Socket.connect(Socket.java:589)
	at com.mysql.jdbc.StandardSocketFactory.connect(StandardSocketFactory.java:213)
	at com.mysql.jdbc.MysqlIO.<init>(MysqlIO.java:297)
	... 17 more
2026-05-06 11:11:32 ERROR rankBossReBorn 1001 
2026-05-06 11:11:59 ERROR create connection error, url: jdbc:mysql://localhost:3306/sanguo_game?useUnicode=true&characterEncoding=utf8, errorCode 0, state 08S01
com.mysql.jdbc.exceptions.jdbc4.CommunicationsException: Communications link failure

The last packet sent successfully to the server was 0 milliseconds ago. The driver has not received any packets from the server.
	at sun.reflect.GeneratedConstructorAccessor174.newInstance(Unknown Source)
	at sun.reflect.DelegatingConstructorAccessorImpl.newInstance(DelegatingConstructorAccessorImpl.java:45)
	at java.lang.reflect.Constructor.newInstance(Constructor.java:423)
	at com.mysql.jdbc.Util.handleNewInstance(Util.java:377)
	at com.mysql.jdbc.SQLError.createCommunicationsException(SQLError.java:1036)
	at com.mysql.jdbc.MysqlIO.<init>(MysqlIO.java:338)
	at com.mysql.jdbc.ConnectionImpl.coreConnect(ConnectionImpl.java:2232)
	at com.mysql.jdbc.ConnectionImpl.connectOneTryOnly(ConnectionImpl.java:2265)
	at com.mysql.jdbc.ConnectionImpl.createNewIO(ConnectionImpl.java:2064)
	at com.mysql.jdbc.ConnectionImpl.<init>(ConnectionImpl.java:790)
	at com.mysql.jdbc.JDBC4Connection.<init>(JDBC4Connection.java:44)
	at sun.reflect.GeneratedConstructorAccessor175.newInstance(Unknown Source)
	at sun.reflect.DelegatingConstructorAccessorImpl.newInstance(DelegatingConstructorAccessorImpl.java:45)
	at java.lang.reflect.Constructor.newInstance(Constructor.java:423)
	at com.mysql.jdbc.Util.handleNewInstance(Util.java:377)
	at com.mysql.jdbc.ConnectionImpl.getInstance(ConnectionImpl.java:395)
	at com.mysql.jdbc.NonRegisteringDriver.connect(NonRegisteringDriver.java:325)
	at com.alibaba.druid.filter.FilterChainImpl.connection_connect(FilterChainImpl.java:148)
	at com.alibaba.druid.filter.stat.StatFilter.connection_connect(StatFilter.java:220)
	at com.alibaba.druid.filter.FilterChainImpl.connection_connect(FilterChainImpl.java:142)
	at com.alibaba.druid.pool.DruidAbstractDataSource.createPhysicalConnection(DruidAbstractDataSource.java:1463)
	at com.alibaba.druid.pool.DruidAbstractDataSource.createPhysicalConnection(DruidAbstractDataSource.java:1525)
	at com.alibaba.druid.pool.DruidDataSource$CreateConnectionThread.run(DruidDataSource.java:2100)
Caused by: java.net.ConnectException: Connection refused: connect
	at java.net.DualStackPlainSocketImpl.connect0(Native Method)
	at java.net.DualStackPlainSocketImpl.socketConnect(DualStackPlainSocketImpl.java:79)
	at java.net.AbstractPlainSocketImpl.doConnect(AbstractPlainSocketImpl.java:350)
	at java.net.AbstractPlainSocketImpl.connectToAddress(AbstractPlainSocketImpl.java:206)
	at java.net.AbstractPlainSocketImpl.connect(AbstractPlainSocketImpl.java:188)
	at java.net.PlainSocketImpl.connect(PlainSocketImpl.java:172)
	at java.net.SocksSocketImpl.connect(SocksSocketImpl.java:392)
	at java.net.Socket.connect(Socket.java:589)
	at com.mysql.jdbc.StandardSocketFactory.connect(StandardSocketFactory.java:213)
	at com.mysql.jdbc.MysqlIO.<init>(MysqlIO.java:297)
	... 17 more
2026-05-06 11:12:12 ERROR rankBossTimeOut 1003 
2026-05-06 11:12:12 ERROR rankBossReBorn 1010 
2026-05-06 11:12:12 ERROR rankBossTimeOut 1016 
2026-05-06 11:12:33 ERROR create connection error, url: jdbc:mysql://localhost:3306/sanguo_game?useUnicode=true&characterEncoding=utf8, errorCode 0, state 08S01
com.mysql.jdbc.exceptions.jdbc4.CommunicationsException: Communications link failure

The last packet sent successfully to the server was 0 milliseconds ago. The driver has not received any packets from the server.
	at sun.reflect.GeneratedConstructorAccessor174.newInstance(Unknown Source)
	at sun.reflect.DelegatingConstructorAccessorImpl.newInstance(DelegatingConstructorAccessorImpl.java:45)
	at java.lang.reflect.Constructor.newInstance(Constructor.java:423)
	at com.mysql.jdbc.Util.handleNewInstance(Util.java:377)
	at com.mysql.jdbc.SQLError.createCommunicationsException(SQLError.java:1036)
	at com.mysql.jdbc.MysqlIO.<init>(MysqlIO.java:338)
	at com.mysql.jdbc.ConnectionImpl.coreConnect(ConnectionImpl.java:2232)
	at com.mysql.jdbc.ConnectionImpl.connectOneTryOnly(ConnectionImpl.java:2265)
	at com.mysql.jdbc.ConnectionImpl.createNewIO(ConnectionImpl.java:2064)
	at com.mysql.jdbc.ConnectionImpl.<init>(ConnectionImpl.java:790)
	at com.mysql.jdbc.JDBC4Connection.<init>(JDBC4Connection.java:44)
	at sun.reflect.GeneratedConstructorAccessor175.newInstance(Unknown Source)
	at sun.reflect.DelegatingConstructorAccessorImpl.newInstance(DelegatingConstructorAccessorImpl.java:45)
	at java.lang.reflect.Constructor.newInstance(Constructor.java:423)
	at com.mysql.jdbc.Util.handleNewInstance(Util.java:377)
	at com.mysql.jdbc.ConnectionImpl.getInstance(ConnectionImpl.java:395)
	at com.mysql.jdbc.NonRegisteringDriver.connect(NonRegisteringDriver.java:325)
	at com.alibaba.druid.filter.FilterChainImpl.connection_connect(FilterChainImpl.java:148)
	at com.alibaba.druid.filter.stat.StatFilter.connection_connect(StatFilter.java:220)
	at com.alibaba.druid.filter.FilterChainImpl.connection_connect(FilterChainImpl.java:142)
	at com.alibaba.druid.pool.DruidAbstractDataSource.createPhysicalConnection(DruidAbstractDataSource.java:1463)
	at com.alibaba.druid.pool.DruidAbstractDataSource.createPhysicalConnection(DruidAbstractDataSource.java:1525)
	at com.alibaba.druid.pool.DruidDataSource$CreateConnectionThread.run(DruidDataSource.java:2100)
Caused by: java.net.ConnectException: Connection refused: connect
	at java.net.DualStackPlainSocketImpl.connect0(Native Method)
	at java.net.DualStackPlainSocketImpl.socketConnect(DualStackPlainSocketImpl.java:79)
	at java.net.AbstractPlainSocketImpl.doConnect(AbstractPlainSocketImpl.java:350)
	at java.net.AbstractPlainSocketImpl.connectToAddress(AbstractPlainSocketImpl.java:206)
	at java.net.AbstractPlainSocketImpl.connect(AbstractPlainSocketImpl.java:188)
	at java.net.PlainSocketImpl.connect(PlainSocketImpl.java:172)
	at java.net.SocksSocketImpl.connect(SocksSocketImpl.java:392)
	at java.net.Socket.connect(Socket.java:589)
	at com.mysql.jdbc.StandardSocketFactory.connect(StandardSocketFactory.java:213)
	at com.mysql.jdbc.MysqlIO.<init>(MysqlIO.java:297)
	... 17 more
2026-05-06 11:13:07 ERROR create connection error, url: jdbc:mysql://localhost:3306/sanguo_game?useUnicode=true&characterEncoding=utf8, errorCode 0, state 08S01
com.mysql.jdbc.exceptions.jdbc4.CommunicationsException: Communications link failure

The last packet sent successfully to the server was 0 milliseconds ago. The driver has not received any packets from the server.
	at sun.reflect.GeneratedConstructorAccessor174.newInstance(Unknown Source)
	at sun.reflect.DelegatingConstructorAccessorImpl.newInstance(DelegatingConstructorAccessorImpl.java:45)
	at java.lang.reflect.Constructor.newInstance(Constructor.java:423)
	at com.mysql.jdbc.Util.handleNewInstance(Util.java:377)
	at com.mysql.jdbc.SQLError.createCommunicationsException(SQLError.java:1036)
	at com.mysql.jdbc.MysqlIO.<init>(MysqlIO.java:338)
	at com.mysql.jdbc.ConnectionImpl.coreConnect(ConnectionImpl.java:2232)
	at com.mysql.jdbc.ConnectionImpl.connectOneTryOnly(ConnectionImpl.java:2265)
	at com.mysql.jdbc.ConnectionImpl.createNewIO(ConnectionImpl.java:2064)
	at com.mysql.jdbc.ConnectionImpl.<init>(ConnectionImpl.java:790)
	at com.mysql.jdbc.JDBC4Connection.<init>(JDBC4Connection.java:44)
	at sun.reflect.GeneratedConstructorAccessor175.newInstance(Unknown Source)
	at sun.reflect.DelegatingConstructorAccessorImpl.newInstance(DelegatingConstructorAccessorImpl.java:45)
	at java.lang.reflect.Constructor.newInstance(Constructor.java:423)
	at com.mysql.jdbc.Util.handleNewInstance(Util.java:377)
	at com.mysql.jdbc.ConnectionImpl.getInstance(ConnectionImpl.java:395)
	at com.mysql.jdbc.NonRegisteringDriver.connect(NonRegisteringDriver.java:325)
	at com.alibaba.druid.filter.FilterChainImpl.connection_connect(FilterChainImpl.java:148)
	at com.alibaba.druid.filter.stat.StatFilter.connection_connect(StatFilter.java:220)
	at com.alibaba.druid.filter.FilterChainImpl.connection_connect(FilterChainImpl.java:142)
	at com.alibaba.druid.pool.DruidAbstractDataSource.createPhysicalConnection(DruidAbstractDataSource.java:1463)
	at com.alibaba.druid.pool.DruidAbstractDataSource.createPhysicalConnection(DruidAbstractDataSource.java:1525)
	at com.alibaba.druid.pool.DruidDataSource$CreateConnectionThread.run(DruidDataSource.java:2100)
Caused by: java.net.ConnectException: Connection refused: connect
	at java.net.DualStackPlainSocketImpl.connect0(Native Method)
	at java.net.DualStackPlainSocketImpl.socketConnect(DualStackPlainSocketImpl.java:79)
	at java.net.AbstractPlainSocketImpl.doConnect(AbstractPlainSocketImpl.java:350)
	at java.net.AbstractPlainSocketImpl.connectToAddress(AbstractPlainSocketImpl.java:206)
	at java.net.AbstractPlainSocketImpl.connect(AbstractPlainSocketImpl.java:188)
	at java.net.PlainSocketImpl.connect(PlainSocketImpl.java:172)
	at java.net.SocksSocketImpl.connect(SocksSocketImpl.java:392)
	at java.net.Socket.connect(Socket.java:589)
	at com.mysql.jdbc.StandardSocketFactory.connect(StandardSocketFactory.java:213)
	at com.mysql.jdbc.MysqlIO.<init>(MysqlIO.java:297)
	... 17 more
2026-05-06 11:13:12 ERROR rankBossTimeOut 1001 
2026-05-06 11:13:41 ERROR create connection error, url: jdbc:mysql://localhost:3306/sanguo_game?useUnicode=true&characterEncoding=utf8, errorCode 0, state 08S01
com.mysql.jdbc.exceptions.jdbc4.CommunicationsException: Communications link failure

The last packet sent successfully to the server was 0 milliseconds ago. The driver has not received any packets from the server.
	at sun.reflect.GeneratedConstructorAccessor174.newInstance(Unknown Source)
	at sun.reflect.DelegatingConstructorAccessorImpl.newInstance(DelegatingConstructorAccessorImpl.java:45)
	at java.lang.reflect.Constructor.newInstance(Constructor.java:423)
	at com.mysql.jdbc.Util.handleNewInstance(Util.java:377)
	at com.mysql.jdbc.SQLError.createCommunicationsException(SQLError.java:1036)
	at com.mysql.jdbc.MysqlIO.<init>(MysqlIO.java:338)
	at com.mysql.jdbc.ConnectionImpl.coreConnect(ConnectionImpl.java:2232)
	at com.mysql.jdbc.ConnectionImpl.connectOneTryOnly(ConnectionImpl.java:2265)
	at com.mysql.jdbc.ConnectionImpl.createNewIO(ConnectionImpl.java:2064)
	at com.mysql.jdbc.ConnectionImpl.<init>(ConnectionImpl.java:790)
	at com.mysql.jdbc.JDBC4Connection.<init>(JDBC4Connection.java:44)
	at sun.reflect.GeneratedConstructorAccessor175.newInstance(Unknown Source)
	at sun.reflect.DelegatingConstructorAccessorImpl.newInstance(DelegatingConstructorAccessorImpl.java:45)
	at java.lang.reflect.Constructor.newInstance(Constructor.java:423)
	at com.mysql.jdbc.Util.handleNewInstance(Util.java:377)
	at com.mysql.jdbc.ConnectionImpl.getInstance(ConnectionImpl.java:395)
	at com.mysql.jdbc.NonRegisteringDriver.connect(NonRegisteringDriver.java:325)
	at com.alibaba.druid.filter.FilterChainImpl.connection_connect(FilterChainImpl.java:148)
	at com.alibaba.druid.filter.stat.StatFilter.connection_connect(StatFilter.java:220)
	at com.alibaba.druid.filter.FilterChainImpl.connection_connect(FilterChainImpl.java:142)
	at com.alibaba.druid.pool.DruidAbstractDataSource.createPhysicalConnection(DruidAbstractDataSource.java:1463)
	at com.alibaba.druid.pool.DruidAbstractDataSource.createPhysicalConnection(DruidAbstractDataSource.java:1525)
	at com.alibaba.druid.pool.DruidDataSource$CreateConnectionThread.run(DruidDataSource.java:2100)
Caused by: java.net.ConnectException: Connection refused: connect
	at java.net.DualStackPlainSocketImpl.connect0(Native Method)
	at java.net.DualStackPlainSocketImpl.socketConnect(DualStackPlainSocketImpl.java:79)
	at java.net.AbstractPlainSocketImpl.doConnect(AbstractPlainSocketImpl.java:350)
	at java.net.AbstractPlainSocketImpl.connectToAddress(AbstractPlainSocketImpl.java:206)
	at java.net.AbstractPlainSocketImpl.connect(AbstractPlainSocketImpl.java:188)
	at java.net.PlainSocketImpl.connect(PlainSocketImpl.java:172)
	at java.net.SocksSocketImpl.connect(SocksSocketImpl.java:392)
	at java.net.Socket.connect(Socket.java:589)
	at com.mysql.jdbc.StandardSocketFactory.connect(StandardSocketFactory.java:213)
	at com.mysql.jdbc.MysqlIO.<init>(MysqlIO.java:297)
	... 17 more
2026-05-06 11:13:52 ERROR rankBossTimeOut 1017 
2026-05-06 11:14:12 ERROR rankBossReBorn 1001 
2026-05-06 11:14:15 ERROR create connection error, url: jdbc:mysql://localhost:3306/sanguo_game?useUnicode=true&characterEncoding=utf8, errorCode 0, state 08S01
com.mysql.jdbc.exceptions.jdbc4.CommunicationsException: Communications link failure

The last packet sent successfully to the server was 0 milliseconds ago. The driver has not received any packets from the server.
	at sun.reflect.GeneratedConstructorAccessor174.newInstance(Unknown Source)
	at sun.reflect.DelegatingConstructorAccessorImpl.newInstance(DelegatingConstructorAccessorImpl.java:45)
	at java.lang.reflect.Constructor.newInstance(Constructor.java:423)
	at com.mysql.jdbc.Util.handleNewInstance(Util.java:377)
	at com.mysql.jdbc.SQLError.createCommunicationsException(SQLError.java:1036)
	at com.mysql.jdbc.MysqlIO.<init>(MysqlIO.java:338)
	at com.mysql.jdbc.ConnectionImpl.coreConnect(ConnectionImpl.java:2232)
	at com.mysql.jdbc.ConnectionImpl.connectOneTryOnly(ConnectionImpl.java:2265)
	at com.mysql.jdbc.ConnectionImpl.createNewIO(ConnectionImpl.java:2064)
	at com.mysql.jdbc.ConnectionImpl.<init>(ConnectionImpl.java:790)
	at com.mysql.jdbc.JDBC4Connection.<init>(JDBC4Connection.java:44)
	at sun.reflect.GeneratedConstructorAccessor175.newInstance(Unknown Source)
	at sun.reflect.DelegatingConstructorAccessorImpl.newInstance(DelegatingConstructorAccessorImpl.java:45)
	at java.lang.reflect.Constructor.newInstance(Constructor.java:423)
	at com.mysql.jdbc.Util.handleNewInstance(Util.java:377)
	at com.mysql.jdbc.ConnectionImpl.getInstance(ConnectionImpl.java:395)
	at com.mysql.jdbc.NonRegisteringDriver.connect(NonRegisteringDriver.java:325)
	at com.alibaba.druid.filter.FilterChainImpl.connection_connect(FilterChainImpl.java:148)
	at com.alibaba.druid.filter.stat.StatFilter.connection_connect(StatFilter.java:220)
	at com.alibaba.druid.filter.FilterChainImpl.connection_connect(FilterChainImpl.java:142)
	at com.alibaba.druid.pool.DruidAbstractDataSource.createPhysicalConnection(DruidAbstractDataSource.java:1463)
	at com.alibaba.druid.pool.DruidAbstractDataSource.createPhysicalConnection(DruidAbstractDataSource.java:1525)
	at com.alibaba.druid.pool.DruidDataSource$CreateConnectionThread.run(DruidDataSource.java:2100)
Caused by: java.net.ConnectException: Connection refused: connect
	at java.net.DualStackPlainSocketImpl.connect0(Native Method)
	at java.net.DualStackPlainSocketImpl.socketConnect(DualStackPlainSocketImpl.java:79)
	at java.net.AbstractPlainSocketImpl.doConnect(AbstractPlainSocketImpl.java:350)
	at java.net.AbstractPlainSocketImpl.connectToAddress(AbstractPlainSocketImpl.java:206)
	at java.net.AbstractPlainSocketImpl.connect(AbstractPlainSocketImpl.java:188)
	at java.net.PlainSocketImpl.connect(PlainSocketImpl.java:172)
	at java.net.SocksSocketImpl.connect(SocksSocketImpl.java:392)
	at java.net.Socket.connect(Socket.java:589)
	at com.mysql.jdbc.StandardSocketFactory.connect(StandardSocketFactory.java:213)
	at com.mysql.jdbc.MysqlIO.<init>(MysqlIO.java:297)
	... 17 more
2026-05-06 11:14:42 ERROR rankBossTimeOut 1002 
2026-05-06 11:14:42 ERROR rankBossReBorn 1011 
2026-05-06 11:14:49 ERROR create connection error, url: jdbc:mysql://localhost:3306/sanguo_game?useUnicode=true&characterEncoding=utf8, errorCode 0, state 08S01
com.mysql.jdbc.exceptions.jdbc4.CommunicationsException: Communications link failure

The last packet sent successfully to the server was 0 milliseconds ago. The driver has not received any packets from the server.
	at sun.reflect.GeneratedConstructorAccessor174.newInstance(Unknown Source)
	at sun.reflect.DelegatingConstructorAccessorImpl.newInstance(DelegatingConstructorAccessorImpl.java:45)
	at java.lang.reflect.Constructor.newInstance(Constructor.java:423)
	at com.mysql.jdbc.Util.handleNewInstance(Util.java:377)
	at com.mysql.jdbc.SQLError.createCommunicationsException(SQLError.java:1036)
	at com.mysql.jdbc.MysqlIO.<init>(MysqlIO.java:338)
	at com.mysql.jdbc.ConnectionImpl.coreConnect(ConnectionImpl.java:2232)
	at com.mysql.jdbc.ConnectionImpl.connectOneTryOnly(ConnectionImpl.java:2265)
	at com.mysql.jdbc.ConnectionImpl.createNewIO(ConnectionImpl.java:2064)
	at com.mysql.jdbc.ConnectionImpl.<init>(ConnectionImpl.java:790)
	at com.mysql.jdbc.JDBC4Connection.<init>(JDBC4Connection.java:44)
	at sun.reflect.GeneratedConstructorAccessor175.newInstance(Unknown Source)
	at sun.reflect.DelegatingConstructorAccessorImpl.newInstance(DelegatingConstructorAccessorImpl.java:45)
	at java.lang.reflect.Constructor.newInstance(Constructor.java:423)
	at com.mysql.jdbc.Util.handleNewInstance(Util.java:377)
	at com.mysql.jdbc.ConnectionImpl.getInstance(ConnectionImpl.java:395)
	at com.mysql.jdbc.NonRegisteringDriver.connect(NonRegisteringDriver.java:325)
	at com.alibaba.druid.filter.FilterChainImpl.connection_connect(FilterChainImpl.java:148)
	at com.alibaba.druid.filter.stat.StatFilter.connection_connect(StatFilter.java:220)
	at com.alibaba.druid.filter.FilterChainImpl.connection_connect(FilterChainImpl.java:142)
	at com.alibaba.druid.pool.DruidAbstractDataSource.createPhysicalConnection(DruidAbstractDataSource.java:1463)
	at com.alibaba.druid.pool.DruidAbstractDataSource.createPhysicalConnection(DruidAbstractDataSource.java:1525)
	at com.alibaba.druid.pool.DruidDataSource$CreateConnectionThread.run(DruidDataSource.java:2100)
Caused by: java.net.ConnectException: Connection refused: connect
	at java.net.DualStackPlainSocketImpl.connect0(Native Method)
	at java.net.DualStackPlainSocketImpl.socketConnect(DualStackPlainSocketImpl.java:79)
	at java.net.AbstractPlainSocketImpl.doConnect(AbstractPlainSocketImpl.java:350)
	at java.net.AbstractPlainSocketImpl.connectToAddress(AbstractPlainSocketImpl.java:206)
	at java.net.AbstractPlainSocketImpl.connect(AbstractPlainSocketImpl.java:188)
	at java.net.PlainSocketImpl.connect(PlainSocketImpl.java:172)
	at java.net.SocksSocketImpl.connect(SocksSocketImpl.java:392)
	at java.net.Socket.connect(Socket.java:589)
	at com.mysql.jdbc.StandardSocketFactory.connect(StandardSocketFactory.java:213)
	at com.mysql.jdbc.MysqlIO.<init>(MysqlIO.java:297)
	... 17 more
2026-05-06 11:15:23 ERROR create connection error, url: jdbc:mysql://localhost:3306/sanguo_game?useUnicode=true&characterEncoding=utf8, errorCode 0, state 08S01
com.mysql.jdbc.exceptions.jdbc4.CommunicationsException: Communications link failure

The last packet sent successfully to the server was 0 milliseconds ago. The driver has not received any packets from the server.
	at sun.reflect.GeneratedConstructorAccessor174.newInstance(Unknown Source)
	at sun.reflect.DelegatingConstructorAccessorImpl.newInstance(DelegatingConstructorAccessorImpl.java:45)
	at java.lang.reflect.Constructor.newInstance(Constructor.java:423)
	at com.mysql.jdbc.Util.handleNewInstance(Util.java:377)
	at com.mysql.jdbc.SQLError.createCommunicationsException(SQLError.java:1036)
	at com.mysql.jdbc.MysqlIO.<init>(MysqlIO.java:338)
	at com.mysql.jdbc.ConnectionImpl.coreConnect(ConnectionImpl.java:2232)
	at com.mysql.jdbc.ConnectionImpl.connectOneTryOnly(ConnectionImpl.java:2265)
	at com.mysql.jdbc.ConnectionImpl.createNewIO(ConnectionImpl.java:2064)
	at com.mysql.jdbc.ConnectionImpl.<init>(ConnectionImpl.java:790)
	at com.mysql.jdbc.JDBC4Connection.<init>(JDBC4Connection.java:44)
	at sun.reflect.GeneratedConstructorAccessor175.newInstance(Unknown Source)
	at sun.reflect.DelegatingConstructorAccessorImpl.newInstance(DelegatingConstructorAccessorImpl.java:45)
	at java.lang.reflect.Constructor.newInstance(Constructor.java:423)
	at com.mysql.jdbc.Util.handleNewInstance(Util.java:377)
	at com.mysql.jdbc.ConnectionImpl.getInstance(ConnectionImpl.java:395)
	at com.mysql.jdbc.NonRegisteringDriver.connect(NonRegisteringDriver.java:325)
	at com.alibaba.druid.filter.FilterChainImpl.connection_connect(FilterChainImpl.java:148)
	at com.alibaba.druid.filter.stat.StatFilter.connection_connect(StatFilter.java:220)
	at com.alibaba.druid.filter.FilterChainImpl.connection_connect(FilterChainImpl.java:142)
	at com.alibaba.druid.pool.DruidAbstractDataSource.createPhysicalConnection(DruidAbstractDataSource.java:1463)
	at com.alibaba.druid.pool.DruidAbstractDataSource.createPhysicalConnection(DruidAbstractDataSource.java:1525)
	at com.alibaba.druid.pool.DruidDataSource$CreateConnectionThread.run(DruidDataSource.java:2100)
Caused by: java.net.ConnectException: Connection refused: connect
	at java.net.DualStackPlainSocketImpl.connect0(Native Method)
	at java.net.DualStackPlainSocketImpl.socketConnect(DualStackPlainSocketImpl.java:79)
	at java.net.AbstractPlainSocketImpl.doConnect(AbstractPlainSocketImpl.java:350)
	at java.net.AbstractPlainSocketImpl.connectToAddress(AbstractPlainSocketImpl.java:206)
	at java.net.AbstractPlainSocketImpl.connect(AbstractPlainSocketImpl.java:188)
	at java.net.PlainSocketImpl.connect(PlainSocketImpl.java:172)
	at java.net.SocksSocketImpl.connect(SocksSocketImpl.java:392)
	at java.net.Socket.connect(Socket.java:589)
	at com.mysql.jdbc.StandardSocketFactory.connect(StandardSocketFactory.java:213)
	at com.mysql.jdbc.MysqlIO.<init>(MysqlIO.java:297)
	... 17 more
2026-05-06 11:15:32 ERROR rankBossReBorn 1003 
2026-05-06 11:15:32 ERROR rankBossTimeOut 1018 
2026-05-06 11:15:33 ERROR rankBossTimeOut 1006 
2026-05-06 11:15:52 ERROR rankBossTimeOut 1001 
2026-05-06 11:15:57 ERROR create connection error, url: jdbc:mysql://localhost:3306/sanguo_game?useUnicode=true&characterEncoding=utf8, errorCode 0, state 08S01
com.mysql.jdbc.exceptions.jdbc4.CommunicationsException: Communications link failure

The last packet sent successfully to the server was 0 milliseconds ago. The driver has not received any packets from the server.
	at sun.reflect.GeneratedConstructorAccessor174.newInstance(Unknown Source)
	at sun.reflect.DelegatingConstructorAccessorImpl.newInstance(DelegatingConstructorAccessorImpl.java:45)
	at java.lang.reflect.Constructor.newInstance(Constructor.java:423)
	at com.mysql.jdbc.Util.handleNewInstance(Util.java:377)
	at com.mysql.jdbc.SQLError.createCommunicationsException(SQLError.java:1036)
	at com.mysql.jdbc.MysqlIO.<init>(MysqlIO.java:338)
	at com.mysql.jdbc.ConnectionImpl.coreConnect(ConnectionImpl.java:2232)
	at com.mysql.jdbc.ConnectionImpl.connectOneTryOnly(ConnectionImpl.java:2265)
	at com.mysql.jdbc.ConnectionImpl.createNewIO(ConnectionImpl.java:2064)
	at com.mysql.jdbc.ConnectionImpl.<init>(ConnectionImpl.java:790)
	at com.mysql.jdbc.JDBC4Connection.<init>(JDBC4Connection.java:44)
	at sun.reflect.GeneratedConstructorAccessor175.newInstance(Unknown Source)
	at sun.reflect.DelegatingConstructorAccessorImpl.newInstance(DelegatingConstructorAccessorImpl.java:45)
	at java.lang.reflect.Constructor.newInstance(Constructor.java:423)
	at com.mysql.jdbc.Util.handleNewInstance(Util.java:377)
	at com.mysql.jdbc.ConnectionImpl.getInstance(ConnectionImpl.java:395)
	at com.mysql.jdbc.NonRegisteringDriver.connect(NonRegisteringDriver.java:325)
	at com.alibaba.druid.filter.FilterChainImpl.connection_connect(FilterChainImpl.java:148)
	at com.alibaba.druid.filter.stat.StatFilter.connection_connect(StatFilter.java:220)
	at com.alibaba.druid.filter.FilterChainImpl.connection_connect(FilterChainImpl.java:142)
	at com.alibaba.druid.pool.DruidAbstractDataSource.createPhysicalConnection(DruidAbstractDataSource.java:1463)
	at com.alibaba.druid.pool.DruidAbstractDataSource.createPhysicalConnection(DruidAbstractDataSource.java:1525)
	at com.alibaba.druid.pool.DruidDataSource$CreateConnectionThread.run(DruidDataSource.java:2100)
Caused by: java.net.ConnectException: Connection refused: connect
	at java.net.DualStackPlainSocketImpl.connect0(Native Method)
	at java.net.DualStackPlainSocketImpl.socketConnect(DualStackPlainSocketImpl.java:79)
	at java.net.AbstractPlainSocketImpl.doConnect(AbstractPlainSocketImpl.java:350)
	at java.net.AbstractPlainSocketImpl.connectToAddress(AbstractPlainSocketImpl.java:206)
	at java.net.AbstractPlainSocketImpl.connect(AbstractPlainSocketImpl.java:188)
	at java.net.PlainSocketImpl.connect(PlainSocketImpl.java:172)
	at java.net.SocksSocketImpl.connect(SocksSocketImpl.java:392)
	at java.net.Socket.connect(Socket.java:589)
	at com.mysql.jdbc.StandardSocketFactory.connect(StandardSocketFactory.java:213)
	at com.mysql.jdbc.MysqlIO.<init>(MysqlIO.java:297)
	... 17 more
2026-05-06 11:16:31 ERROR create connection error, url: jdbc:mysql://localhost:3306/sanguo_game?useUnicode=true&characterEncoding=utf8, errorCode 0, state 08S01
com.mysql.jdbc.exceptions.jdbc4.CommunicationsException: Communications link failure

The last packet sent successfully to the server was 0 milliseconds ago. The driver has not received any packets from the server.
	at sun.reflect.GeneratedConstructorAccessor174.newInstance(Unknown Source)
	at sun.reflect.DelegatingConstructorAccessorImpl.newInstance(DelegatingConstructorAccessorImpl.java:45)
	at java.lang.reflect.Constructor.newInstance(Constructor.java:423)
	at com.mysql.jdbc.Util.handleNewInstance(Util.java:377)
	at com.mysql.jdbc.SQLError.createCommunicationsException(SQLError.java:1036)
	at com.mysql.jdbc.MysqlIO.<init>(MysqlIO.java:338)
	at com.mysql.jdbc.ConnectionImpl.coreConnect(ConnectionImpl.java:2232)
	at com.mysql.jdbc.ConnectionImpl.connectOneTryOnly(ConnectionImpl.java:2265)
	at com.mysql.jdbc.ConnectionImpl.createNewIO(ConnectionImpl.java:2064)
	at com.mysql.jdbc.ConnectionImpl.<init>(ConnectionImpl.java:790)
	at com.mysql.jdbc.JDBC4Connection.<init>(JDBC4Connection.java:44)
	at sun.reflect.GeneratedConstructorAccessor175.newInstance(Unknown Source)
	at sun.reflect.DelegatingConstructorAccessorImpl.newInstance(DelegatingConstructorAccessorImpl.java:45)
	at java.lang.reflect.Constructor.newInstance(Constructor.java:423)
	at com.mysql.jdbc.Util.handleNewInstance(Util.java:377)
	at com.mysql.jdbc.ConnectionImpl.getInstance(ConnectionImpl.java:395)
	at com.mysql.jdbc.NonRegisteringDriver.connect(NonRegisteringDriver.java:325)
	at com.alibaba.druid.filter.FilterChainImpl.connection_connect(FilterChainImpl.java:148)
	at com.alibaba.druid.filter.stat.StatFilter.connection_connect(StatFilter.java:220)
	at com.alibaba.druid.filter.FilterChainImpl.connection_connect(FilterChainImpl.java:142)
	at com.alibaba.druid.pool.DruidAbstractDataSource.createPhysicalConnection(DruidAbstractDataSource.java:1463)
	at com.alibaba.druid.pool.DruidAbstractDataSource.createPhysicalConnection(DruidAbstractDataSource.java:1525)
	at com.alibaba.druid.pool.DruidDataSource$CreateConnectionThread.run(DruidDataSource.java:2100)
Caused by: java.net.ConnectException: Connection refused: connect
	at java.net.DualStackPlainSocketImpl.connect0(Native Method)
	at java.net.DualStackPlainSocketImpl.socketConnect(DualStackPlainSocketImpl.java:79)
	at java.net.AbstractPlainSocketImpl.doConnect(AbstractPlainSocketImpl.java:350)
	at java.net.AbstractPlainSocketImpl.connectToAddress(AbstractPlainSocketImpl.java:206)
	at java.net.AbstractPlainSocketImpl.connect(AbstractPlainSocketImpl.java:188)
	at java.net.PlainSocketImpl.connect(PlainSocketImpl.java:172)
	at java.net.SocksSocketImpl.connect(SocksSocketImpl.java:392)
	at java.net.Socket.connect(Socket.java:589)
	at com.mysql.jdbc.StandardSocketFactory.connect(StandardSocketFactory.java:213)
	at com.mysql.jdbc.MysqlIO.<init>(MysqlIO.java:297)
	... 17 more
2026-05-06 11:16:52 ERROR rankBossReBorn 1001 
2026-05-06 11:17:05 ERROR create connection error, url: jdbc:mysql://localhost:3306/sanguo_game?useUnicode=true&characterEncoding=utf8, errorCode 0, state 08S01
com.mysql.jdbc.exceptions.jdbc4.CommunicationsException: Communications link failure

The last packet sent successfully to the server was 0 milliseconds ago. The driver has not received any packets from the server.
	at sun.reflect.GeneratedConstructorAccessor174.newInstance(Unknown Source)
	at sun.reflect.DelegatingConstructorAccessorImpl.newInstance(DelegatingConstructorAccessorImpl.java:45)
	at java.lang.reflect.Constructor.newInstance(Constructor.java:423)
	at com.mysql.jdbc.Util.handleNewInstance(Util.java:377)
	at com.mysql.jdbc.SQLError.createCommunicationsException(SQLError.java:1036)
	at com.mysql.jdbc.MysqlIO.<init>(MysqlIO.java:338)
	at com.mysql.jdbc.ConnectionImpl.coreConnect(ConnectionImpl.java:2232)
	at com.mysql.jdbc.ConnectionImpl.connectOneTryOnly(ConnectionImpl.java:2265)
	at com.mysql.jdbc.ConnectionImpl.createNewIO(ConnectionImpl.java:2064)
	at com.mysql.jdbc.ConnectionImpl.<init>(ConnectionImpl.java:790)
	at com.mysql.jdbc.JDBC4Connection.<init>(JDBC4Connection.java:44)
	at sun.reflect.GeneratedConstructorAccessor175.newInstance(Unknown Source)
	at sun.reflect.DelegatingConstructorAccessorImpl.newInstance(DelegatingConstructorAccessorImpl.java:45)
	at java.lang.reflect.Constructor.newInstance(Constructor.java:423)
	at com.mysql.jdbc.Util.handleNewInstance(Util.java:377)
	at com.mysql.jdbc.ConnectionImpl.getInstance(ConnectionImpl.java:395)
	at com.mysql.jdbc.NonRegisteringDriver.connect(NonRegisteringDriver.java:325)
	at com.alibaba.druid.filter.FilterChainImpl.connection_connect(FilterChainImpl.java:148)
	at com.alibaba.druid.filter.stat.StatFilter.connection_connect(StatFilter.java:220)
	at com.alibaba.druid.filter.FilterChainImpl.connection_connect(FilterChainImpl.java:142)
	at com.alibaba.druid.pool.DruidAbstractDataSource.createPhysicalConnection(DruidAbstractDataSource.java:1463)
	at com.alibaba.druid.pool.DruidAbstractDataSource.createPhysicalConnection(DruidAbstractDataSource.java:1525)
	at com.alibaba.druid.pool.DruidDataSource$CreateConnectionThread.run(DruidDataSource.java:2100)
Caused by: java.net.ConnectException: Connection refused: connect
	at java.net.DualStackPlainSocketImpl.connect0(Native Method)
	at java.net.DualStackPlainSocketImpl.socketConnect(DualStackPlainSocketImpl.java:79)
	at java.net.AbstractPlainSocketImpl.doConnect(AbstractPlainSocketImpl.java:350)
	at java.net.AbstractPlainSocketImpl.connectToAddress(AbstractPlainSocketImpl.java:206)
	at java.net.AbstractPlainSocketImpl.connect(AbstractPlainSocketImpl.java:188)
	at java.net.PlainSocketImpl.connect(PlainSocketImpl.java:172)
	at java.net.SocksSocketImpl.connect(SocksSocketImpl.java:392)
	at java.net.Socket.connect(Socket.java:589)
	at com.mysql.jdbc.StandardSocketFactory.connect(StandardSocketFactory.java:213)
	at com.mysql.jdbc.MysqlIO.<init>(MysqlIO.java:297)
	... 17 more
2026-05-06 11:17:12 ERROR rankBossReBorn 1002 
2026-05-06 11:17:12 ERROR rankBossTimeOut 1004 
2026-05-06 11:17:12 ERROR rankBossReBorn 1005 
2026-05-06 11:17:12 ERROR rankBossReBorn 1012 
2026-05-06 11:17:12 ERROR neutralBossBeanTimeOut 60001014 
2026-05-06 11:17:12 ERROR neutralBossBeanTimeOut 60001013 
2026-05-06 11:17:12 ERROR neutralBossBeanTimeOut 60001022 
2026-05-06 11:17:12 ERROR neutralBossBeanTimeOut 60001021 
2026-05-06 11:17:12 ERROR neutralBossBeanTimeOut 60001006 
2026-05-06 11:17:12 ERROR neutralBossBeanTimeOut 60001005 
2026-05-06 11:17:40 ERROR create connection error, url: jdbc:mysql://localhost:3306/sanguo_game?useUnicode=true&characterEncoding=utf8, errorCode 0, state 08S01
com.mysql.jdbc.exceptions.jdbc4.CommunicationsException: Communications link failure

The last packet sent successfully to the server was 0 milliseconds ago. The driver has not received any packets from the server.
	at sun.reflect.GeneratedConstructorAccessor174.newInstance(Unknown Source)
	at sun.reflect.DelegatingConstructorAccessorImpl.newInstance(DelegatingConstructorAccessorImpl.java:45)
	at java.lang.reflect.Constructor.newInstance(Constructor.java:423)
	at com.mysql.jdbc.Util.handleNewInstance(Util.java:377)
	at com.mysql.jdbc.SQLError.createCommunicationsException(SQLError.java:1036)
	at com.mysql.jdbc.MysqlIO.<init>(MysqlIO.java:338)
	at com.mysql.jdbc.ConnectionImpl.coreConnect(ConnectionImpl.java:2232)
	at com.mysql.jdbc.ConnectionImpl.connectOneTryOnly(ConnectionImpl.java:2265)
	at com.mysql.jdbc.ConnectionImpl.createNewIO(ConnectionImpl.java:2064)
	at com.mysql.jdbc.ConnectionImpl.<init>(ConnectionImpl.java:790)
	at com.mysql.jdbc.JDBC4Connection.<init>(JDBC4Connection.java:44)
	at sun.reflect.GeneratedConstructorAccessor175.newInstance(Unknown Source)
	at sun.reflect.DelegatingConstructorAccessorImpl.newInstance(DelegatingConstructorAccessorImpl.java:45)
	at java.lang.reflect.Constructor.newInstance(Constructor.java:423)
	at com.mysql.jdbc.Util.handleNewInstance(Util.java:377)
	at com.mysql.jdbc.ConnectionImpl.getInstance(ConnectionImpl.java:395)
	at com.mysql.jdbc.NonRegisteringDriver.connect(NonRegisteringDriver.java:325)
	at com.alibaba.druid.filter.FilterChainImpl.connection_connect(FilterChainImpl.java:148)
	at com.alibaba.druid.filter.stat.StatFilter.connection_connect(StatFilter.java:220)
	at com.alibaba.druid.filter.FilterChainImpl.connection_connect(FilterChainImpl.java:142)
	at com.alibaba.druid.pool.DruidAbstractDataSource.createPhysicalConnection(DruidAbstractDataSource.java:1463)
	at com.alibaba.druid.pool.DruidAbstractDataSource.createPhysicalConnection(DruidAbstractDataSource.java:1525)
	at com.alibaba.druid.pool.DruidDataSource$CreateConnectionThread.run(DruidDataSource.java:2100)
Caused by: java.net.ConnectException: Connection refused: connect
	at java.net.DualStackPlainSocketImpl.connect0(Native Method)
	at java.net.DualStackPlainSocketImpl.socketConnect(DualStackPlainSocketImpl.java:79)
	at java.net.AbstractPlainSocketImpl.doConnect(AbstractPlainSocketImpl.java:350)
	at java.net.AbstractPlainSocketImpl.connectToAddress(AbstractPlainSocketImpl.java:206)
	at java.net.AbstractPlainSocketImpl.connect(AbstractPlainSocketImpl.java:188)
	at java.net.PlainSocketImpl.connect(PlainSocketImpl.java:172)
	at java.net.SocksSocketImpl.connect(SocksSocketImpl.java:392)
	at java.net.Socket.connect(Socket.java:589)
	at com.mysql.jdbc.StandardSocketFactory.connect(StandardSocketFactory.java:213)
	at com.mysql.jdbc.MysqlIO.<init>(MysqlIO.java:297)
	... 17 more
2026-05-06 11:18:14 ERROR create connection error, url: jdbc:mysql://localhost:3306/sanguo_game?useUnicode=true&characterEncoding=utf8, errorCode 0, state 08S01
com.mysql.jdbc.exceptions.jdbc4.CommunicationsException: Communications link failure

The last packet sent successfully to the server was 0 milliseconds ago. The driver has not received any packets from the server.
	at sun.reflect.GeneratedConstructorAccessor174.newInstance(Unknown Source)
	at sun.reflect.DelegatingConstructorAccessorImpl.newInstance(DelegatingConstructorAccessorImpl.java:45)
	at java.lang.reflect.Constructor.newInstance(Constructor.java:423)
	at com.mysql.jdbc.Util.handleNewInstance(Util.java:377)
	at com.mysql.jdbc.SQLError.createCommunicationsException(SQLError.java:1036)
	at com.mysql.jdbc.MysqlIO.<init>(MysqlIO.java:338)
	at com.mysql.jdbc.ConnectionImpl.coreConnect(ConnectionImpl.java:2232)
	at com.mysql.jdbc.ConnectionImpl.connectOneTryOnly(ConnectionImpl.java:2265)
	at com.mysql.jdbc.ConnectionImpl.createNewIO(ConnectionImpl.java:2064)
	at com.mysql.jdbc.ConnectionImpl.<init>(ConnectionImpl.java:790)
	at com.mysql.jdbc.JDBC4Connection.<init>(JDBC4Connection.java:44)
	at sun.reflect.GeneratedConstructorAccessor175.newInstance(Unknown Source)
	at sun.reflect.DelegatingConstructorAccessorImpl.newInstance(DelegatingConstructorAccessorImpl.java:45)
	at java.lang.reflect.Constructor.newInstance(Constructor.java:423)
	at com.mysql.jdbc.Util.handleNewInstance(Util.java:377)
	at com.mysql.jdbc.ConnectionImpl.getInstance(ConnectionImpl.java:395)
	at com.mysql.jdbc.NonRegisteringDriver.connect(NonRegisteringDriver.java:325)
	at com.alibaba.druid.filter.FilterChainImpl.connection_connect(FilterChainImpl.java:148)
	at com.alibaba.druid.filter.stat.StatFilter.connection_connect(StatFilter.java:220)
	at com.alibaba.druid.filter.FilterChainImpl.connection_connect(FilterChainImpl.java:142)
	at com.alibaba.druid.pool.DruidAbstractDataSource.createPhysicalConnection(DruidAbstractDataSource.java:1463)
	at com.alibaba.druid.pool.DruidAbstractDataSource.createPhysicalConnection(DruidAbstractDataSource.java:1525)
	at com.alibaba.druid.pool.DruidDataSource$CreateConnectionThread.run(DruidDataSource.java:2100)
Caused by: java.net.ConnectException: Connection refused: connect
	at java.net.DualStackPlainSocketImpl.connect0(Native Method)
	at java.net.DualStackPlainSocketImpl.socketConnect(DualStackPlainSocketImpl.java:79)
	at java.net.AbstractPlainSocketImpl.doConnect(AbstractPlainSocketImpl.java:350)
	at java.net.AbstractPlainSocketImpl.connectToAddress(AbstractPlainSocketImpl.java:206)
	at java.net.AbstractPlainSocketImpl.connect(AbstractPlainSocketImpl.java:188)
	at java.net.PlainSocketImpl.connect(PlainSocketImpl.java:172)
	at java.net.SocksSocketImpl.connect(SocksSocketImpl.java:392)
	at java.net.Socket.connect(Socket.java:589)
	at com.mysql.jdbc.StandardSocketFactory.connect(StandardSocketFactory.java:213)
	at com.mysql.jdbc.MysqlIO.<init>(MysqlIO.java:297)
	... 17 more
2026-05-06 11:18:32 ERROR rankBossTimeOut 1001 
2026-05-06 11:18:48 ERROR create connection error, url: jdbc:mysql://localhost:3306/sanguo_game?useUnicode=true&characterEncoding=utf8, errorCode 0, state 08S01
com.mysql.jdbc.exceptions.jdbc4.CommunicationsException: Communications link failure

The last packet sent successfully to the server was 0 milliseconds ago. The driver has not received any packets from the server.
	at sun.reflect.GeneratedConstructorAccessor174.newInstance(Unknown Source)
	at sun.reflect.DelegatingConstructorAccessorImpl.newInstance(DelegatingConstructorAccessorImpl.java:45)
	at java.lang.reflect.Constructor.newInstance(Constructor.java:423)
	at com.mysql.jdbc.Util.handleNewInstance(Util.java:377)
	at com.mysql.jdbc.SQLError.createCommunicationsException(SQLError.java:1036)
	at com.mysql.jdbc.MysqlIO.<init>(MysqlIO.java:338)
	at com.mysql.jdbc.ConnectionImpl.coreConnect(ConnectionImpl.java:2232)
	at com.mysql.jdbc.ConnectionImpl.connectOneTryOnly(ConnectionImpl.java:2265)
	at com.mysql.jdbc.ConnectionImpl.createNewIO(ConnectionImpl.java:2064)
	at com.mysql.jdbc.ConnectionImpl.<init>(ConnectionImpl.java:790)
	at com.mysql.jdbc.JDBC4Connection.<init>(JDBC4Connection.java:44)
	at sun.reflect.GeneratedConstructorAccessor175.newInstance(Unknown Source)
	at sun.reflect.DelegatingConstructorAccessorImpl.newInstance(DelegatingConstructorAccessorImpl.java:45)
	at java.lang.reflect.Constructor.newInstance(Constructor.java:423)
	at com.mysql.jdbc.Util.handleNewInstance(Util.java:377)
	at com.mysql.jdbc.ConnectionImpl.getInstance(ConnectionImpl.java:395)
	at com.mysql.jdbc.NonRegisteringDriver.connect(NonRegisteringDriver.java:325)
	at com.alibaba.druid.filter.FilterChainImpl.connection_connect(FilterChainImpl.java:148)
	at com.alibaba.druid.filter.stat.StatFilter.connection_connect(StatFilter.java:220)
	at com.alibaba.druid.filter.FilterChainImpl.connection_connect(FilterChainImpl.java:142)
	at com.alibaba.druid.pool.DruidAbstractDataSource.createPhysicalConnection(DruidAbstractDataSource.java:1463)
	at com.alibaba.druid.pool.DruidAbstractDataSource.createPhysicalConnection(DruidAbstractDataSource.java:1525)
	at com.alibaba.druid.pool.DruidDataSource$CreateConnectionThread.run(DruidDataSource.java:2100)
Caused by: java.net.ConnectException: Connection refused: connect
	at java.net.DualStackPlainSocketImpl.connect0(Native Method)
	at java.net.DualStackPlainSocketImpl.socketConnect(DualStackPlainSocketImpl.java:79)
	at java.net.AbstractPlainSocketImpl.doConnect(AbstractPlainSocketImpl.java:350)
	at java.net.AbstractPlainSocketImpl.connectToAddress(AbstractPlainSocketImpl.java:206)
	at java.net.AbstractPlainSocketImpl.connect(AbstractPlainSocketImpl.java:188)
	at java.net.PlainSocketImpl.connect(PlainSocketImpl.java:172)
	at java.net.SocksSocketImpl.connect(SocksSocketImpl.java:392)
	at java.net.Socket.connect(Socket.java:589)
	at com.mysql.jdbc.StandardSocketFactory.connect(StandardSocketFactory.java:213)
	at com.mysql.jdbc.MysqlIO.<init>(MysqlIO.java:297)
	... 17 more
2026-05-06 11:19:11 INFO  Refreshing org.springframework.context.annotation.AnnotationConfigApplicationContext@61064425: startup date [Wed May 06 11:19:11 EET 2026]; root of context hierarchy
2026-05-06 11:19:11 INFO  Loading XML bean definitions from class path resource [webgame/beans/server-beans.xml]
2026-05-06 11:19:11 INFO  Loading XML bean definitions from class path resource [webgame/beans/mysql-beans.xml]
2026-05-06 11:19:11 INFO  Loading XML bean definitions from class path resource [webgame/beans/service-beans.xml]
2026-05-06 11:19:11 INFO  Loading XML bean definitions from class path resource [webgame/beans/mysql-beans.xml]
2026-05-06 11:19:11 INFO  Loading XML bean definitions from class path resource [webgame/beans/data-beans.xml]
2026-05-06 11:19:12 INFO  Loading properties file from class path resource [webgame/props/webgame.properties]
2026-05-06 11:19:12 INFO  Loading properties file from class path resource [webgame/props/mysql.properties]
2026-05-06 11:19:12 INFO  Loading properties file from class path resource [webgame/props/redis.properties]
2026-05-06 11:19:12 INFO  Loading properties file from class path resource [version.properties]
2026-05-06 11:19:12 DEBUG 加载配置文件 
2026-05-06 11:19:12 DEBUG key -> platform, value -> test 
2026-05-06 11:19:12 DEBUG key -> businessThreadCount, value -> 10 
2026-05-06 11:19:12 DEBUG key -> svn, value -> 32883 
2026-05-06 11:19:12 DEBUG key -> jdbc.url, value -> jdbc:mysql://localhost:3306/sanguo_game?useUnicode=true&characterEncoding=utf8 
2026-05-06 11:19:12 DEBUG key -> secretKey, value -> 5Jqxjo10Yl2ElQCwJm 
2026-05-06 11:19:12 DEBUG key -> so.backlog, value -> 128 
2026-05-06 11:19:12 DEBUG key -> url, value -> http://localhost 
2026-05-06 11:19:12 DEBUG key -> redis.testOnBorrow, value -> true 
2026-05-06 11:19:12 DEBUG key -> serverId, value -> 10000 
2026-05-06 11:19:12 DEBUG key -> redis.maxTotal, value -> 600 
2026-05-06 11:19:12 DEBUG key -> serverName, value -> å°æ¸¸æ1æ 
2026-05-06 11:19:12 DEBUG key -> logserver.isOpen, value -> false 
2026-05-06 11:19:12 DEBUG key -> redis.port, value -> 6379 
2026-05-06 11:19:12 DEBUG key -> jmxPort, value -> 19301 
2026-05-06 11:19:12 DEBUG key -> redis.db, value -> 13 
2026-05-06 11:19:12 DEBUG key -> redis.timeout, value -> 5000 
2026-05-06 11:19:12 DEBUG key -> logserver.port, value -> 6000 
2026-05-06 11:19:12 DEBUG key -> jdbc.user, value -> root 
2026-05-06 11:19:12 DEBUG key -> keystorePass, value ->  
2026-05-06 11:19:12 DEBUG key -> characterEncoding, value -> UTF-8 
2026-05-06 11:19:12 DEBUG key -> logicRmi.port, value -> 17003 
2026-05-06 11:19:12 DEBUG key -> debug, value -> true 
2026-05-06 11:19:12 DEBUG key -> wss, value -> false 
2026-05-06 11:19:12 DEBUG key -> dataLocation, value -> cn 
2026-05-06 11:19:12 DEBUG key -> useUnicode, value -> true 
2026-05-06 11:19:12 DEBUG key -> redis.pass, value -> e5968b5bd4f916e4 
2026-05-06 11:19:12 DEBUG key -> jmxPass, value -> g6UoONwr6joi1ApG 
2026-05-06 11:19:12 DEBUG key -> appId, value -> 100962 
2026-05-06 11:19:12 DEBUG key -> jks, value -> localhost 
2026-05-06 11:19:12 DEBUG key -> so.keepalive, value -> true 
2026-05-06 11:19:12 DEBUG key -> http.port, value -> 19201 
2026-05-06 11:19:12 DEBUG key -> jdbc.driverClassName, value -> com.mysql.jdbc.Driver 
2026-05-06 11:19:12 DEBUG key -> cchId, value -> 392 
2026-05-06 11:19:12 DEBUG key -> workerThreadCount, value -> 14 
2026-05-06 11:19:12 DEBUG key -> bossThreadCount, value -> 1 
2026-05-06 11:19:12 DEBUG key -> redis.host, value -> localhost 
2026-05-06 11:19:12 DEBUG key -> logserver.host, value -> localhost 
2026-05-06 11:19:12 DEBUG key -> openTime, value -> 2017-09-02 00:00:00 
2026-05-06 11:19:12 DEBUG key -> logserver.dataPath, value -> ./log 
2026-05-06 11:19:12 DEBUG key -> wordLocation, value -> cn 
2026-05-06 11:19:12 DEBUG key -> ws.port, value -> 19101 
2026-05-06 11:19:12 DEBUG key -> jdbc.password, value -> EghgTJGqPmZ9RQiW 
2026-05-06 11:19:12 DEBUG key -> logicRmi.cmport, value -> 17004 
2026-05-06 11:19:12 DEBUG key -> path, value -> webgame/platform/ 
2026-05-06 11:19:12 DEBUG key -> rmi.url, value -> rmi://localhost:19850/crossRankRMI 
2026-05-06 11:19:12 DEBUG key -> tag, value -> 24b0d14d02f7970e270d2b70dfab4ea62fc2390a 
2026-05-06 11:19:12 DEBUG key -> logicRmi.host, value -> localhost 
2026-05-06 11:19:12 DEBUG key -> jmxName, value -> llyx-sanguo 
2026-05-06 11:19:12 DEBUG key -> crossUrl, value -> ws://localhost 
2026-05-06 11:19:12 DEBUG key -> redis.maxWait, value -> 10000 
2026-05-06 11:19:12 DEBUG key -> version, value -> 1.1000 
2026-05-06 11:19:12 DEBUG key -> httpSwitch, value -> false 
2026-05-06 11:19:12 DEBUG key -> ws, value -> true 
2026-05-06 11:19:12 DEBUG key -> logicRmi.serviceName, value -> crossRankLogicRMI 
2026-05-06 11:19:12 DEBUG key -> redis.maxIdle, value -> 300 
2026-05-06 11:19:14 INFO  {dataSource-1} inited
2026-05-06 11:19:14 INFO  Loaded JDBC driver: com.mysql.jdbc.Driver
2026-05-06 11:19:18 WARN  Exception encountered during context initialization - cancelling refresh attempt: org.springframework.beans.factory.BeanCreationException: Error creating bean with name 'logicRmiManager' defined in class path resource [webgame/beans/server-beans.xml]: Invocation of init method failed; nested exception is java.rmi.server.ExportException: Port already in use: 0; nested exception is: 
	java.net.BindException: Address already in use: JVM_Bind
2026-05-06 11:19:18 DEBUG In stopServer method of class: com.linlongyx.core.framework.server.netty.NettyTCPServer
2026-05-06 11:19:18 DEBUG In stopServer method of class: com.linlongyx.core.framework.server.netty.NettyTCPServer
2026-05-06 11:19:18 DEBUG In stopServer method of class: com.linlongyx.core.framework.server.netty.NettyTCPServer
2026-05-06 11:19:18 ERROR DruidDataSourceEx close 
2026-05-06 11:19:18 WARN  Invocation of destroy method 'close' failed on bean with name 'druidDataSource': org.springframework.beans.factory.BeanCreationNotAllowedException: Error creating bean with name 'dbIncrementService': Singleton bean creation not allowed while the singletons of this factory are in destruction (Do not request a bean from a BeanFactory in a destroy method implementation!)
2026-05-06 11:19:18 ERROR Error creating bean with name 'logicRmiManager' defined in class path resource [webgame/beans/server-beans.xml]: Invocation of init method failed; nested exception is java.rmi.server.ExportException: Port already in use: 0; nested exception is: 
	java.net.BindException: Address already in use: JVM_Bind
org.springframework.beans.factory.BeanCreationException: Error creating bean with name 'logicRmiManager' defined in class path resource [webgame/beans/server-beans.xml]: Invocation of init method failed; nested exception is java.rmi.server.ExportException: Port already in use: 0; nested exception is: 
	java.net.BindException: Address already in use: JVM_Bind
	at org.springframework.beans.factory.support.AbstractAutowireCapableBeanFactory.initializeBean(AbstractAutowireCapableBeanFactory.java:1583)
	at org.springframework.beans.factory.support.AbstractAutowireCapableBeanFactory.doCreateBean(AbstractAutowireCapableBeanFactory.java:545)
	at org.springframework.beans.factory.support.AbstractAutowireCapableBeanFactory.createBean(AbstractAutowireCapableBeanFactory.java:482)
	at org.springframework.beans.factory.support.AbstractBeanFactory$1.getObject(AbstractBeanFactory.java:306)
	at org.springframework.beans.factory.support.DefaultSingletonBeanRegistry.getSingleton(DefaultSingletonBeanRegistry.java:230)
	at org.springframework.beans.factory.support.AbstractBeanFactory.doGetBean(AbstractBeanFactory.java:302)
	at org.springframework.beans.factory.support.AbstractBeanFactory.getBean(AbstractBeanFactory.java:197)
	at org.springframework.beans.factory.support.DefaultListableBeanFactory.preInstantiateSingletons(DefaultListableBeanFactory.java:751)
	at org.springframework.context.support.AbstractApplicationContext.finishBeanFactoryInitialization(AbstractApplicationContext.java:861)
	at org.springframework.context.support.AbstractApplicationContext.refresh(AbstractApplicationContext.java:541)
	at org.springframework.context.annotation.AnnotationConfigApplicationContext.<init>(AnnotationConfigApplicationContext.java:84)
	at com.linlongyx.sanguo.webgame.startup.GameServer.main(GameServer.java:49)
Caused by: java.rmi.server.ExportException: Port already in use: 0; nested exception is: 
	java.net.BindException: Address already in use: JVM_Bind
	at sun.rmi.transport.tcp.TCPTransport.listen(TCPTransport.java:346)
	at sun.rmi.transport.tcp.TCPTransport.exportObject(TCPTransport.java:254)
	at sun.rmi.transport.tcp.TCPEndpoint.exportObject(TCPEndpoint.java:411)
	at sun.rmi.transport.LiveRef.exportObject(LiveRef.java:147)
	at sun.rmi.server.UnicastServerRef.exportObject(UnicastServerRef.java:236)
	at java.rmi.server.UnicastRemoteObject.exportObject(UnicastRemoteObject.java:383)
	at java.rmi.server.UnicastRemoteObject.exportObject(UnicastRemoteObject.java:320)
	at java.rmi.server.UnicastRemoteObject.<init>(UnicastRemoteObject.java:198)
	at java.rmi.server.UnicastRemoteObject.<init>(UnicastRemoteObject.java:180)
	at com.linlongyx.sanguo.webgame.rmi.LogicRmiServer.<init>(LogicRmiServer.java:49)
	at com.linlongyx.sanguo.webgame.rmi.LogicRmiManager.publishRmi(LogicRmiManager.java:30)
	at sun.reflect.NativeMethodAccessorImpl.invoke0(Native Method)
	at sun.reflect.NativeMethodAccessorImpl.invoke(NativeMethodAccessorImpl.java:62)
	at sun.reflect.DelegatingMethodAccessorImpl.invoke(DelegatingMethodAccessorImpl.java:43)
	at java.lang.reflect.Method.invoke(Method.java:498)
	at org.springframework.beans.factory.support.AbstractAutowireCapableBeanFactory.invokeCustomInitMethod(AbstractAutowireCapableBeanFactory.java:1711)
	at org.springframework.beans.factory.support.AbstractAutowireCapableBeanFactory.invokeInitMethods(AbstractAutowireCapableBeanFactory.java:1650)
	at org.springframework.beans.factory.support.AbstractAutowireCapableBeanFactory.initializeBean(AbstractAutowireCapableBeanFactory.java:1579)
	... 11 more
Caused by: java.net.BindException: Address already in use: JVM_Bind
	at java.net.DualStackPlainSocketImpl.bind0(Native Method)
	at java.net.DualStackPlainSocketImpl.socketBind(DualStackPlainSocketImpl.java:106)
	at java.net.AbstractPlainSocketImpl.bind(AbstractPlainSocketImpl.java:387)
	at java.net.PlainSocketImpl.bind(PlainSocketImpl.java:190)
	at java.net.ServerSocket.bind(ServerSocket.java:375)
	at java.net.ServerSocket.<init>(ServerSocket.java:237)
	at java.net.ServerSocket.<init>(ServerSocket.java:128)
	at com.linlongyx.sanguo.webgame.rmi.SMRMISocket.createServerSocket(SMRMISocket.java:27)
	at sun.rmi.transport.tcp.TCPEndpoint.newServerSocket(TCPEndpoint.java:666)
	at sun.rmi.transport.tcp.TCPTransport.listen(TCPTransport.java:335)
	... 28 more
2026-05-06 11:19:18 ERROR Started version:  110000 
2026-05-06 11:19:21 WARN  Could not connect to RMI service [rmi://localhost:19850/crossRankRMI] - retrying
2026-05-06 11:19:21 ERROR needInit needInit:Exception 
2026-05-06 11:19:21 INFO  触发cmd：20003
2026-05-06 11:19:21 DEBUG Producing instance of Job 'AUTO.JOBS', class=com.linlongyx.sanguo.webgame.quartz.QuartzJob
2026-05-06 11:19:21 INFO  触发cmd：20005
2026-05-06 11:19:21 DEBUG Calling execute on job AUTO.JOBS
2026-05-06 11:19:21 DEBUG Producing instance of Job 'AUTO.JOBS', class=com.linlongyx.sanguo.webgame.quartz.QuartzJob
2026-05-06 11:19:21 DEBUG Calling execute on job AUTO.JOBS
2026-05-06 11:19:21 INFO  触发cmd：20005
2026-05-06 11:19:21 INFO  触发cmd：20005
2026-05-06 11:19:21 INFO  触发cmd：20005
2026-05-06 11:19:21 DEBUG Producing instance of Job 'AUTO.JOBS', class=com.linlongyx.sanguo.webgame.quartz.QuartzJob
2026-05-06 11:19:21 DEBUG Calling execute on job AUTO.JOBS
2026-05-06 11:19:21 DEBUG Producing instance of Job 'AUTO.JOBS', class=com.linlongyx.sanguo.webgame.quartz.QuartzJob
2026-05-06 11:19:21 INFO  触发cmd：20005
2026-05-06 11:19:21 DEBUG Calling execute on job AUTO.JOBS
2026-05-06 11:19:21 INFO  触发cmd：20001
2026-05-06 11:19:21 INFO  HttpSender.socket：127.0.0.1:19201 GET /?cmd=10012&signature=c18c989c08dea6f64754a0d42eb61183 HTTP/1.1

2026-05-06 11:19:21 INFO  触发cmd：10012
2026-05-06 11:19:21 INFO  HttpServerHandler.channelRead0:cmd=10012,signature=c18c989c08dea6f64754a0d42eb61183,
2026-05-06 11:19:21 INFO  ProcessingHttpEvents.trigger.income.cmd:10012 method:
2026-05-06 11:19:21 DEBUG ProcessingHttpEvents.trigger.cmd:10012 method: spendTime:26 p:{cmd=[10012], signature=[c18c989c08dea6f64754a0d42eb61183]}
2026-05-06 11:19:22 INFO  触发cmd：20003
2026-05-06 11:19:30 DEBUG Producing instance of Job 'AUTO.JOBS', class=com.linlongyx.sanguo.webgame.quartz.QuartzJob
2026-05-06 11:19:30 DEBUG Calling execute on job AUTO.JOBS
2026-05-06 11:19:30 INFO  触发cmd：20005
2026-05-06 11:19:32 ERROR rankBossReBorn 1001 
2026-05-06 11:19:42 ERROR rankBossTimeOut 1007 
2026-05-06 11:19:42 ERROR rankBossReBorn 1013 
2026-05-06 11:19:58 ERROR LoginInfoProcessor::handleRequest 21 10000 0 
2026-05-06 11:19:59 ERROR EnterGameProcessor::handleRequest userId: 21 playerId: 0 request.playerId: 10000000006 nanoTime: 8315962504700 
2026-05-06 11:20:00 DEBUG Producing instance of Job 'AUTO.JOBS', class=com.linlongyx.sanguo.webgame.quartz.QuartzJob
2026-05-06 11:20:00 DEBUG Calling execute on job AUTO.JOBS
2026-05-06 11:20:00 DEBUG Producing instance of Job 'AUTO.JOBS', class=com.linlongyx.sanguo.webgame.quartz.QuartzJob
2026-05-06 11:20:00 DEBUG default constructor
2026-05-06 11:20:00 ERROR Send errorCode:10061, responseId:24201 
2026-05-06 11:20:00 INFO  触发cmd：20003
2026-05-06 11:20:00 ERROR destiny rank refresh 
2026-05-06 11:20:00 DEBUG preRegister RechargeRebateComponent:;<br>DestinyComponent:DestinyEntity{playerId=10000000006, attacks=[], defenses=[], battles={}, robTimes=6, totalRobTimes=0, refreshTimes=0, tasks=[], destinyStone=0, lastResetTime=1778053403};<br>ChatComponent:;<br>MountsComponent:;<br>CrossRankActComponent:;<br>TowerComponent:TowerEntity{playerId=10000000006, curLayers=0, preLayers=0, todayNormalReward=0, todayCCYReward=0, passTime=0, actPlayTime={}, mobai=1, needSend=0, records=[]};<br>ArenaComponent:ArenaEntity{playerId=10000000006, rank=3001, maxRank=0, reports=[], fightTimes=0, lastTime=0, buyTimes=0, eliminateTimes=0, totalFightTimes=0};<br>TurnplateComponent:;<br>InvitationComponent:ExtendEntity{playerId=10000000006, recruitInvitation=false, wxInfo=[], levelRewards={}, chargeRewards={}, normalRewards=[], invitationNum=0, invitationTotal=0, nextTime=0, levelNumMap={}, numMap={}};<br>CrossRaceComponent:com.linlongyx.sanguo.webgame.app.crossRace.CrossRaceEntity$$EnhancerByCGLIB$$f8680dfd@6fe5ea3c;<br>GroupMemberComponent:GroupMemberEntity{playerId=10000000006, id=0, position=0, applySet=[], totalOffer=0, sacrificeBox=[], sacrificeType=0, skills={}, listOpen=false, playerRewards={}, fightTimes=0, lastResettime=0, totalTimes=0};<br>PartnerComponent:PartnerEntity{playerId=10000000006, pid=1, tableId=4504, stars=0, level=4, exp=0, wearSkin=0, activeSkins=[], desLv=0, progress=0, primLv=0, breakthroughs=0, equips={1=0, 2=0, 3=0, 4=0, 5=0, 6=0}, status=1, fightValue=2318, soulLevel=0, talisman=0, runeMap={}, reincarnationMap={}, reincarnationIds=[]}PartnerEntity{playerId=10000000006, pid=2, tableId=2402, stars=0, level=1, exp=0, wearSkin=0, activeSkins=[], desLv=0, progress=0, primLv=0, breakthroughs=0, equips={1=0, 2=0, 3=0, 4=0, 5=0, 6=0}, status=1, fightValue=947, soulLevel=0, talisman=0, runeMap={}, reincarnationMap={}, reincarnationIds=[]};<br>SanGuoZhiComponent:SanGuoZhiEntity{playerId=10000000006, recordStarId=1, rewarded=[113, 108], finishes=[113, 108], activity=true, values={113=10, 108=6}}SanGuoZhiEntity{playerId=10000000006, recordStarId=2, rewarded=[], finishes=[113], activity=false, values={113=72, 175=0}};<br>ContinuityComponent:;<br>ArtifactComponent:;<br>UnparalleledComponent:UnparalleledEntity{playerId=10000000006, partneredHpMap={}, resetTimes=0, buffs=[], layerAddition=[], curPoint=0, maxPoint=0, challengeNum=0, currMaxStar=0, surpStar=0, playedPoints={}, layerBox=[], lastMaxStar=0, battlePartner=[-1, 0, 0, 0, 0, 0], sweep=true, insMap={}, lastPassTime=0, lastMaxRank=0, totalResetTimes=0, attrsList={}, levelMap={}};<br>BossHomeComponent:BossHomeEntity{playerId=10000000006, counts={}, times={}, restores={}, buys={}, worldRewards=[], bossNeedNotice=[], teamFightTimes=0, totalFightTimes=0, alienCount=0, buyAlienCount=0, totalNeutralBoss=0};<br>StageComponent:;<br>SingleInsComponent:SingleInsEntity{playerId=10000000006, times={}, maxPoints={}, clears=[], totalTime=0, bossMap={}, timesMap={}, buyTimeMap={}, totalChallengeMap={}, vipSweepTimes={}, kfHandbook={}, stageHandbook={}, zfHandbook={}, actPlayTime={}};<br>RuneComponent:RuneEntity{playerId=10000000006, runeMidInit=0, goldEndTime=0, runeMap={}, totalZhuHun=0, talismanTurn=0, tatalArtificeTimes=0, point=0, times=0, hp=3, records=[], lastRecoverTime=0, dailyReward={}, stageReward={}};<br>KungFuComponent:;<br>DivineComponent:;<br>SecretiComponent:com.linlongyx.sanguo.webgame.app.secreti.SecretiEntity$$EnhancerByCGLIB$$d50cf76d@7ae211c8;<br>RankActComponent:RankActEntity{playerId=10000000006, id=15, value=0, open=false}RankActEntity{playerId=10000000006, id=16, value=0, open=false}RankActEntity{playerId=10000000006, id=17, value=0, open=false}RankActEntity{playerId=10000000006, id=18, value=0, open=false}RankActEntity{playerId=10000000006, id=19, value=0, open=false}RankActEntity{playerId=10000000006, id=20, value=0, open=false}RankActEntity{playerId=10000000006, id=21, value=0, open=false};<br>DrawCardComponent:;<br>MentalComponent:MentalEntity{playerId=10000000006, times=0, totalTimes=0, freeTime=0, rewardIds=[], point=0, records=[]};<br>FashionComponent:;<br>ZodiacComponent:;<br>WarLineupComponent:;<br>SignComponent:SignEntity{playerId=10000000006signToday=falsesignCount=0weekCharge=0dayCharge=0todayReward=[]weekReward=[]signReward={}levelMap={5=1778140079}timeMap={}showLevel=90};<br>SkillComponent:SkillEntity{playerId=10000000006, skillId=100101, level=1}SkillEntity{playerId=10000000006, skillId=100102, level=1};<br>BaguaComponent:BaguaEntity{playerId=10000000006, chapterMap={}, curInsId=0, insIdMap={}, asistTime=0, sweep=0};<br>RuneBagComponent:;<br>ConsumeRebateComponent:;<br>RecruitComponent:RecruitEntity{playerId=10000000006, nextFreeTime=1778053403, currFreeCount=3, recruitTimes=0, time=0, ccyRecruitTimes=0, totalRecruitTimes=10, score=0, boxList=[], free=0, today=[3], tommorow=[3], refreshNum=0, tenCCYRecruit=1, firstGetList=[{"key":211501,"value":5,"valueStr":"2"}, {"key":212401,"value":5,"valueStr":"2"}, {"key":211403,"value":3,"valueStr":"2"}, {"key":213503,"value":3,"valueStr":"2"}, {"key":212401,"value":3,"valueStr":"2"}, {"key":214501,"value":3,"valueStr":"2"}, {"key":212504,"value":3,"valueStr":"2"}, {"key":212404,"value":5,"valueStr":"2"}, {"key":214504,"value":3,"valueStr":"2"}, {"key":4504,"value":1,"valueStr":"4"}], rebateScore=0, rebateReward={}, endTime=0, goldScore=0, goldBoxList=[], goldFree=0, goldToday=[6], goldTommorow=[6], goldRefreshNum=0, goldRecruitTimes=0};<br>PlayerComponent:PlayerEntity{playerId=10000000006, userId=21, playerName='raconag', level=9, sex=1, sceneId=30301, head='sex:1:', currencies=[0, 10596, 0, 0, 47894, 0, 0, 0, 0, 0, 12, 0, 0, 0, 0, 0, 0, 0, 0], fighters=[-1, 1, 2, 0, 0, 0], createTime=1778053401, mailIdCount=1, pubIdCount=23, status={}, breakthroughs=0, talents=[], desLv=0, desProgress=0, stars=0, equips={1=1, 2=2, 3=4, 4=3, 5=0, 6=0}, vip=10, vipReward=[], loginOutTime=1778054088, leaderId=101, fightValue=5109, totalValue=8374, quality=40, worships=[], isWorship=[0, 0, 0, 0, 0, 0, 0, 0, 0, 0], activeTitles={}, wearTitle=0, wearFashion=0, onlineTime=684, onlineReward=[2, 0, 0], todayLevel=1, firstHand=0, soulLevel=0, soulsFighter=[], talisman=0, reincarnationMap={}, reincarnationIds=[]};<br>FriendComponent:FriendEntity{playerId=10000000006, ids=[], applyMap={}, chatMap={}, sendIds=[], needReceiveIds=[], receivedIds=[], totalSendCount=0, favors={}, offlineReceiveIds=[]};<br>LimitExchangeComponent:limitexchangeEntity{playerId=10000000006, id=1, limitExchangeGoods={}, open=false}limitexchangeEntity{playerId=10000000006, id=2, limitExchangeGoods={}, open=false}limitexchangeEntity{playerId=10000000006, id=1006, limitExchangeGoods={}, open=false}limitexchangeEntity{playerId=10000000006, id=3, limitExchangeGoods={}, open=false}limitexchangeEntity{playerId=10000000006, id=1005, limitExchangeGoods={}, open=false}limitexchangeEntity{playerId=10000000006, id=4, limitExchangeGoods={}, open=false}limitexchangeEntity{playerId=10000000006, id=1004, limitExchangeGoods={}, open=false}limitexchangeEntity{playerId=10000000006, id=5, limitExchangeGoods={}, open=false}limitexchangeEntity{playerId=10000000006, id=1003, limitExchangeGoods={}, open=false}limitexchangeEntity{playerId=10000000006, id=6, limitExchangeGoods={}, open=false}limitexchangeEntity{playerId=10000000006, id=1002, limitExchangeGoods={}, open=false}limitexchangeEntity{playerId=10000000006, id=1001, limitExchangeGoods={}, open=false};<br>GeneralComponent:GeneralEntity{playerId=10000000006, challenges={}, resetTimes={}, stars={}, boxReward={}, allStar=0, costOrder=0, restore=0, nextTime=0, buyTime=0, totalNum=0, assistInBattle=[], difficultyStar=0, nightmareStar=0, diffboxReward={}, nightboxReward={}};<br>LimitBuyComponent:;<br>MailComponent:MailEntity{playerId=10000000006, id=1, type=1, sendId=0, sendName='Hệ thống bưu kiện', sendTime=1778053653, title='Thư chào mừng', context='Thánh Chiến Chibi chào đón bạn tham gia!', rewards=[{"type":1,"id":2,"num":5000}, {"type":1,"id":1,"num":1000000}], isRead=0, isExtract=0};<br>MilitaryOfficeComponent:MilitaryOfficeEntity{playerId=10000000006officeList={}currJobId=0endTime=0status=0officeHelpTimes=0helpList={}helpTimeAdd=0generalRecovery=0typeMap={}currJobHelped=0};<br>TaskComponent:TaskEntity{playerId=10000000006, id=190, schedule=0, chapterReward={1=1778053912, 2=1778054051}, insMap={1=30102, 2=30202}, point=0, dailyProcess={33=1, 34=1, 24=1, 25=1}, dailyDone=[33, 34, 24, 25], dailyReward=[], pointReward=[], chapter=30202, guideId=0, fixedStatus=36, firstFail=0, askReward={}, follow=0, realName=false, channelGift={}, channelTime={}, platformReward={}, previewValue={}, previewReward=[], findRewardMax={}};<br>RechargeActivityComponent:;<br>ExtendComponent:ExtendEntity{playerId=10000000006, battleMaxCount=6, totalCurrency={1=15456, 10=12, 11=0}, consumeCurrency={1=4860}, bagSize=100, offlineSec=1514, handbookMap={}, zeroResetDate=20260506, weekResetTime=1777842000, combatTimes=0, combatCostTimes=0, wpHandbook={}, equipId=13, functionIds=[6208, 6209, 6210, 6404, 6405, 70, 72, 9801, 9802, 10, 77, 13, 16, 1301, 6301, 31, 801, 36, 38, 1001, 1002, 1003, 1004, 1005, 46, 1006, 6203, 6204, 6205], partnerId=2, firstReChargeSet=[], firstReward=[], todayRecharge=0, speedRadio=2, totalChangeBoss=0, totalChargeCCB=0, totalComPartner=1, newFirstReward=[], newFirstCharge=[], groupReward={}, wanderReward={}, lastWanderReward=[], wanderEndtime=0, choose=false, skipTimes=15, todayFirstCharge=0, todayFirstReward={}, dailyConsume=0, buyGoldTimes=0, buyGoldCost=0, questionnaire=[], clientSets='', shortCut=0};<br>UserComponent:UserEntity{userId=21, userName='', channel=1, token='034be02fc18bac447355ac182a33b32e', players=[{"playerId":10000000006,"sex":1,"name":"raconag"}], lastLoginTime=0, accountId=0, openid='', orderByPlayerId='0', uid=''};<br>LimitComponent:LimitEntity{playerId=10000000006, id=45, rewardCounts={}, values={}, states={}, dateCharges={}, consumeValue=0, open=false, chargeValue=0, loginDay=0, loginTime=0}LimitEntity{playerId=10000000006, id=46, rewardCounts={}, values={}, states={}, dateCharges={}, consumeValue=0, open=false, chargeValue=0, loginDay=0, loginTime=0}LimitEntity{playerId=10000000006, id=25, rewardCounts={}, values={}, states={}, dateCharges={}, consumeValue=0, open=false, chargeValue=0, loginDay=0, loginTime=0}LimitEntity{playerId=10000000006, id=27, rewardCounts={}, values={}, states={}, dateCharges={}, consumeValue=0, open=false, chargeValue=0, loginDay=0, loginTime=0}LimitEntity{playerId=10000000006, id=49, rewardCounts={}, values={}, states={}, dateCharges={}, consumeValue=0, open=false, chargeValue=0, loginDay=0, loginTime=0}LimitEntity{playerId=10000000006, id=29, rewardCounts={}, values={}, states={}, dateCharges={}, consumeValue=0, open=false, chargeValue=0, loginDay=0, loginTime=0}LimitEntity{playerId=10000000006, id=3002, rewardCounts={}, values={}, states={}, dateCharges={}, consumeValue=0, open=false, chargeValue=0, loginDay=0, loginTime=0}LimitEntity{playerId=10000000006, id=10013, rewardCounts={}, values={}, states={}, dateCharges={}, consumeValue=0, open=false, chargeValue=0, loginDay=0, loginTime=0}LimitEntity{playerId=10000000006, id=30, rewardCounts={}, values={}, states={}, dateCharges={}, consumeValue=0, open=false, chargeValue=0, loginDay=0, loginTime=0}LimitEntity{playerId=10000000006, id=53, rewardCounts={}, values={}, states={}, dateCharges={}, consumeValue=0, open=false, chargeValue=0, loginDay=0, loginTime=0}LimitEntity{playerId=10000000006, id=10017, rewardCounts={}, values={}, states={}, dateCharges={}, consumeValue=0, open=false, chargeValue=0, loginDay=0, loginTime=0}LimitEntity{playerId=10000000006, id=33, rewardCounts={}, values={}, states={}, dateCharges={}, consumeValue=0, open=false, chargeValue=0, loginDay=0, loginTime=0}LimitEntity{playerId=10000000006, id=13, rewardCounts={}, values={}, states={}, dateCharges={}, consumeValue=0, open=false, chargeValue=0, loginDay=0, loginTime=0}LimitEntity{playerId=10000000006, id=37, rewardCounts={}, values={}, states={}, dateCharges={}, consumeValue=0, open=false, chargeValue=0, loginDay=0, loginTime=0}LimitEntity{playerId=10000000006, id=17, rewardCounts={}, values={}, states={}, dateCharges={}, consumeValue=0, open=false, chargeValue=0, loginDay=0, loginTime=0}LimitEntity{playerId=10000000006, id=18, rewardCounts={}, values={}, states={}, dateCharges={}, consumeValue=0, open=false, chargeValue=0, loginDay=0, loginTime=0}LimitEntity{playerId=10000000006, id=1, rewardCounts={}, values={}, states={}, dateCharges={}, consumeValue=0, open=false, chargeValue=0, loginDay=0, loginTime=0}LimitEntity{playerId=10000000006, id=2, rewardCounts={}, values={}, states={}, dateCharges={}, consumeValue=0, open=false, chargeValue=0, loginDay=0, loginTime=0}LimitEntity{playerId=10000000006, id=10009, rewardCounts={}, values={}, states={}, dateCharges={}, consumeValue=0, open=false, chargeValue=0, loginDay=0, loginTime=0}LimitEntity{playerId=10000000006, id=5, rewardCounts={}, values={}, states={}, dateCharges={}, consumeValue=0, open=false, chargeValue=0, loginDay=0, loginTime=0}LimitEntity{playerId=10000000006, id=6, rewardCounts={}, values={}, states={}, dateCharges={}, consumeValue=0, open=false, chargeValue=0, loginDay=0, loginTime=0}LimitEntity{playerId=10000000006, id=1002, rewardCounts={}, values={}, states={}, dateCharges={}, consumeValue=0, open=false, chargeValue=0, loginDay=0, loginTime=0}LimitEntity{playerId=10000000006, id=9, rewardCounts={}, values={}, states={}, dateCharges={}, consumeValue=0, open=false, chargeValue=0, loginDay=0, loginTime=0}LimitEntity{playerId=10000000006, id=10021, rewardCounts={}, values={}, states={}, dateCharges={}, consumeValue=0, open=false, chargeValue=0, loginDay=0, loginTime=0}LimitEntity{playerId=10000000006, id=10001, rewardCounts={}, values={}, states={}, dateCharges={}, consumeValue=0, open=false, chargeValue=0, loginDay=0, loginTime=0}LimitEntity{playerId=10000000006, id=41, rewardCounts={}, values={}, states={}, dateCharges={}, consumeValue=0, open=false, chargeValue=0, loginDay=0, loginTime=0}LimitEntity{playerId=10000000006, id=10025, rewardCounts={}, values={}, states={}, dateCharges={}, consumeValue=0, open=false, chargeValue=0, loginDay=0, loginTime=0}LimitEntity{playerId=10000000006, id=21, rewardCounts={}, values={}, states={}, dateCharges={}, consumeValue=0, open=false, chargeValue=0, loginDay=0, loginTime=0}LimitEntity{playerId=10000000006, id=10005, rewardCounts={}, values={}, states={}, dateCharges={}, consumeValue=0, open=false, chargeValue=0, loginDay=0, loginTime=0};<br>TalismanComponent:;<br>LuckyMoneyComponent:;<br>EquipComponent:EquipEntity{playerId=10000000006, mid=11, itemId=40100103, strengthLv=0, quaity=10, refineLv=0, zhuLv=0, stones={1=0, 2=0, 3=0, 4=0}, isWear=0, fightValue=60, artificeProcess=0, artificeLevel=0, artificeLucky=0, talismanRank=1, belondTo=0, star=0}EquipEntity{playerId=10000000006, mid=12, itemId=40100102, strengthLv=0, quaity=10, refineLv=0, zhuLv=0, stones={1=0, 2=0, 3=0, 4=0}, isWear=0, fightValue=60, artificeProcess=0, artificeLevel=0, artificeLucky=0, talismanRank=1, belondTo=0, star=0}EquipEntity{playerId=10000000006, mid=13, itemId=40100104, strengthLv=0, quaity=10, refineLv=0, zhuLv=0, stones={1=0, 2=0, 3=0, 4=0}, isWear=0, fightValue=60, artificeProcess=0, artificeLevel=0, artificeLucky=0, talismanRank=1, belondTo=0, star=0}EquipEntity{playerId=10000000006, mid=1, itemId=40100101, strengthLv=18, quaity=10, refineLv=0, zhuLv=0, stones={1=0, 2=0, 3=0, 4=0}, isWear=1, fightValue=132, artificeProcess=0, artificeLevel=0, artificeLucky=0, talismanRank=1, belondTo=0, star=0}EquipEntity{playerId=10000000006, mid=2, itemId=40100102, strengthLv=18, quaity=10, refineLv=0, zhuLv=0, stones={1=0, 2=0, 3=0, 4=0}, isWear=1, fightValue=132, artificeProcess=0, artificeLevel=0, artificeLucky=0, talismanRank=1, belondTo=0, star=0}EquipEntity{playerId=10000000006, mid=3, itemId=40100104, strengthLv=18, quaity=10, refineLv=0, zhuLv=0, stones={1=0, 2=0, 3=0, 4=0}, isWear=1, fightValue=132, artificeProcess=0, artificeLevel=0, artificeLucky=0, talismanRank=1, belondTo=0, star=0}EquipEntity{playerId=10000000006, mid=4, itemId=40100103, strengthLv=18, quaity=10, refineLv=0, zhuLv=0, stones={1=0, 2=0, 3=0, 4=0}, isWear=1, fightValue=132, artificeProcess=0, artificeLevel=0, artificeLucky=0, talismanRank=1, belondTo=0, star=0}EquipEntity{playerId=10000000006, mid=5, itemId=40100101, strengthLv=0, quaity=10, refineLv=0, zhuLv=0, stones={1=0, 2=0, 3=0, 4=0}, isWear=0, fightValue=60, artificeProcess=0, artificeLevel=0, artificeLucky=0, talismanRank=1, belondTo=0, star=0}EquipEntity{playerId=10000000006, mid=6, itemId=40100104, strengthLv=0, quaity=10, refineLv=0, zhuLv=0, stones={1=0, 2=0, 3=0, 4=0}, isWear=0, fightValue=60, artificeProcess=0, artificeLevel=0, artificeLucky=0, talismanRank=1, belondTo=0, star=0}EquipEntity{playerId=10000000006, mid=7, itemId=40100102, strengthLv=0, quaity=10, refineLv=0, zhuLv=0, stones={1=0, 2=0, 3=0, 4=0}, isWear=0, fightValue=60, artificeProcess=0, artificeLevel=0, artificeLucky=0, talismanRank=1, belondTo=0, star=0}EquipEntity{playerId=10000000006, mid=8, itemId=40100101, strengthLv=0, quaity=10, refineLv=0, zhuLv=0, stones={1=0, 2=0, 3=0, 4=0}, isWear=0, fightValue=60, artificeProcess=0, artificeLevel=0, artificeLucky=0, talismanRank=1, belondTo=0, star=0}EquipEntity{playerId=10000000006, mid=9, itemId=40100102, strengthLv=0, quaity=10, refineLv=0, zhuLv=0, stones={1=0, 2=0, 3=0, 4=0}, isWear=0, fightValue=60, artificeProcess=0, artificeLevel=0, artificeLucky=0, talismanRank=1, belondTo=0, star=0}EquipEntity{playerId=10000000006, mid=10, itemId=40100101, strengthLv=0, quaity=10, refineLv=0, zhuLv=0, stones={1=0, 2=0, 3=0, 4=0}, isWear=0, fightValue=60, artificeProcess=0, artificeLevel=0, artificeLucky=0, talismanRank=1, belondTo=0, star=0};<br>YearBeastComponent:;<br>ShopComponent:ShopEntity{playerId=10000000006, goodsType=11, refreshTime=0, sells={}, ids=[11001, 11002, 11003, 11004, 11005, 11006, 11007, 11008, 11009, 11010, 11011, 11012, 11013, 11014, 11015, 11016, 11017, 11018, 11019, 11020, 11021, 11022, 11023, 11024], refreshNum=0, totalSells={}, weekSells={}, actId=0, activitySells={}, currStock={}}ShopEntity{playerId=10000000006, goodsType=12, refreshTime=0, sells={}, ids=[3501, 3502, 3503, 3504, 3505, 3506, 3507, 3508, 3509, 3510, 3511, 3512, 3513, 3514, 3515, 3516, 3517, 3518, 3519, 3520, 3521], refreshNum=0, totalSells={}, weekSells={}, actId=0, activitySells={}, currStock={}}ShopEntity{playerId=10000000006, goodsType=13, refreshTime=0, sells={}, ids=[], refreshNum=0, totalSells={}, weekSells={}, actId=0, activitySells={}, currStock={}}ShopEntity{playerId=10000000006, goodsType=14, refreshTime=0, sells={}, ids=[3013, 3014, 3015, 3016, 3017, 3018, 3019, 3020, 3021, 3022, 3023, 3024], refreshNum=0, totalSells={}, weekSells={}, actId=0, activitySells={}, currStock={}}ShopEntity{playerId=10000000006, goodsType=15, refreshTime=0, sells={}, ids=[15001, 15002, 15003, 15004], refreshNum=0, totalSells={}, weekSells={}, actId=0, activitySells={}, currStock={}}ShopEntity{playerId=10000000006, goodsType=16, refreshTime=0, sells={}, ids=[16001, 16004, 16005, 16006], refreshNum=0, totalSells={}, weekSells={}, actId=0, activitySells={}, currStock={}}ShopEntity{playerId=10000000006, goodsType=17, refreshTime=0, sells={}, ids=[], refreshNum=0, totalSells={}, weekSells={}, actId=0, activitySells={}, currStock={}}ShopEntity{playerId=10000000006, goodsType=1, refreshTime=0, sells={}, ids=[1001, 1002, 1003, 1004, 1006, 1007, 1008, 1009, 1010, 1011, 1012, 1013, 1014, 1015, 1016, 1017, 1018, 1019, 1020, 1021], refreshNum=0, totalSells={}, weekSells={}, actId=0, activitySells={}, currStock={}}ShopEntity{playerId=10000000006, goodsType=100, refreshTime=1778058000, sells={}, ids=[8, 58, 65, 90, 91, 101], refreshNum=0, totalSells={}, weekSells={}, actId=0, activitySells={}, currStock={}}ShopEntity{playerId=10000000006, goodsType=2, refreshTime=0, sells={}, ids=[], refreshNum=0, totalSells={}, weekSells={}, actId=0, activitySells={}, currStock={}}ShopEntity{playerId=10000000006, goodsType=3, refreshTime=0, sells={}, ids=[3003, 3004, 3005, 3006, 3007, 3008, 3009, 3010, 3011, 3012], refreshNum=0, totalSells={}, weekSells={}, actId=0, activitySells={}, currStock={}}ShopEntity{playerId=10000000006, goodsType=4, refreshTime=0, sells={}, ids=[4001, 4002, 4003, 4004, 4005, 4006, 4007], refreshNum=0, totalSells={}, weekSells={}, actId=0, activitySells={}, currStock={}}ShopEntity{playerId=10000000006, goodsType=5, refreshTime=0, sells={}, ids=[5001, 5002, 5003, 5004, 5005, 5006, 5007, 5008, 5009, 5010, 5011, 5012, 5013, 5014, 5015, 5016, 5017, 5018, 5019, 5020, 5021, 5022, 5023], refreshNum=0, totalSells={}, weekSells={}, actId=0, activitySells={}, currStock={}}ShopEntity{playerId=10000000006, goodsType=6, refreshTime=0, sells={}, ids=[6001, 6002, 6003, 6004], refreshNum=0, totalSells={}, weekSells={}, actId=0, activitySells={}, currStock={}}ShopEntity{playerId=10000000006, goodsType=7, refreshTime=0, sells={}, ids=[7001, 7002, 7003, 7004, 7005, 7006, 7007, 7008, 7009, 7010, 7011, 7012, 7013, 7014, 7015, 7016, 7017, 7018, 7019], refreshNum=0, totalSells={}, weekSells={}, actId=0, activitySells={}, currStock={}}ShopEntity{playerId=10000000006, goodsType=8, refreshTime=0, sells={}, ids=[8001, 8002, 8003, 8004, 8005, 8006, 8007, 8008, 8009, 8010, 8011, 8012, 8013, 8014, 8015, 8016, 8017, 8018, 8019, 8020, 8021, 8022], refreshNum=0, totalSells={}, weekSells={}, actId=0, activitySells={}, currStock={}}ShopEntity{playerId=10000000006, goodsType=9, refreshTime=0, sells={}, ids=[9001, 9002, 9003, 9004, 9005, 9006, 9007, 9008, 9009, 9010, 9011, 9012, 9013, 9014, 9015, 9016, 9017], refreshNum=0, totalSells={}, weekSells={}, actId=0, activitySells={}, currStock={}}ShopEntity{playerId=10000000006, goodsType=10, refreshTime=0, sells={}, ids=[10001, 10002, 10003, 10004, 10005, 10006, 10007, 10008, 10009, 10010, 10011, 10012, 10013, 10014, 10015, 10016, 10017, 10018, 10019, 10020, 10021], refreshNum=0, totalSells={}, weekSells={}, actId=0, activitySells={}, currStock={}};<br>BagComponent:BagEntity{playerId=10000000006, itemId=30000003, num=2}BagEntity{playerId=10000000006, itemId=30000014, num=2}BagEntity{playerId=10000000006, itemId=30000015, num=1000}BagEntity{playerId=10000000006, itemId=30000301, num=20}BagEntity{playerId=10000000006, itemId=30000019, num=1}BagEntity{playerId=10000000006, itemId=30000100, num=71}BagEntity{playerId=10000000006, itemId=213503, num=3}BagEntity{playerId=10000000006, itemId=212404, num=5}BagEntity{playerId=10000000006, itemId=214504, num=3}BagEntity{playerId=10000000006, itemId=212504, num=3}BagEntity{playerId=10000000006, itemId=214501, num=3}BagEntity{playerId=10000000006, itemId=604504, num=1}BagEntity{playerId=10000000006, itemId=211403, num=3}BagEntity{playerId=10000000006, itemId=212401, num=8}BagEntity{playerId=10000000006, itemId=211501, num=5}BagEntity{playerId=10000000006, itemId=602402, num=1};<br>CardBookComponent:CardBookEntity{cardColor={}lastCardColor={}bottomCardAsk=0colorDanAsk=0lastToColor=0refToColor=0cardPair={}processMap={}giveTimes=0nextAskTime=0infoId=0endTime={}getGive={}itemAsk={}colorTime=0};<br>AchieveComponent:AchieveEntity{playerId=10000000006, value={1024=72, 1025=72, 1026=72, 1027=72, 1028=72, 1029=72, 1030=72, 1054=8374, 1055=8374, 1056=8374, 1057=8374, 1058=8374, 1059=8374, 1060=8374, 1061=8374, 1062=8374, 1063=8374, 1064=8374, 3112=9, 1065=8374, 3113=9, 1066=8374, 3114=9, 1067=3001, 3115=9, 1068=3001, 3116=9, 1069=3001, 3117=9, 1070=3001, 3118=9, 1071=3001, 3119=9, 1072=3001, 3120=9, 1073=3001, 3121=9, 3122=9, 3123=9, 3124=9, 3125=9, 3126=9, 1082=10, 1083=10, 1084=10, 1085=10, 1086=10, 1087=10, 1088=10, 1089=1, 1090=0, 1091=0, 1092=0, 1093=2, 1094=3, 1095=4, 1096=5, 1097=6, 1098=7, 1099=8, 1100=9, 1101=10, 1102=10, 1103=10, 1104=10, 1105=10, 1106=10, 3411=72, 3412=72, 3413=72, 3414=72, 3415=72, 3416=72, 3417=72, 3418=72, 3419=72, 3420=72, 4201=2, 4202=2, 4203=2, 4204=2, 4205=2, 4206=2, 4207=2, 3714=8374, 3715=8374, 3716=8374, 3204=0, 3717=8374, 3205=0, 3718=8374, 3206=0, 2011=1, 2012=10, 2013=10, 1001=9, 1002=9, 1003=9, 3307=0, 1004=9, 3308=0, 1005=9, 3309=0, 1006=9, 3310=0, 1007=9, 3311=0, 1008=9, 1009=9, 1010=9, 1011=9, 1012=2, 1013=1, 1014=0, 1015=0, 1016=0, 1017=0, 1018=0, 1019=0, 1020=0, 1021=72, 1022=72, 1023=72}, fameDone=[1089, 1093, 1094, 1095, 1096, 1097, 1098, 1099, 1100, 1101, 1082, 2011, 2012], fameReward=[], processReward=[], point=0};<br>WelfareComponent:WelfareEntity{playerId=10000000006, vipDailySet=[], vipWeekTime=1778053404, vipWeekLevel=79, vipWeekGoods={1=0, 2=0, 3=0, 4=0}, vipGiftGoods={}, monthEndTime={}, monthGetTime={}, buyFund=false, fundReward={}, dailyBuyReward={}, oneBuyCharge=0, oneBuyReward={}, gerenalGift=[], oneState=0, times=0, id=0, dailyHaoLi={}, backGiftId=0};<br>WarPetComponent:;<br>SoulsComponent:;<br> player:playerId=10000000006raconag
2026-05-06 11:20:00 DEBUG Calling execute on job AUTO.JOBS
2026-05-06 11:20:00 INFO  触发cmd：20005
2026-05-06 11:20:06 INFO  log_level|10000|21|10000000006|1|10|2026-05-06 11:20:06
2026-05-06 11:20:06 INFO  log_level|10000|21|10000000006|1|11|2026-05-06 11:20:06
2026-05-06 11:20:06 INFO  log_level|10000|21|10000000006|1|12|2026-05-06 11:20:06
2026-05-06 11:20:06 ERROR RankActUtil addRankValue 10000000006 14 9219 
2026-05-06 11:20:14 DEBUG 第1回合：
玩家[guid:1,pos:1,hp:8760,fury:0]使用了普通技能[100101] 攻击怪物[guid:101,pos:7,hp:699,fury:0]; 怪物[guid:101,pos:7,hp:699,fury:0]被暴击; 扣除血量-4956; 被攻击后:怪物[guid:101,pos:7,hp:0,fury:0];
武将[guid:2,pos:2,hp:6500,fury:0]使用了普通技能[45040101] 攻击怪物[guid:102,pos:8,hp:699,fury:0]; 扣除血量-1293; 被攻击后:怪物[guid:102,pos:8,hp:0,fury:0];
武将[guid:3,pos:3,hp:2937,fury:0]使用了普通技能[24020101] 攻击怪物[guid:103,pos:9,hp:699,fury:0]; 怪物[guid:103,pos:9,hp:699,fury:0]闪避
怪物[guid:103,pos:9,hp:699,fury:0]使用了普通技能[3001] 攻击武将[guid:3,pos:3,hp:2937,fury:1]; 武将[guid:3,pos:3,hp:2937,fury:1]被暴击; 扣除血量-1; 被攻击后:武将[guid:3,pos:3,hp:2936,fury:1];
怪物[guid:104,pos:10,hp:447,fury:0]使用了普通技能[3011] 攻击玩家[guid:1,pos:1,hp:8760,fury:1]; 玩家[guid:1,pos:1,hp:8760,fury:1]闪避
怪物[guid:105,pos:11,hp:447,fury:0]使用了普通技能[3011] 攻击武将[guid:2,pos:2,hp:6500,fury:1]; 扣除血量-1; 被攻击后:武将[guid:2,pos:2,hp:6499,fury:1];
怪物[guid:106,pos:12,hp:447,fury:0]使用了普通技能[3011] 攻击武将[guid:3,pos:3,hp:2936,fury:1]; 武将[guid:3,pos:3,hp:2936,fury:1]被暴击; 扣除血量-1; 被攻击后:武将[guid:3,pos:3,hp:2935,fury:1];
第2回合：
玩家[guid:1,pos:1,hp:8760,fury:1]使用了普通技能[100101] 攻击怪物[guid:103,pos:9,hp:699,fury:1]; 怪物[guid:103,pos:9,hp:699,fury:1]被暴击; 扣除血量-4956; 被攻击后:怪物[guid:103,pos:9,hp:0,fury:1];
武将[guid:2,pos:2,hp:6499,fury:1]使用了普通技能[45040101] 攻击怪物[guid:105,pos:11,hp:447,fury:1]; 扣除血量-1312; 被攻击后:怪物[guid:105,pos:11,hp:0,fury:1];
武将[guid:3,pos:3,hp:2935,fury:1]使用了普通技能[24020101] 攻击怪物[guid:106,pos:12,hp:447,fury:1]; 扣除血量-390; 被攻击后:怪物[guid:106,pos:12,hp:57,fury:1];
怪物[guid:104,pos:10,hp:447,fury:1]使用了普通技能[3011] 攻击玩家[guid:1,pos:1,hp:8760,fury:2]; 玩家[guid:1,pos:1,hp:8760,fury:2]被暴击; 扣除血量-1; 被攻击后:玩家[guid:1,pos:1,hp:8759,fury:2];
怪物[guid:106,pos:12,hp:57,fury:1]使用了普通技能[3011] 攻击武将[guid:3,pos:3,hp:2935,fury:2]; 扣除血量-1; 被攻击后:武将[guid:3,pos:3,hp:2934,fury:2];
第3回合：
玩家[guid:1,pos:1,hp:8759,fury:2]使用了普通技能[100101] 攻击怪物[guid:104,pos:10,hp:447,fury:2]; 扣除血量-3324; 被攻击后:怪物[guid:104,pos:10,hp:0,fury:2];
武将[guid:2,pos:2,hp:6499,fury:2]使用了普通技能[45040101] 攻击怪物[guid:106,pos:12,hp:57,fury:2]; 扣除血量-1312; 被攻击后:怪物[guid:106,pos:12,hp:0,fury:2];

挑战方胜利

挑战方胜利
 
2026-05-06 11:20:14 ERROR GeneralFight 10000000006 101 1 3 
2026-05-06 11:20:14 INFO  log_bag|10000|21|10000000006|1|30000015|5|1005|2026-05-06 11:20:14|10|1
2026-05-06 11:20:14 INFO  log_currency|10000|21|10000000006|1|10|10|22|2026-05-06 11:20:14|10|1
2026-05-06 11:20:14 INFO  log_bag|10000|21|10000000006|1|30000301|10|30|2026-05-06 11:20:14|10|1
2026-05-06 11:20:14 INFO  log_bag|10000|21|10000000006|1|30000302|2|2|2026-05-06 11:20:14|10|1
2026-05-06 11:20:14 INFO  log_bag|10000|21|10000000006|1|211502|2|2|2026-05-06 11:20:14|10|1
2026-05-06 11:20:14 ERROR handleGeneralIns 10000000006 101 1 3 
2026-05-06 11:20:30 DEBUG Producing instance of Job 'AUTO.JOBS', class=com.linlongyx.sanguo.webgame.quartz.QuartzJob
2026-05-06 11:20:30 DEBUG Calling execute on job AUTO.JOBS
2026-05-06 11:20:30 INFO  触发cmd：20005
2026-05-06 11:20:32 ERROR rankBossTimeOut 1002 
2026-05-06 11:20:32 ERROR rankBossTimeOut 1003 
2026-05-06 11:21:00 DEBUG Producing instance of Job 'AUTO.JOBS', class=com.linlongyx.sanguo.webgame.quartz.QuartzJob
2026-05-06 11:21:00 DEBUG Calling execute on job AUTO.JOBS
2026-05-06 11:21:00 INFO  触发cmd：20005
2026-05-06 11:21:12 DEBUG 第1回合：
玩家[guid:1,pos:1,hp:8760,fury:0]使用了普通技能[100101] 攻击怪物[guid:101,pos:7,hp:926,fury:0]; 扣除血量-3288; 被攻击后:怪物[guid:101,pos:7,hp:0,fury:0];
武将[guid:2,pos:2,hp:6500,fury:0]使用了普通技能[45040101] 攻击怪物[guid:102,pos:8,hp:926,fury:0]; 扣除血量-1276; 被攻击后:怪物[guid:102,pos:8,hp:0,fury:0];
武将[guid:3,pos:3,hp:2937,fury:0]使用了普通技能[24020101] 攻击怪物[guid:103,pos:9,hp:926,fury:0]; 扣除血量-366; 被攻击后:怪物[guid:103,pos:9,hp:560,fury:0];
怪物[guid:103,pos:9,hp:560,fury:0]使用了普通技能[3001] 攻击武将[guid:3,pos:3,hp:2937,fury:1]; 扣除血量-1; 被攻击后:武将[guid:3,pos:3,hp:2936,fury:1];
第2回合：
玩家[guid:1,pos:1,hp:8760,fury:1]使用了普通技能[100101] 攻击怪物[guid:103,pos:9,hp:560,fury:1]; 扣除血量-3288; 被攻击后:怪物[guid:103,pos:9,hp:0,fury:1];

挑战方胜利

挑战方胜利
 
2026-05-06 11:21:12 INFO  log_task|10000|21|10000000006|1|190|0|2026-05-06 11:21:12
2026-05-06 11:21:12 INFO  log_currency|10000|21|10000000006|1|10|3|25|2026-05-06 11:21:12|40|1
2026-05-06 11:21:12 INFO  log_level|10000|21|10000000006|1|13|2026-05-06 11:21:12
2026-05-06 11:21:12 ERROR RankActUtil addRankValue 10000000006 14 9500 
2026-05-06 11:21:12 INFO  log_bag|10000|21|10000000006|1|30000100|20|91|2026-05-06 11:21:12|40|1
2026-05-06 11:21:12 INFO  log_equip|10000|0|10000000006|40100104|2026-05-06 11:21:12|40|1
2026-05-06 11:21:12 ERROR RankActUtil addRankValue 10000000006 17 60 
2026-05-06 11:21:12 ERROR RankActUtil end 10000000006 17 60 
2026-05-06 11:21:12 ERROR RankActUtil addRankValue 10000000006 17 60 
2026-05-06 11:21:12 ERROR RankActUtil end 10000000006 17 60 
2026-05-06 11:21:12 INFO  log_equip|10000|0|10000000006|40100103|2026-05-06 11:21:12|40|1
2026-05-06 11:21:12 ERROR RankActUtil addRankValue 10000000006 17 60 
2026-05-06 11:21:12 ERROR RankActUtil end 10000000006 17 60 
2026-05-06 11:21:12 ERROR RankActUtil addRankValue 10000000006 17 60 
2026-05-06 11:21:12 ERROR RankActUtil end 10000000006 17 60 
2026-05-06 11:21:12 INFO  log_guide|10000|21|10000000006|1|48642|2026-05-06 11:21:12
2026-05-06 11:21:12 ERROR rankBossTimeOut 1001 
2026-05-06 11:21:18 DEBUG skip not validate connection.
2026-05-06 11:21:18 DEBUG skip not validate connection.
2026-05-06 11:21:30 DEBUG Producing instance of Job 'AUTO.JOBS', class=com.linlongyx.sanguo.webgame.quartz.QuartzJob
2026-05-06 11:21:30 DEBUG Calling execute on job AUTO.JOBS
2026-05-06 11:21:30 INFO  触发cmd：20005
2026-05-06 11:22:00 DEBUG Producing instance of Job 'AUTO.JOBS', class=com.linlongyx.sanguo.webgame.quartz.QuartzJob
2026-05-06 11:22:00 DEBUG Calling execute on job AUTO.JOBS
2026-05-06 11:22:00 INFO  触发cmd：20005
2026-05-06 11:22:02 INFO  log_login|10000|21|10000000006|1|0|2026-05-06 11:22:02|2026-05-06 11:19:59|2026-05-06 11:22:02|2130706433|30302
2026-05-06 11:22:02 DEBUG saveAll: 10000000006, name: raconag, time: 2026-05-06 11:22:02 
2026-05-06 11:22:10 DEBUG Going to close tcp connection in class: [id: 0xb398479d, L:0.0.0.0/0.0.0.0:19101 ! R:/127.0.0.1:61866]
2026-05-06 11:22:10 ERROR LoginInfoProcessor::handleRequest 21 10000 0 
2026-05-06 11:22:10 ERROR EnterGameProcessor::handleRequest userId: 21 playerId: 10000000006 request.playerId: 10000000006 nanoTime: 8447385798699 
2026-05-06 11:22:10 DEBUG default constructor
2026-05-06 11:22:11 INFO  log_task|10000|21|10000000006|1|190|1|2026-05-06 11:22:11
2026-05-06 11:22:11 INFO  log_task|10000|21|10000000006|1|201|-1|2026-05-06 11:22:11
2026-05-06 11:22:11 INFO  log_guide|10000|21|10000000006|1|51456|2026-05-06 11:22:11
2026-05-06 11:22:12 ERROR rankBossReBorn 1001 
2026-05-06 11:22:12 ERROR rankBossReBorn 1004 
2026-05-06 11:22:12 ERROR rankBossReBorn 1014 
2026-05-06 11:22:13 ERROR rankBossReBorn 1006 
2026-05-06 11:22:30 DEBUG Producing instance of Job 'AUTO.JOBS', class=com.linlongyx.sanguo.webgame.quartz.QuartzJob
2026-05-06 11:22:30 DEBUG Calling execute on job AUTO.JOBS
2026-05-06 11:22:30 INFO  触发cmd：20005
2026-05-06 11:22:30 INFO  log_bag|10000|21|10000000006|1|30000100|87|4|2026-05-06 11:22:30|23|2
2026-05-06 11:22:30 ERROR PartnerAttrUpdate partnerFightValue 10000000006 2318 5958 9500 2 4504 1 
2026-05-06 11:22:30 ERROR RankActUtil addRankValue 10000000006 14 13140 
2026-05-06 11:22:30 INFO  log_task|10000|21|10000000006|1|201|0|2026-05-06 11:22:30
2026-05-06 11:22:30 INFO  log_partner_exp|10000|21|10000000006|1|1|87000|13|0|2026-05-06 11:22:30
2026-05-06 11:22:30 INFO  log_guide|10000|21|10000000006|1|51461|2026-05-06 11:22:30
2026-05-06 11:22:33 INFO  log_task|10000|21|10000000006|1|201|1|2026-05-06 11:22:33
2026-05-06 11:22:33 INFO  log_task|10000|21|10000000006|1|210|-1|2026-05-06 11:22:33
2026-05-06 11:22:40 DEBUG 第1回合：
玩家[guid:1,pos:1,hp:9360,fury:0]使用了普通技能[100101] 攻击怪物[guid:101,pos:7,hp:1334,fury:0]; 扣除血量-3489; 被攻击后:怪物[guid:101,pos:7,hp:0,fury:0];
武将[guid:2,pos:2,hp:16625,fury:0]使用了普通技能[45040101] 攻击怪物[guid:102,pos:8,hp:1334,fury:0]; 怪物[guid:102,pos:8,hp:1334,fury:0]被暴击; 扣除血量-4198; 被攻击后:怪物[guid:102,pos:8,hp:0,fury:0];
武将[guid:3,pos:3,hp:2937,fury:0]使用了普通技能[24020101] 攻击怪物[guid:103,pos:9,hp:1334,fury:0]; 扣除血量-344; 被攻击后:怪物[guid:103,pos:9,hp:990,fury:0];
怪物[guid:103,pos:9,hp:990,fury:0]使用了普通技能[3001] 攻击武将[guid:3,pos:3,hp:2937,fury:1]; 扣除血量-1; 被攻击后:武将[guid:3,pos:3,hp:2936,fury:1];
第2回合：
玩家[guid:1,pos:1,hp:9360,fury:1]使用了普通技能[100101] 攻击怪物[guid:103,pos:9,hp:990,fury:1]; 扣除血量-3489; 被攻击后:怪物[guid:103,pos:9,hp:0,fury:1];

挑战方胜利

挑战方胜利
 
2026-05-06 11:22:40 INFO  log_task|10000|21|10000000006|1|210|0|2026-05-06 11:22:40
2026-05-06 11:22:40 INFO  log_currency|10000|21|10000000006|1|10|3|28|2026-05-06 11:22:40|40|1
2026-05-06 11:22:40 INFO  log_bag|10000|21|10000000006|1|30000100|20|24|2026-05-06 11:22:40|40|1
2026-05-06 11:22:40 INFO  log_equip|10000|0|10000000006|40100103|2026-05-06 11:22:40|40|1
2026-05-06 11:22:40 ERROR RankActUtil addRankValue 10000000006 17 60 
2026-05-06 11:22:40 ERROR RankActUtil end 10000000006 17 60 
2026-05-06 11:22:40 ERROR RankActUtil addRankValue 10000000006 17 60 
2026-05-06 11:22:40 ERROR RankActUtil end 10000000006 17 60 
2026-05-06 11:22:40 INFO  log_equip|10000|0|10000000006|40100104|2026-05-06 11:22:40|40|1
2026-05-06 11:22:40 ERROR RankActUtil addRankValue 10000000006 17 60 
2026-05-06 11:22:40 ERROR RankActUtil end 10000000006 17 60 
2026-05-06 11:22:40 ERROR RankActUtil addRankValue 10000000006 17 60 
2026-05-06 11:22:40 ERROR RankActUtil end 10000000006 17 60 
2026-05-06 11:22:40 INFO  log_equip|10000|0|10000000006|40100102|2026-05-06 11:22:40|40|1
2026-05-06 11:22:40 ERROR RankActUtil addRankValue 10000000006 17 60 
2026-05-06 11:22:40 ERROR RankActUtil end 10000000006 17 60 
2026-05-06 11:22:40 ERROR RankActUtil addRankValue 10000000006 17 60 
2026-05-06 11:22:40 ERROR RankActUtil end 10000000006 17 60 
2026-05-06 11:22:40 INFO  log_equip|10000|0|10000000006|40100101|2026-05-06 11:22:40|40|1
2026-05-06 11:22:40 ERROR RankActUtil addRankValue 10000000006 17 60 
2026-05-06 11:22:40 ERROR RankActUtil end 10000000006 17 60 
2026-05-06 11:22:40 ERROR RankActUtil addRankValue 10000000006 17 60 
2026-05-06 11:22:40 ERROR RankActUtil end 10000000006 17 60 
2026-05-06 11:22:57 INFO  log_bag|10000|21|10000000006|1|30000301|100|130|2026-05-06 11:22:57|18|1
2026-05-06 11:22:57 INFO  log_task|10000|21|10000000006|1|210|1|2026-05-06 11:22:57
2026-05-06 11:22:57 INFO  log_task|10000|21|10000000006|1|220|-1|2026-05-06 11:22:57
2026-05-06 11:22:57 INFO  log_guide|10000|21|10000000006|1|56320|2026-05-06 11:22:57
2026-05-06 11:22:59 INFO  log_bag|10000|21|10000000006|1|30000014|1|3|2026-05-06 11:22:59|34|1
2026-05-06 11:22:59 INFO  log_bag|10000|21|10000000006|1|30000003|2|4|2026-05-06 11:22:59|34|1
2026-05-06 11:22:59 INFO  log_bag|10000|21|10000000006|1|30000301|10|140|2026-05-06 11:22:59|34|1
2026-05-06 11:22:59 INFO  log_task|10000|21|10000000006|1|220|0|2026-05-06 11:22:59
2026-05-06 11:22:59 ERROR GetChapterBoxProcessor 10000000006 3 
2026-05-06 11:22:59 INFO  log_guide|10000|21|10000000006|1|56323|2026-05-06 11:22:59
2026-05-06 11:23:00 DEBUG Producing instance of Job 'AUTO.JOBS', class=com.linlongyx.sanguo.webgame.quartz.QuartzJob
2026-05-06 11:23:00 DEBUG Calling execute on job AUTO.JOBS
2026-05-06 11:23:00 INFO  触发cmd：20005
2026-05-06 11:23:00 INFO  log_equip|10000|0|10000000006|40200101|2026-05-06 11:23:00|18|1
2026-05-06 11:23:00 ERROR RankActUtil addRankValue 10000000006 17 120 
2026-05-06 11:23:00 ERROR RankActUtil end 10000000006 17 120 
2026-05-06 11:23:00 ERROR RankActUtil addRankValue 10000000006 17 120 
2026-05-06 11:23:00 ERROR RankActUtil end 10000000006 17 120 
2026-05-06 11:23:00 INFO  log_equip|10000|0|10000000006|40200102|2026-05-06 11:23:00|18|1
2026-05-06 11:23:00 ERROR RankActUtil addRankValue 10000000006 17 120 
2026-05-06 11:23:00 ERROR RankActUtil end 10000000006 17 120 
2026-05-06 11:23:00 ERROR RankActUtil addRankValue 10000000006 17 120 
2026-05-06 11:23:00 ERROR RankActUtil end 10000000006 17 120 
2026-05-06 11:23:00 INFO  log_equip|10000|0|10000000006|40200103|2026-05-06 11:23:00|18|1
2026-05-06 11:23:00 ERROR RankActUtil addRankValue 10000000006 17 120 
2026-05-06 11:23:00 ERROR RankActUtil end 10000000006 17 120 
2026-05-06 11:23:00 ERROR RankActUtil addRankValue 10000000006 17 120 
2026-05-06 11:23:00 ERROR RankActUtil end 10000000006 17 120 
2026-05-06 11:23:00 INFO  log_equip|10000|0|10000000006|40200104|2026-05-06 11:23:00|18|1
2026-05-06 11:23:00 ERROR RankActUtil addRankValue 10000000006 17 120 
2026-05-06 11:23:00 ERROR RankActUtil end 10000000006 17 120 
2026-05-06 11:23:00 ERROR RankActUtil addRankValue 10000000006 17 120 
2026-05-06 11:23:00 ERROR RankActUtil end 10000000006 17 120 
2026-05-06 11:23:00 INFO  log_task|10000|21|10000000006|1|220|1|2026-05-06 11:23:00
2026-05-06 11:23:00 INFO  log_task|10000|21|10000000006|1|221|-1|2026-05-06 11:23:00
2026-05-06 11:23:02 ERROR rankBossReBorn 1002 
2026-05-06 11:23:08 INFO  log_task|10000|21|10000000006|1|221|0|2026-05-06 11:23:08
2026-05-06 11:23:08 INFO  log_bag|10000|21|10000000006|1|501027|1|1|2026-05-06 11:23:08|139|1
2026-05-06 11:23:08 INFO  log_currency|10000|21|10000000006|1|2|100|100|2026-05-06 11:23:08|139|1
2026-05-06 11:23:08 INFO  log_currency|10000|21|10000000006|1|12|100|100|2026-05-06 11:23:08|139|1
2026-05-06 11:23:08 INFO  log_bag|10000|21|10000000006|1|30000101|10|10|2026-05-06 11:23:08|139|1
2026-05-06 11:23:08 INFO  log_bag|10000|21|10000000006|1|30000301|20|160|2026-05-06 11:23:08|139|1
2026-05-06 11:23:10 INFO  log_task|10000|21|10000000006|1|221|1|2026-05-06 11:23:10
2026-05-06 11:23:10 INFO  log_task|10000|21|10000000006|1|230|-1|2026-05-06 11:23:10
2026-05-06 11:23:10 INFO  log_task|10000|21|10000000006|1|230|0|2026-05-06 11:23:10
2026-05-06 11:23:10 INFO  log_guide|10000|21|10000000006|1|58880|2026-05-06 11:23:10
2026-05-06 11:23:10 INFO  log_guide|10000|21|10000000006|1|58884|2026-05-06 11:23:10
2026-05-06 11:23:11 INFO  log_task|10000|21|10000000006|1|230|1|2026-05-06 11:23:11
2026-05-06 11:23:11 INFO  log_task|10000|21|10000000006|1|240|-1|2026-05-06 11:23:11
2026-05-06 11:23:11 INFO  log_guide|10000|21|10000000006|1|61440|2026-05-06 11:23:11
2026-05-06 11:23:30 DEBUG Producing instance of Job 'AUTO.JOBS', class=com.linlongyx.sanguo.webgame.quartz.QuartzJob
2026-05-06 11:23:30 DEBUG Calling execute on job AUTO.JOBS
2026-05-06 11:23:30 INFO  触发cmd：20005
2026-05-06 11:23:38 DEBUG 第1回合：
玩家[guid:1,pos:1,hp:9360,fury:0]使用了普通技能[100101] 攻击怪物[guid:101,pos:7,hp:3913,fury:0]; 扣除血量-3306; 被攻击后:怪物[guid:101,pos:7,hp:607,fury:0];
怪物[guid:101,pos:7,hp:607,fury:0]使用了普通技能[3001] 攻击玩家[guid:1,pos:1,hp:9360,fury:1]; 扣除血量-1; 被攻击后:玩家[guid:1,pos:1,hp:9359,fury:1];
武将[guid:2,pos:2,hp:16625,fury:0]使用了普通技能[45040101] 攻击怪物[guid:102,pos:8,hp:3913,fury:0]; 扣除血量-2616; 被攻击后:怪物[guid:102,pos:8,hp:1297,fury:0];
怪物[guid:102,pos:8,hp:1297,fury:0]使用了普通技能[100201] 攻击武将[guid:2,pos:2,hp:16625,fury:1]; 武将[guid:2,pos:2,hp:16625,fury:1]闪避
武将[guid:3,pos:3,hp:2937,fury:0]使用了普通技能[24020101] 攻击怪物[guid:103,pos:9,hp:3913,fury:0]; 怪物[guid:103,pos:9,hp:3913,fury:0]闪避
怪物[guid:103,pos:9,hp:3913,fury:0]使用了普通技能[3001] 攻击武将[guid:3,pos:3,hp:2937,fury:1]; 扣除血量-260; 被攻击后:武将[guid:3,pos:3,hp:2677,fury:1];
第2回合：
玩家[guid:1,pos:1,hp:9359,fury:1]使用了普通技能[100101] 攻击怪物[guid:101,pos:7,hp:607,fury:1]; 怪物[guid:101,pos:7,hp:607,fury:1]被暴击; 扣除血量-4959; 被攻击后:怪物[guid:101,pos:7,hp:0,fury:1];
武将[guid:2,pos:2,hp:16625,fury:1]使用了普通技能[45040101] 攻击怪物[guid:102,pos:8,hp:1297,fury:1]; 扣除血量-2616; 被攻击后:怪物[guid:102,pos:8,hp:0,fury:1];
武将[guid:3,pos:3,hp:2677,fury:1]使用了普通技能[24020101] 攻击怪物[guid:103,pos:9,hp:3913,fury:1]; 怪物[guid:103,pos:9,hp:3913,fury:1]被暴击; 扣除血量-333; 被攻击后:怪物[guid:103,pos:9,hp:3580,fury:1];
怪物[guid:103,pos:9,hp:3580,fury:1]使用了普通技能[3001] 攻击武将[guid:3,pos:3,hp:2677,fury:2]; 扣除血量-260; 被攻击后:武将[guid:3,pos:3,hp:2417,fury:2];
第3回合：
玩家[guid:1,pos:1,hp:9359,fury:2]使用了普通技能[100101] 攻击怪物[guid:103,pos:9,hp:3580,fury:2]; 怪物[guid:103,pos:9,hp:3580,fury:2]被暴击; 扣除血量-4959; 被攻击后:怪物[guid:103,pos:9,hp:0,fury:2];

挑战方胜利

挑战方胜利
 
2026-05-06 11:23:38 ERROR NormalFight 10000000006 1101 1 
2026-05-06 11:23:38 ERROR handleNormalIns 10000000006 1101 1 1 
2026-05-06 11:23:46 DEBUG 第1回合：
玩家[guid:1,pos:1,hp:9360,fury:0]使用了普通技能[100101] 攻击怪物[guid:101,pos:7,hp:3913,fury:0]; 怪物[guid:101,pos:7,hp:3913,fury:0]闪避
怪物[guid:101,pos:7,hp:3913,fury:0]使用了普通技能[3001] 攻击玩家[guid:1,pos:1,hp:9360,fury:1]; 扣除血量-1; 被攻击后:玩家[guid:1,pos:1,hp:9359,fury:1];
武将[guid:2,pos:2,hp:16625,fury:0]使用了普通技能[45040101] 攻击怪物[guid:102,pos:8,hp:3913,fury:0]; 扣除血量-2616; 被攻击后:怪物[guid:102,pos:8,hp:1297,fury:0];
怪物[guid:102,pos:8,hp:1297,fury:0]使用了普通技能[100201] 攻击武将[guid:2,pos:2,hp:16625,fury:1]; 扣除血量-181; 被攻击后:武将[guid:2,pos:2,hp:16444,fury:1];
武将[guid:3,pos:3,hp:2937,fury:0]使用了普通技能[24020101] 攻击怪物[guid:103,pos:9,hp:3913,fury:0]; 怪物[guid:103,pos:9,hp:3913,fury:0]闪避
怪物[guid:103,pos:9,hp:3913,fury:0]使用了普通技能[3001] 攻击武将[guid:3,pos:3,hp:2937,fury:1]; 扣除血量-260; 被攻击后:武将[guid:3,pos:3,hp:2677,fury:1];
第2回合：
玩家[guid:1,pos:1,hp:9359,fury:1]使用了普通技能[100101] 攻击怪物[guid:101,pos:7,hp:3913,fury:1]; 扣除血量-3306; 被攻击后:怪物[guid:101,pos:7,hp:607,fury:1];
怪物[guid:101,pos:7,hp:607,fury:1]使用了普通技能[3001] 攻击玩家[guid:1,pos:1,hp:9359,fury:2]; 玩家[guid:1,pos:1,hp:9359,fury:2]被暴击; 扣除血量-1; 被攻击后:玩家[guid:1,pos:1,hp:9358,fury:2];
武将[guid:2,pos:2,hp:16444,fury:1]使用了普通技能[45040101] 攻击怪物[guid:102,pos:8,hp:1297,fury:1]; 扣除血量-2616; 被攻击后:怪物[guid:102,pos:8,hp:0,fury:1];
武将[guid:3,pos:3,hp:2677,fury:1]使用了普通技能[24020101] 攻击怪物[guid:103,pos:9,hp:3913,fury:1]; 扣除血量-222; 被攻击后:怪物[guid:103,pos:9,hp:3691,fury:1];
怪物[guid:103,pos:9,hp:3691,fury:1]使用了普通技能[3001] 攻击武将[guid:3,pos:3,hp:2677,fury:2]; 扣除血量-260; 被攻击后:武将[guid:3,pos:3,hp:2417,fury:2];
第3回合：
玩家[guid:1,pos:1,hp:9358,fury:2]使用了普通技能[100101] 攻击怪物[guid:101,pos:7,hp:607,fury:2]; 扣除血量-3306; 被攻击后:怪物[guid:101,pos:7,hp:0,fury:2];
武将[guid:2,pos:2,hp:16444,fury:2]使用了普通技能[45040101] 攻击怪物[guid:103,pos:9,hp:3691,fury:2]; 扣除血量-2616; 被攻击后:怪物[guid:103,pos:9,hp:1075,fury:2];
武将[guid:3,pos:3,hp:2417,fury:2]使用了普通技能[24020101] 攻击怪物[guid:103,pos:9,hp:1075,fury:2]; 扣除血量-222; 被攻击后:怪物[guid:103,pos:9,hp:853,fury:2];
怪物[guid:103,pos:9,hp:853,fury:2]使用了普通技能[3001] 攻击武将[guid:3,pos:3,hp:2417,fury:3]; 扣除血量-260; 被攻击后:武将[guid:3,pos:3,hp:2157,fury:3];
第4回合：
玩家[guid:1,pos:1,hp:9358,fury:3]使用了普通技能[100101] 攻击怪物[guid:103,pos:9,hp:853,fury:3]; 扣除血量-3306; 被攻击后:怪物[guid:103,pos:9,hp:0,fury:3];

挑战方胜利

挑战方胜利
 
2026-05-06 11:23:46 ERROR NormalFight 10000000006 1101 1 
2026-05-06 11:23:46 ERROR handleNormalIns 10000000006 1101 2 1 
2026-05-06 11:23:52 ERROR rankBossTimeOut 1001 
2026-05-06 11:23:52 ERROR rankBossReBorn 1003 
2026-05-06 11:23:52 ERROR rankBossTimeOut 1008 
2026-05-06 11:23:52 ERROR rankBossTimeOut 1019 
2026-05-06 11:23:53 INFO  log_bag|10000|21|10000000006|1|30000003|2|2|2026-05-06 11:23:53|35|2
2026-05-06 11:23:53 ERROR PartnerAttrUpdate playerFightValue 10000000006 5 6235 9235 13140 
2026-05-06 11:23:53 ERROR RankActUtil addRankValue 10000000006 14 16140 
2026-05-06 11:23:53 ERROR PartnerAttrUpdate partnerFightValue 10000000006 5958 8958 16140 2 4504 1 
2026-05-06 11:23:53 ERROR RankActUtil addRankValue 10000000006 14 19140 
2026-05-06 11:23:53 ERROR PartnerAttrUpdate partnerFightValue 10000000006 947 3947 19140 2 2402 2 
2026-05-06 11:23:53 ERROR RankActUtil addRankValue 10000000006 14 22140 
2026-05-06 11:23:53 INFO  log_task|10000|21|10000000006|1|240|0|2026-05-06 11:23:53
2026-05-06 11:23:53 INFO  log_guide|10000|21|10000000006|1|61446|2026-05-06 11:23:53
2026-05-06 11:23:55 INFO  log_task|10000|21|10000000006|1|240|1|2026-05-06 11:23:55
2026-05-06 11:23:55 INFO  log_task|10000|21|10000000006|1|250|-1|2026-05-06 11:23:55
2026-05-06 11:24:00 DEBUG Producing instance of Job 'AUTO.JOBS', class=com.linlongyx.sanguo.webgame.quartz.QuartzJob
2026-05-06 11:24:00 DEBUG Calling execute on job AUTO.JOBS
2026-05-06 11:24:00 INFO  触发cmd：20005
2026-05-06 11:24:26 INFO  log_task|10000|21|10000000006|1|250|0|2026-05-06 11:24:26
2026-05-06 11:24:28 INFO  log_task|10000|21|10000000006|1|250|1|2026-05-06 11:24:28
2026-05-06 11:24:28 INFO  log_task|10000|21|10000000006|1|260|-1|2026-05-06 11:24:28
2026-05-06 11:24:28 INFO  log_guide|10000|21|10000000006|1|66560|2026-05-06 11:24:28
2026-05-06 11:24:30 DEBUG Producing instance of Job 'AUTO.JOBS', class=com.linlongyx.sanguo.webgame.quartz.QuartzJob
2026-05-06 11:24:30 DEBUG Calling execute on job AUTO.JOBS
2026-05-06 11:24:30 INFO  触发cmd：20005
2026-05-06 11:24:42 ERROR rankBossReBorn 1015 
2026-05-06 11:24:52 ERROR rankBossReBorn 1001 
2026-05-06 11:25:00 DEBUG Producing instance of Job 'AUTO.JOBS', class=com.linlongyx.sanguo.webgame.quartz.QuartzJob
2026-05-06 11:25:00 DEBUG Calling execute on job AUTO.JOBS
2026-05-06 11:25:00 DEBUG Producing instance of Job 'AUTO.JOBS', class=com.linlongyx.sanguo.webgame.quartz.QuartzJob
2026-05-06 11:25:00 DEBUG Calling execute on job AUTO.JOBS
2026-05-06 11:25:00 ERROR destiny rank refresh 
2026-05-06 11:25:00 INFO  触发cmd：20003
2026-05-06 11:25:00 INFO  触发cmd：20005
2026-05-06 11:25:18 DEBUG skip not validate connection.
2026-05-06 11:25:28 DEBUG 第1回合：
玩家[guid:1,pos:1,hp:9360,fury:3]使用了普通技能[100101] 攻击怪物[guid:101,pos:7,hp:1764,fury:0]; 怪物[guid:101,pos:7,hp:1764,fury:0]被暴击; 扣除血量-5181; 被攻击后:怪物[guid:101,pos:7,hp:0,fury:0];
武将[guid:2,pos:2,hp:16625,fury:3]使用了普通技能[45040101] 攻击怪物[guid:102,pos:8,hp:1764,fury:0]; 扣除血量-2764; 被攻击后:怪物[guid:102,pos:8,hp:0,fury:0];
武将[guid:3,pos:3,hp:2937,fury:3]使用了普通技能[24020101] 攻击怪物[guid:103,pos:9,hp:1764,fury:0]; 扣除血量-321; 被攻击后:怪物[guid:103,pos:9,hp:1443,fury:0];
怪物[guid:103,pos:9,hp:1443,fury:0]使用了普通技能[3001] 攻击武将[guid:3,pos:3,hp:2937,fury:4]; 扣除血量-21; 被攻击后:武将[guid:3,pos:3,hp:2916,fury:4];
第2回合：
玩家[guid:1,pos:1,hp:9360,fury:4]使用了怒气技能[100102] 攻击怪物[guid:103,pos:9,hp:1443,fury:1]; 怪物[guid:103,pos:9,hp:1443,fury:1]被暴击; 扣除血量-6469; 被攻击后:怪物[guid:103,pos:9,hp:0,fury:1];

挑战方胜利

挑战方胜利
 
2026-05-06 11:25:28 INFO  log_task|10000|21|10000000006|1|260|0|2026-05-06 11:25:28
2026-05-06 11:25:28 INFO  log_currency|10000|21|10000000006|1|10|3|31|2026-05-06 11:25:28|40|1
2026-05-06 11:25:28 INFO  log_level|10000|21|10000000006|1|14|2026-05-06 11:25:28
2026-05-06 11:25:28 ERROR RankActUtil addRankValue 10000000006 14 22422 
2026-05-06 11:25:28 INFO  log_bag|10000|21|10000000006|1|30000100|20|44|2026-05-06 11:25:28|40|1
2026-05-06 11:25:28 INFO  log_equip|10000|0|10000000006|40100103|2026-05-06 11:25:28|40|1
2026-05-06 11:25:28 ERROR RankActUtil addRankValue 10000000006 17 60 
2026-05-06 11:25:28 ERROR RankActUtil end 10000000006 17 60 
2026-05-06 11:25:28 ERROR RankActUtil addRankValue 10000000006 17 60 
2026-05-06 11:25:28 ERROR RankActUtil end 10000000006 17 60 
2026-05-06 11:25:28 INFO  log_equip|10000|0|10000000006|40100101|2026-05-06 11:25:28|40|1
2026-05-06 11:25:28 ERROR RankActUtil addRankValue 10000000006 17 60 
2026-05-06 11:25:28 ERROR RankActUtil end 10000000006 17 60 
2026-05-06 11:25:28 ERROR RankActUtil addRankValue 10000000006 17 60 
2026-05-06 11:25:28 ERROR RankActUtil end 10000000006 17 60 
2026-05-06 11:25:28 INFO  log_equip|10000|0|10000000006|40100102|2026-05-06 11:25:28|40|1
2026-05-06 11:25:28 ERROR RankActUtil addRankValue 10000000006 17 60 
2026-05-06 11:25:28 ERROR RankActUtil end 10000000006 17 60 
2026-05-06 11:25:28 ERROR RankActUtil addRankValue 10000000006 17 60 
2026-05-06 11:25:28 ERROR RankActUtil end 10000000006 17 60 
2026-05-06 11:25:28 INFO  log_guide|10000|21|10000000006|1|66562|2026-05-06 11:25:28
2026-05-06 11:25:30 DEBUG Producing instance of Job 'AUTO.JOBS', class=com.linlongyx.sanguo.webgame.quartz.QuartzJob
2026-05-06 11:25:30 DEBUG Calling execute on job AUTO.JOBS
2026-05-06 11:25:30 INFO  触发cmd：20005
2026-05-06 11:25:39 INFO  log_task|10000|21|10000000006|1|260|1|2026-05-06 11:25:39
2026-05-06 11:25:39 INFO  log_task|10000|21|10000000006|1|271|-1|2026-05-06 11:25:39
2026-05-06 11:25:39 INFO  log_task|10000|21|10000000006|1|271|0|2026-05-06 11:25:39
2026-05-06 11:26:00 DEBUG Producing instance of Job 'AUTO.JOBS', class=com.linlongyx.sanguo.webgame.quartz.QuartzJob
2026-05-06 11:26:00 DEBUG Calling execute on job AUTO.JOBS
2026-05-06 11:26:00 INFO  触发cmd：20005
2026-05-06 11:26:22 ERROR rankBossTimeOut 1002 
2026-05-06 11:26:30 DEBUG Producing instance of Job 'AUTO.JOBS', class=com.linlongyx.sanguo.webgame.quartz.QuartzJob
2026-05-06 11:26:30 DEBUG Calling execute on job AUTO.JOBS
2026-05-06 11:26:30 INFO  触发cmd：20005
2026-05-06 11:26:32 ERROR rankBossTimeOut 1001 
2026-05-06 11:26:40 INFO  log_task|10000|21|10000000006|1|271|1|2026-05-06 11:26:40
2026-05-06 11:26:40 INFO  log_task|10000|21|10000000006|1|280|-1|2026-05-06 11:26:40
2026-05-06 11:26:40 INFO  log_guide|10000|21|10000000006|1|71680|2026-05-06 11:26:40
2026-05-06 11:26:43 DEBUG 第1回合：
玩家[guid:1,pos:1,hp:9960,fury:3]使用了普通技能[100101] 攻击怪物[guid:101,pos:7,hp:2253,fury:0]; 扣除血量-3650; 被攻击后:怪物[guid:101,pos:7,hp:0,fury:0];
武将[guid:2,pos:2,hp:16625,fury:3]使用了普通技能[45040101] 攻击怪物[guid:102,pos:8,hp:2253,fury:0]; 扣除血量-2726; 被攻击后:怪物[guid:102,pos:8,hp:0,fury:0];
武将[guid:3,pos:3,hp:2937,fury:3]使用了普通技能[24020101] 攻击怪物[guid:103,pos:9,hp:2253,fury:0]; 扣除血量-296; 被攻击后:怪物[guid:103,pos:9,hp:1957,fury:0];
怪物[guid:103,pos:9,hp:1957,fury:0]使用了普通技能[3001] 攻击武将[guid:3,pos:3,hp:2937,fury:4]; 扣除血量-81; 被攻击后:武将[guid:3,pos:3,hp:2856,fury:4];
第2回合：
玩家[guid:1,pos:1,hp:9960,fury:4]使用了怒气技能[100102] 攻击怪物[guid:103,pos:9,hp:1957,fury:1]; 怪物[guid:103,pos:9,hp:1957,fury:1]被暴击; 扣除血量-6837; 被攻击后:怪物[guid:103,pos:9,hp:0,fury:1];

挑战方胜利

挑战方胜利
 
2026-05-06 11:26:43 INFO  log_task|10000|21|10000000006|1|280|0|2026-05-06 11:26:43
2026-05-06 11:26:43 INFO  log_currency|10000|21|10000000006|1|10|3|34|2026-05-06 11:26:43|40|1
2026-05-06 11:26:43 INFO  log_bag|10000|21|10000000006|1|30000100|20|64|2026-05-06 11:26:43|40|1
2026-05-06 11:26:43 INFO  log_equip|10000|0|10000000006|40100103|2026-05-06 11:26:43|40|1
2026-05-06 11:26:43 ERROR RankActUtil addRankValue 10000000006 17 60 
2026-05-06 11:26:43 ERROR RankActUtil end 10000000006 17 60 
2026-05-06 11:26:43 ERROR RankActUtil addRankValue 10000000006 17 60 
2026-05-06 11:26:44 ERROR RankActUtil end 10000000006 17 60 
2026-05-06 11:26:44 INFO  log_equip|10000|0|10000000006|40100102|2026-05-06 11:26:44|40|1
2026-05-06 11:26:44 ERROR RankActUtil addRankValue 10000000006 17 60 
2026-05-06 11:26:44 ERROR RankActUtil end 10000000006 17 60 
2026-05-06 11:26:44 ERROR RankActUtil addRankValue 10000000006 17 60 
2026-05-06 11:26:44 ERROR RankActUtil end 10000000006 17 60 
2026-05-06 11:26:44 INFO  log_equip|10000|0|10000000006|40100101|2026-05-06 11:26:44|40|1
2026-05-06 11:26:44 ERROR RankActUtil addRankValue 10000000006 17 60 
2026-05-06 11:26:44 ERROR RankActUtil end 10000000006 17 60 
2026-05-06 11:26:44 ERROR RankActUtil addRankValue 10000000006 17 60 
2026-05-06 11:26:44 ERROR RankActUtil end 10000000006 17 60 
2026-05-06 11:26:45 INFO  log_guide|10000|21|10000000006|1|71682|2026-05-06 11:26:45
2026-05-06 11:27:00 DEBUG Producing instance of Job 'AUTO.JOBS', class=com.linlongyx.sanguo.webgame.quartz.QuartzJob
2026-05-06 11:27:00 DEBUG Calling execute on job AUTO.JOBS
2026-05-06 11:27:00 INFO  触发cmd：20005
2026-05-06 11:27:01 INFO  log_task|10000|21|10000000006|1|280|1|2026-05-06 11:27:01
2026-05-06 11:27:01 INFO  log_task|10000|21|10000000006|1|290|-1|2026-05-06 11:27:01
2026-05-06 11:27:01 INFO  log_guide|10000|21|10000000006|1|74240|2026-05-06 11:27:01
2026-05-06 11:27:02 INFO  log_bag|10000|21|10000000006|1|30000014|1|4|2026-05-06 11:27:02|34|1
2026-05-06 11:27:02 INFO  log_bag|10000|21|10000000006|1|30000003|2|4|2026-05-06 11:27:02|34|1
2026-05-06 11:27:02 INFO  log_bag|10000|21|10000000006|1|30000301|10|170|2026-05-06 11:27:02|34|1
2026-05-06 11:27:02 INFO  log_task|10000|21|10000000006|1|290|0|2026-05-06 11:27:02
2026-05-06 11:27:02 ERROR GetChapterBoxProcessor 10000000006 4 
2026-05-06 11:27:02 INFO  log_guide|10000|21|10000000006|1|74243|2026-05-06 11:27:02
2026-05-06 11:27:03 INFO  log_task|10000|21|10000000006|1|290|1|2026-05-06 11:27:03
2026-05-06 11:27:03 INFO  log_task|10000|21|10000000006|1|300|-1|2026-05-06 11:27:03
2026-05-06 11:27:03 INFO  log_task|10000|21|10000000006|1|300|0|2026-05-06 11:27:03
2026-05-06 11:27:04 INFO  log_task|10000|21|10000000006|1|300|1|2026-05-06 11:27:04
2026-05-06 11:27:04 INFO  log_task|10000|21|10000000006|1|310|-1|2026-05-06 11:27:04
2026-05-06 11:27:04 INFO  log_guide|10000|21|10000000006|1|79360|2026-05-06 11:27:04
2026-05-06 11:27:12 ERROR rankBossReBorn 1007 
2026-05-06 11:27:12 ERROR rankBossReBorn 1016 
2026-05-06 11:27:19 DEBUG skip not validate connection.
2026-05-06 11:27:30 DEBUG Producing instance of Job 'AUTO.JOBS', class=com.linlongyx.sanguo.webgame.quartz.QuartzJob
2026-05-06 11:27:30 DEBUG Calling execute on job AUTO.JOBS
2026-05-06 11:27:30 INFO  触发cmd：20005
2026-05-06 11:27:32 ERROR rankBossReBorn 1001 
2026-05-06 11:28:00 DEBUG Producing instance of Job 'AUTO.JOBS', class=com.linlongyx.sanguo.webgame.quartz.QuartzJob
2026-05-06 11:28:00 DEBUG Calling execute on job AUTO.JOBS
2026-05-06 11:28:00 INFO  触发cmd：20005
2026-05-06 11:28:02 ERROR rankBossTimeOut 1009 
2026-05-06 11:28:02 ERROR rankBossTimeOut 1009 
2026-05-06 11:28:03 DEBUG 第1回合：
玩家[guid:1,pos:1,hp:9960,fury:3]使用了普通技能[100101] 攻击怪物[guid:105,pos:11,hp:3913,fury:0]; 扣除血量-3685; 被攻击后:怪物[guid:105,pos:11,hp:228,fury:0];
武将[guid:2,pos:2,hp:16625,fury:3]使用了普通技能[45040101] 攻击怪物[guid:105,pos:11,hp:228,fury:0]; 扣除血量-2761; 被攻击后:怪物[guid:105,pos:11,hp:0,fury:0];

挑战方胜利

挑战方胜利
 
2026-05-06 11:28:03 INFO  log_currency|10000|21|10000000006|1|8|10000|10000|2026-05-06 11:28:03|58|1
2026-05-06 11:28:03 INFO  log_bag|10000|21|10000000006|1|30000101|6|16|2026-05-06 11:28:03|58|1
2026-05-06 11:28:03 INFO  log_task|10000|21|10000000006|1|310|0|2026-05-06 11:28:03
2026-05-06 11:28:03 INFO  log_guide|10000|21|10000000006|1|79363|2026-05-06 11:28:03
2026-05-06 11:28:13 INFO  log_equip|10000|0|10000000006|40200101|2026-05-06 11:28:13|18|1
2026-05-06 11:28:13 ERROR RankActUtil addRankValue 10000000006 17 120 
2026-05-06 11:28:13 ERROR RankActUtil end 10000000006 17 120 
2026-05-06 11:28:13 ERROR RankActUtil addRankValue 10000000006 17 120 
2026-05-06 11:28:13 ERROR RankActUtil end 10000000006 17 120 
2026-05-06 11:28:13 INFO  log_equip|10000|0|10000000006|40200102|2026-05-06 11:28:13|18|1
2026-05-06 11:28:13 ERROR RankActUtil addRankValue 10000000006 17 120 
2026-05-06 11:28:13 ERROR RankActUtil end 10000000006 17 120 
2026-05-06 11:28:13 ERROR RankActUtil addRankValue 10000000006 17 120 
2026-05-06 11:28:13 ERROR RankActUtil end 10000000006 17 120 
2026-05-06 11:28:13 INFO  log_equip|10000|0|10000000006|40200103|2026-05-06 11:28:13|18|1
2026-05-06 11:28:13 ERROR RankActUtil addRankValue 10000000006 17 120 
2026-05-06 11:28:13 ERROR RankActUtil end 10000000006 17 120 
2026-05-06 11:28:13 ERROR RankActUtil addRankValue 10000000006 17 120 
2026-05-06 11:28:13 ERROR RankActUtil end 10000000006 17 120 
2026-05-06 11:28:13 INFO  log_equip|10000|0|10000000006|40200104|2026-05-06 11:28:13|18|1
2026-05-06 11:28:13 ERROR RankActUtil addRankValue 10000000006 17 120 
2026-05-06 11:28:13 ERROR RankActUtil end 10000000006 17 120 
2026-05-06 11:28:13 ERROR RankActUtil addRankValue 10000000006 17 120 
2026-05-06 11:28:13 ERROR RankActUtil end 10000000006 17 120 
2026-05-06 11:28:13 INFO  log_task|10000|21|10000000006|1|310|1|2026-05-06 11:28:13
2026-05-06 11:28:13 INFO  log_task|10000|21|10000000006|1|320|-1|2026-05-06 11:28:13
2026-05-06 11:28:13 INFO  log_guide|10000|21|10000000006|1|81920|2026-05-06 11:28:13
2026-05-06 11:28:30 DEBUG Producing instance of Job 'AUTO.JOBS', class=com.linlongyx.sanguo.webgame.quartz.QuartzJob
2026-05-06 11:28:30 DEBUG Calling execute on job AUTO.JOBS
2026-05-06 11:28:30 INFO  触发cmd：20005
2026-05-06 11:28:52 ERROR rankBossReBorn 1002 
2026-05-06 11:28:52 ERROR rankBossTimeOut 1003 
2026-05-06 11:28:52 ERROR rankBossTimeOut 1005 
2026-05-06 11:29:00 DEBUG Producing instance of Job 'AUTO.JOBS', class=com.linlongyx.sanguo.webgame.quartz.QuartzJob
2026-05-06 11:29:00 DEBUG Calling execute on job AUTO.JOBS
2026-05-06 11:29:00 INFO  触发cmd：20005
2026-05-06 11:29:02 ERROR discard connection
com.mysql.jdbc.exceptions.jdbc4.CommunicationsException: Communications link failure

The last packet successfully received from the server was 7,048 milliseconds ago.  The last packet sent successfully to the server was 7,053 milliseconds ago.
	at sun.reflect.GeneratedConstructorAccessor174.newInstance(Unknown Source)
	at sun.reflect.DelegatingConstructorAccessorImpl.newInstance(DelegatingConstructorAccessorImpl.java:45)
	at java.lang.reflect.Constructor.newInstance(Constructor.java:423)
	at com.mysql.jdbc.Util.handleNewInstance(Util.java:377)
	at com.mysql.jdbc.SQLError.createCommunicationsException(SQLError.java:1036)
	at com.mysql.jdbc.MysqlIO.send(MysqlIO.java:3661)
	at com.mysql.jdbc.MysqlIO.sendCommand(MysqlIO.java:2417)
	at com.mysql.jdbc.MysqlIO.sqlQueryDirect(MysqlIO.java:2582)
	at com.mysql.jdbc.ConnectionImpl.execSQL(ConnectionImpl.java:2526)
	at com.mysql.jdbc.StatementImpl.executeUpdate(StatementImpl.java:1618)
	at com.mysql.jdbc.StatementImpl.executeUpdate(StatementImpl.java:1549)
	at com.alibaba.druid.filter.FilterChainImpl.statement_executeUpdate(FilterChainImpl.java:2377)
	at com.alibaba.druid.filter.FilterAdapter.statement_executeUpdate(FilterAdapter.java:2486)
	at com.alibaba.druid.filter.FilterEventAdapter.statement_executeUpdate(FilterEventAdapter.java:327)
	at com.alibaba.druid.filter.FilterChainImpl.statement_executeUpdate(FilterChainImpl.java:2375)
	at com.alibaba.druid.proxy.jdbc.StatementProxyImpl.executeUpdate(StatementProxyImpl.java:225)
	at com.alibaba.druid.pool.DruidPooledStatement.executeUpdate(DruidPooledStatement.java:166)
	at org.springframework.jdbc.core.JdbcTemplate$1UpdateStatementCallback.doInStatement(JdbcTemplate.java:523)
	at org.springframework.jdbc.core.JdbcTemplate$1UpdateStatementCallback.doInStatement(JdbcTemplate.java:520)
	at org.springframework.jdbc.core.JdbcTemplate.execute(JdbcTemplate.java:404)
	at org.springframework.jdbc.core.JdbcTemplate.update(JdbcTemplate.java:534)
	at com.linlongyx.core.framework.dao.proxy.EntityProxy.saveMY(EntityProxy.java:398)
	at com.linlongyx.core.framework.dao.proxy.EntityProxy.save(EntityProxy.java:363)
	at com.linlongyx.core.framework.dao.proxy.EntityProxy.save(EntityProxy.java:349)
	at com.linlongyx.core.framework.logic.AbstractComponent.saveToDB(AbstractComponent.java:107)
	at com.linlongyx.sanguo.webgame.common.reward.PlayerCurrency.add(PlayerCurrency.java:102)
	at com.linlongyx.sanguo.webgame.common.reward.PlayerCurrency.add(PlayerCurrency.java:65)
	at com.linlongyx.sanguo.webgame.common.util.FinanceUtil.addCurrency(FinanceUtil.java:369)
	at com.linlongyx.sanguo.webgame.common.util.FinanceUtil.addReward(FinanceUtil.java:720)
	at com.linlongyx.sanguo.webgame.common.util.FinanceUtil.rewardGet2(FinanceUtil.java:648)
	at com.linlongyx.sanguo.webgame.common.util.FinanceUtil.rewardGet(FinanceUtil.java:611)
	at com.linlongyx.sanguo.webgame.common.util.FinanceUtil.reward(FinanceUtil.java:607)
	at com.linlongyx.sanguo.webgame.processors.fight.KillSingleMonsterProcessor.handleRequest(KillSingleMonsterProcessor.java:56)
	at com.linlongyx.sanguo.webgame.processors.fight.KillSingleMonsterProcessor.handleRequest(KillSingleMonsterProcessor.java:27)
	at com.linlongyx.core.framework.base.ProcessorBase.process(ProcessorBase.java:47)
	at com.linlongyx.core.framework.base.ProcessorBase.handle(ProcessorBase.java:38)
	at com.linlongyx.sanguo.webgame.processors.MsgDispatcher.dispatch(MsgDispatcher.java:195)
	at com.linlongyx.sanguo.webgame.net.handler.WSServerHandler.handleWebSocketFrame(WSServerHandler.java:146)
	at com.linlongyx.sanguo.webgame.net.handler.WSServerHandler.channelRead0(WSServerHandler.java:77)
	at com.linlongyx.sanguo.webgame.net.handler.WSServerHandler.channelRead0(WSServerHandler.java:35)
	at io.netty.channel.SimpleChannelInboundHandler.channelRead(SimpleChannelInboundHandler.java:105)
	at io.netty.channel.AbstractChannelHandlerContext.invokeChannelRead(AbstractChannelHandlerContext.java:363)
	at io.netty.channel.AbstractChannelHandlerContext.invokeChannelRead(AbstractChannelHandlerContext.java:349)
	at io.netty.channel.AbstractChannelHandlerContext.fireChannelRead(AbstractChannelHandlerContext.java:341)
	at io.netty.handler.timeout.IdleStateHandler.channelRead(IdleStateHandler.java:287)
	at io.netty.channel.AbstractChannelHandlerContext.invokeChannelRead(AbstractChannelHandlerContext.java:363)
	at io.netty.channel.AbstractChannelHandlerContext.invokeChannelRead(AbstractChannelHandlerContext.java:349)
	at io.netty.channel.AbstractChannelHandlerContext.fireChannelRead(AbstractChannelHandlerContext.java:341)
	at io.netty.handler.codec.MessageToMessageDecoder.channelRead(MessageToMessageDecoder.java:102)
	at io.netty.channel.AbstractChannelHandlerContext.invokeChannelRead(AbstractChannelHandlerContext.java:363)
	at io.netty.channel.AbstractChannelHandlerContext.invokeChannelRead(AbstractChannelHandlerContext.java:349)
	at io.netty.channel.AbstractChannelHandlerContext.fireChannelRead(AbstractChannelHandlerContext.java:341)
	at io.netty.channel.ChannelInboundHandlerAdapter.channelRead(ChannelInboundHandlerAdapter.java:86)
	at io.netty.handler.codec.http.websocketx.Utf8FrameValidator.channelRead(Utf8FrameValidator.java:77)
	at io.netty.channel.AbstractChannelHandlerContext.invokeChannelRead(AbstractChannelHandlerContext.java:363)
	at io.netty.channel.AbstractChannelHandlerContext.invokeChannelRead(AbstractChannelHandlerContext.java:349)
	at io.netty.channel.AbstractChannelHandlerContext.fireChannelRead(AbstractChannelHandlerContext.java:341)
	at io.netty.handler.codec.http.websocketx.WebSocketServerProtocolHandler$1.channelRead(WebSocketServerProtocolHandler.java:203)
	at io.netty.channel.AbstractChannelHandlerContext.invokeChannelRead(AbstractChannelHandlerContext.java:363)
	at io.netty.channel.AbstractChannelHandlerContext.invokeChannelRead(AbstractChannelHandlerContext.java:349)
	at io.netty.channel.AbstractChannelHandlerContext.fireChannelRead(AbstractChannelHandlerContext.java:341)
	at io.netty.handler.codec.MessageToMessageDecoder.channelRead(MessageToMessageDecoder.java:102)
	at io.netty.channel.AbstractChannelHandlerContext.invokeChannelRead(AbstractChannelHandlerContext.java:363)
	at io.netty.channel.AbstractChannelHandlerContext.invokeChannelRead(AbstractChannelHandlerContext.java:349)
	at io.netty.channel.AbstractChannelHandlerContext.fireChannelRead(AbstractChannelHandlerContext.java:341)
	at io.netty.channel.SimpleChannelInboundHandler.channelRead(SimpleChannelInboundHandler.java:108)
	at io.netty.channel.AbstractChannelHandlerContext.invokeChannelRead(AbstractChannelHandlerContext.java:363)
	at io.netty.channel.AbstractChannelHandlerContext.invokeChannelRead(AbstractChannelHandlerContext.java:349)
	at io.netty.channel.AbstractChannelHandlerContext.fireChannelRead(AbstractChannelHandlerContext.java:341)
	at io.netty.handler.codec.ByteToMessageDecoder.fireChannelRead(ByteToMessageDecoder.java:293)
	at io.netty.handler.codec.ByteToMessageDecoder.channelRead(ByteToMessageDecoder.java:267)
	at io.netty.channel.AbstractChannelHandlerContext.invokeChannelRead(AbstractChannelHandlerContext.java:363)
	at io.netty.channel.AbstractChannelHandlerContext.invokeChannelRead(AbstractChannelHandlerContext.java:349)
	at io.netty.channel.AbstractChannelHandlerContext.fireChannelRead(AbstractChannelHandlerContext.java:341)
	at io.netty.channel.DefaultChannelPipeline$HeadContext.channelRead(DefaultChannelPipeline.java:1334)
	at io.netty.channel.AbstractChannelHandlerContext.invokeChannelRead(AbstractChannelHandlerContext.java:363)
	at io.netty.channel.AbstractChannelHandlerContext.invokeChannelRead(AbstractChannelHandlerContext.java:349)
	at io.netty.channel.DefaultChannelPipeline.fireChannelRead(DefaultChannelPipeline.java:926)
	at io.netty.channel.nio.AbstractNioByteChannel$NioByteUnsafe.read(AbstractNioByteChannel.java:129)
	at io.netty.channel.nio.NioEventLoop.processSelectedKey(NioEventLoop.java:642)
	at io.netty.channel.nio.NioEventLoop.processSelectedKeysOptimized(NioEventLoop.java:565)
	at io.netty.channel.nio.NioEventLoop.processSelectedKeys(NioEventLoop.java:479)
	at io.netty.channel.nio.NioEventLoop.run(NioEventLoop.java:441)
	at io.netty.util.concurrent.SingleThreadEventExecutor$5.run(SingleThreadEventExecutor.java:858)
	at java.lang.Thread.run(Thread.java:748)
Caused by: java.net.SocketException: Connection reset by peer: socket write error
	at java.net.SocketOutputStream.socketWrite0(Native Method)
	at java.net.SocketOutputStream.socketWrite(SocketOutputStream.java:111)
	at java.net.SocketOutputStream.write(SocketOutputStream.java:155)
	at java.io.BufferedOutputStream.flushBuffer(BufferedOutputStream.java:82)
	at java.io.BufferedOutputStream.flush(BufferedOutputStream.java:140)
	at com.mysql.jdbc.MysqlIO.send(MysqlIO.java:3643)
	... 79 more
2026-05-06 11:29:02 ERROR EntityProxy::saveMY StatementCallback; SQL [UPDATE `tb_extend` SET totalCurrency='{"1":340960,"10":34,"11":0,"2":100,"12":100,"8":10000}' WHERE playerId= '10000000006']; Communications link failure

The last packet successfully received from the server was 7,048 milliseconds ago.  The last packet sent successfully to the server was 7,053 milliseconds ago.; nested exception is com.mysql.jdbc.exceptions.jdbc4.CommunicationsException: Communications link failure

The last packet successfully received from the server was 7,048 milliseconds ago.  The last packet sent successfully to the server was 7,053 milliseconds ago. org.springframework.dao.RecoverableDataAccessException: StatementCallback; SQL [UPDATE `tb_extend` SET totalCurrency='{"1":340960,"10":34,"11":0,"2":100,"12":100,"8":10000}' WHERE playerId= '10000000006']; Communications link failure

The last packet successfully received from the server was 7,048 milliseconds ago.  The last packet sent successfully to the server was 7,053 milliseconds ago.; nested exception is com.mysql.jdbc.exceptions.jdbc4.CommunicationsException: Communications link failure

The last packet successfully received from the server was 7,048 milliseconds ago.  The last packet sent successfully to the server was 7,053 milliseconds ago. 
2026-05-06 11:29:06 ERROR create connection error, url: jdbc:mysql://localhost:3306/sanguo_game?useUnicode=true&characterEncoding=utf8, errorCode 0, state 08S01
com.mysql.jdbc.exceptions.jdbc4.CommunicationsException: Communications link failure

The last packet sent successfully to the server was 0 milliseconds ago. The driver has not received any packets from the server.
	at sun.reflect.GeneratedConstructorAccessor174.newInstance(Unknown Source)
	at sun.reflect.DelegatingConstructorAccessorImpl.newInstance(DelegatingConstructorAccessorImpl.java:45)
	at java.lang.reflect.Constructor.newInstance(Constructor.java:423)
	at com.mysql.jdbc.Util.handleNewInstance(Util.java:377)
	at com.mysql.jdbc.SQLError.createCommunicationsException(SQLError.java:1036)
	at com.mysql.jdbc.MysqlIO.<init>(MysqlIO.java:338)
	at com.mysql.jdbc.ConnectionImpl.coreConnect(ConnectionImpl.java:2232)
	at com.mysql.jdbc.ConnectionImpl.connectOneTryOnly(ConnectionImpl.java:2265)
	at com.mysql.jdbc.ConnectionImpl.createNewIO(ConnectionImpl.java:2064)
	at com.mysql.jdbc.ConnectionImpl.<init>(ConnectionImpl.java:790)
	at com.mysql.jdbc.JDBC4Connection.<init>(JDBC4Connection.java:44)
	at sun.reflect.GeneratedConstructorAccessor175.newInstance(Unknown Source)
	at sun.reflect.DelegatingConstructorAccessorImpl.newInstance(DelegatingConstructorAccessorImpl.java:45)
	at java.lang.reflect.Constructor.newInstance(Constructor.java:423)
	at com.mysql.jdbc.Util.handleNewInstance(Util.java:377)
	at com.mysql.jdbc.ConnectionImpl.getInstance(ConnectionImpl.java:395)
	at com.mysql.jdbc.NonRegisteringDriver.connect(NonRegisteringDriver.java:325)
	at com.alibaba.druid.filter.FilterChainImpl.connection_connect(FilterChainImpl.java:148)
	at com.alibaba.druid.filter.stat.StatFilter.connection_connect(StatFilter.java:220)
	at com.alibaba.druid.filter.FilterChainImpl.connection_connect(FilterChainImpl.java:142)
	at com.alibaba.druid.pool.DruidAbstractDataSource.createPhysicalConnection(DruidAbstractDataSource.java:1463)
	at com.alibaba.druid.pool.DruidAbstractDataSource.createPhysicalConnection(DruidAbstractDataSource.java:1525)
	at com.alibaba.druid.pool.DruidDataSource$CreateConnectionThread.run(DruidDataSource.java:2100)
Caused by: java.net.ConnectException: Connection refused: connect
	at java.net.DualStackPlainSocketImpl.connect0(Native Method)
	at java.net.DualStackPlainSocketImpl.socketConnect(DualStackPlainSocketImpl.java:79)
	at java.net.AbstractPlainSocketImpl.doConnect(AbstractPlainSocketImpl.java:350)
	at java.net.AbstractPlainSocketImpl.connectToAddress(AbstractPlainSocketImpl.java:206)
	at java.net.AbstractPlainSocketImpl.connect(AbstractPlainSocketImpl.java:188)
	at java.net.PlainSocketImpl.connect(PlainSocketImpl.java:172)
	at java.net.SocksSocketImpl.connect(SocksSocketImpl.java:392)
	at java.net.Socket.connect(Socket.java:589)
	at com.mysql.jdbc.StandardSocketFactory.connect(StandardSocketFactory.java:213)
	at com.mysql.jdbc.MysqlIO.<init>(MysqlIO.java:297)
	... 17 more
2026-05-06 11:29:12 ERROR rankBossTimeOut 1001 
2026-05-06 11:29:13 INFO  Refreshing org.springframework.context.annotation.AnnotationConfigApplicationContext@61064425: startup date [Wed May 06 11:29:13 EET 2026]; root of context hierarchy
2026-05-06 11:29:13 INFO  Loading XML bean definitions from class path resource [webgame/beans/server-beans.xml]
2026-05-06 11:29:13 INFO  Loading XML bean definitions from class path resource [webgame/beans/mysql-beans.xml]
2026-05-06 11:29:13 INFO  Loading XML bean definitions from class path resource [webgame/beans/service-beans.xml]
2026-05-06 11:29:13 INFO  Loading XML bean definitions from class path resource [webgame/beans/mysql-beans.xml]
2026-05-06 11:29:14 INFO  Loading XML bean definitions from class path resource [webgame/beans/data-beans.xml]
2026-05-06 11:29:14 INFO  Loading properties file from class path resource [webgame/props/webgame.properties]
2026-05-06 11:29:14 INFO  Loading properties file from class path resource [webgame/props/mysql.properties]
2026-05-06 11:29:14 INFO  Loading properties file from class path resource [webgame/props/redis.properties]
2026-05-06 11:29:14 INFO  Loading properties file from class path resource [version.properties]
2026-05-06 11:29:14 DEBUG 加载配置文件 
2026-05-06 11:29:14 DEBUG key -> platform, value -> test 
2026-05-06 11:29:14 DEBUG key -> businessThreadCount, value -> 10 
2026-05-06 11:29:14 DEBUG key -> svn, value -> 32883 
2026-05-06 11:29:14 DEBUG key -> jdbc.url, value -> jdbc:mysql://localhost:3306/sanguo_game?useUnicode=true&characterEncoding=utf8 
2026-05-06 11:29:14 DEBUG key -> secretKey, value -> 5Jqxjo10Yl2ElQCwJm 
2026-05-06 11:29:14 DEBUG key -> so.backlog, value -> 128 
2026-05-06 11:29:14 DEBUG key -> url, value -> http://localhost 
2026-05-06 11:29:14 DEBUG key -> redis.testOnBorrow, value -> true 
2026-05-06 11:29:14 DEBUG key -> serverId, value -> 10000 
2026-05-06 11:29:14 DEBUG key -> redis.maxTotal, value -> 600 
2026-05-06 11:29:14 DEBUG key -> serverName, value -> å°æ¸¸æ1æ 
2026-05-06 11:29:14 DEBUG key -> logserver.isOpen, value -> false 
2026-05-06 11:29:14 DEBUG key -> redis.port, value -> 6379 
2026-05-06 11:29:14 DEBUG key -> jmxPort, value -> 19301 
2026-05-06 11:29:14 DEBUG key -> redis.db, value -> 13 
2026-05-06 11:29:14 DEBUG key -> redis.timeout, value -> 5000 
2026-05-06 11:29:14 DEBUG key -> logserver.port, value -> 6000 
2026-05-06 11:29:14 DEBUG key -> jdbc.user, value -> root 
2026-05-06 11:29:14 DEBUG key -> keystorePass, value ->  
2026-05-06 11:29:14 DEBUG key -> characterEncoding, value -> UTF-8 
2026-05-06 11:29:14 DEBUG key -> logicRmi.port, value -> 17003 
2026-05-06 11:29:14 DEBUG key -> debug, value -> true 
2026-05-06 11:29:14 DEBUG key -> wss, value -> false 
2026-05-06 11:29:14 DEBUG key -> dataLocation, value -> cn 
2026-05-06 11:29:14 DEBUG key -> useUnicode, value -> true 
2026-05-06 11:29:14 DEBUG key -> redis.pass, value -> e5968b5bd4f916e4 
2026-05-06 11:29:14 DEBUG key -> jmxPass, value -> g6UoONwr6joi1ApG 
2026-05-06 11:29:14 DEBUG key -> appId, value -> 100962 
2026-05-06 11:29:14 DEBUG key -> jks, value -> localhost 
2026-05-06 11:29:14 DEBUG key -> so.keepalive, value -> true 
2026-05-06 11:29:14 DEBUG key -> http.port, value -> 19201 
2026-05-06 11:29:14 DEBUG key -> jdbc.driverClassName, value -> com.mysql.jdbc.Driver 
2026-05-06 11:29:14 DEBUG key -> cchId, value -> 392 
2026-05-06 11:29:14 DEBUG key -> workerThreadCount, value -> 14 
2026-05-06 11:29:14 DEBUG key -> bossThreadCount, value -> 1 
2026-05-06 11:29:14 DEBUG key -> redis.host, value -> localhost 
2026-05-06 11:29:14 DEBUG key -> logserver.host, value -> localhost 
2026-05-06 11:29:14 DEBUG key -> openTime, value -> 2017-09-02 00:00:00 
2026-05-06 11:29:14 DEBUG key -> logserver.dataPath, value -> ./log 
2026-05-06 11:29:14 DEBUG key -> wordLocation, value -> cn 
2026-05-06 11:29:14 DEBUG key -> ws.port, value -> 19101 
2026-05-06 11:29:14 DEBUG key -> jdbc.password, value -> EghgTJGqPmZ9RQiW 
2026-05-06 11:29:14 DEBUG key -> logicRmi.cmport, value -> 17004 
2026-05-06 11:29:14 DEBUG key -> path, value -> webgame/platform/ 
2026-05-06 11:29:14 DEBUG key -> rmi.url, value -> rmi://localhost:19850/crossRankRMI 
2026-05-06 11:29:14 DEBUG key -> tag, value -> 24b0d14d02f7970e270d2b70dfab4ea62fc2390a 
2026-05-06 11:29:14 DEBUG key -> logicRmi.host, value -> localhost 
2026-05-06 11:29:14 DEBUG key -> jmxName, value -> llyx-sanguo 
2026-05-06 11:29:14 DEBUG key -> crossUrl, value -> ws://localhost 
2026-05-06 11:29:14 DEBUG key -> redis.maxWait, value -> 10000 
2026-05-06 11:29:14 DEBUG key -> version, value -> 1.1000 
2026-05-06 11:29:14 DEBUG key -> httpSwitch, value -> false 
2026-05-06 11:29:14 DEBUG key -> ws, value -> true 
2026-05-06 11:29:14 DEBUG key -> logicRmi.serviceName, value -> crossRankLogicRMI 
2026-05-06 11:29:14 DEBUG key -> redis.maxIdle, value -> 300 
2026-05-06 11:29:16 INFO  log_login|10000|21|10000000006|1|0|2026-05-06 11:29:16|2026-05-06 11:22:10|2026-05-06 11:29:16|2130706433|30501
2026-05-06 11:29:16 DEBUG saveAll: 10000000006, name: raconag, time: 2026-05-06 11:29:16 
2026-05-06 11:29:16 ERROR discard connection
com.mysql.jdbc.exceptions.jdbc4.CommunicationsException: Communications link failure

The last packet successfully received from the server was 57,542 milliseconds ago.  The last packet sent successfully to the server was 57,693 milliseconds ago.
	at sun.reflect.GeneratedConstructorAccessor174.newInstance(Unknown Source)
	at sun.reflect.DelegatingConstructorAccessorImpl.newInstance(DelegatingConstructorAccessorImpl.java:45)
	at java.lang.reflect.Constructor.newInstance(Constructor.java:423)
	at com.mysql.jdbc.Util.handleNewInstance(Util.java:377)
	at com.mysql.jdbc.SQLError.createCommunicationsException(SQLError.java:1036)
	at com.mysql.jdbc.MysqlIO.send(MysqlIO.java:3661)
	at com.mysql.jdbc.MysqlIO.sendCommand(MysqlIO.java:2417)
	at com.mysql.jdbc.MysqlIO.sqlQueryDirect(MysqlIO.java:2582)
	at com.mysql.jdbc.ConnectionImpl.execSQL(ConnectionImpl.java:2526)
	at com.mysql.jdbc.StatementImpl.executeUpdate(StatementImpl.java:1618)
	at com.mysql.jdbc.StatementImpl.executeUpdate(StatementImpl.java:1549)
	at com.alibaba.druid.filter.FilterChainImpl.statement_executeUpdate(FilterChainImpl.java:2377)
	at com.alibaba.druid.filter.FilterAdapter.statement_executeUpdate(FilterAdapter.java:2486)
	at com.alibaba.druid.filter.FilterEventAdapter.statement_executeUpdate(FilterEventAdapter.java:327)
	at com.alibaba.druid.filter.FilterChainImpl.statement_executeUpdate(FilterChainImpl.java:2375)
	at com.alibaba.druid.proxy.jdbc.StatementProxyImpl.executeUpdate(StatementProxyImpl.java:225)
	at com.alibaba.druid.pool.DruidPooledStatement.executeUpdate(DruidPooledStatement.java:166)
	at org.springframework.jdbc.core.JdbcTemplate$1UpdateStatementCallback.doInStatement(JdbcTemplate.java:523)
	at org.springframework.jdbc.core.JdbcTemplate$1UpdateStatementCallback.doInStatement(JdbcTemplate.java:520)
	at org.springframework.jdbc.core.JdbcTemplate.execute(JdbcTemplate.java:404)
	at org.springframework.jdbc.core.JdbcTemplate.update(JdbcTemplate.java:534)
	at com.linlongyx.core.framework.dao.proxy.EntityProxy.saveMY(EntityProxy.java:385)
	at com.linlongyx.core.framework.dao.proxy.EntityProxy.save(EntityProxy.java:363)
	at com.linlongyx.core.framework.dao.proxy.EntityProxy.saveAll(EntityProxy.java:344)
	at com.linlongyx.core.framework.logic.AbstractComponent.saveAllToDB(AbstractComponent.java:112)
	at com.linlongyx.sanguo.webgame.common.player.Player.saveAll(Player.java:382)
	at java.util.concurrent.ThreadPoolExecutor.runWorker(ThreadPoolExecutor.java:1149)
	at java.util.concurrent.ThreadPoolExecutor$Worker.run(ThreadPoolExecutor.java:624)
	at java.lang.Thread.run(Thread.java:748)
Caused by: java.net.SocketException: Connection reset by peer: socket write error
	at java.net.SocketOutputStream.socketWrite0(Native Method)
	at java.net.SocketOutputStream.socketWrite(SocketOutputStream.java:111)
	at java.net.SocketOutputStream.write(SocketOutputStream.java:155)
	at java.io.BufferedOutputStream.flushBuffer(BufferedOutputStream.java:82)
	at java.io.BufferedOutputStream.flush(BufferedOutputStream.java:140)
	at com.mysql.jdbc.MysqlIO.send(MysqlIO.java:3643)
	... 23 more
2026-05-06 11:29:16 ERROR EntityProxy::saveMY StatementCallback; SQL [REPLACE INTO `tb_destiny` (robTimes,refreshTimes,attacks,destinyStone,battles,lastResetTime,totalRobTimes,tasks,playerId,defenses) VALUES ( '6', '0', '[]', '0', '{}', '1778053403', '0', '[]', '10000000006', '[]')]; Communications link failure

The last packet successfully received from the server was 57,542 milliseconds ago.  The last packet sent successfully to the server was 57,693 milliseconds ago.; nested exception is com.mysql.jdbc.exceptions.jdbc4.CommunicationsException: Communications link failure

The last packet successfully received from the server was 57,542 milliseconds ago.  The last packet sent successfully to the server was 57,693 milliseconds ago. org.springframework.dao.RecoverableDataAccessException: StatementCallback; SQL [REPLACE INTO `tb_destiny` (robTimes,refreshTimes,attacks,destinyStone,battles,lastResetTime,totalRobTimes,tasks,playerId,defenses) VALUES ( '6', '0', '[]', '0', '{}', '1778053403', '0', '[]', '10000000006', '[]')]; Communications link failure

The last packet successfully received from the server was 57,542 milliseconds ago.  The last packet sent successfully to the server was 57,693 milliseconds ago.; nested exception is com.mysql.jdbc.exceptions.jdbc4.CommunicationsException: Communications link failure

The last packet successfully received from the server was 57,542 milliseconds ago.  The last packet sent successfully to the server was 57,693 milliseconds ago. 
2026-05-06 11:29:17 INFO  {dataSource-1} inited
2026-05-06 11:29:17 INFO  Loaded JDBC driver: com.mysql.jdbc.Driver
2026-05-06 11:29:20 WARN  Exception encountered during context initialization - cancelling refresh attempt: org.springframework.beans.factory.BeanCreationException: Error creating bean with name 'logicRmiManager' defined in class path resource [webgame/beans/server-beans.xml]: Invocation of init method failed; nested exception is java.rmi.server.ExportException: Port already in use: 0; nested exception is: 
	java.net.BindException: Address already in use: JVM_Bind
2026-05-06 11:29:20 DEBUG In stopServer method of class: com.linlongyx.core.framework.server.netty.NettyTCPServer
2026-05-06 11:29:20 DEBUG In stopServer method of class: com.linlongyx.core.framework.server.netty.NettyTCPServer
2026-05-06 11:29:20 DEBUG In stopServer method of class: com.linlongyx.core.framework.server.netty.NettyTCPServer
2026-05-06 11:29:20 ERROR DruidDataSourceEx close 
2026-05-06 11:29:20 WARN  Invocation of destroy method 'close' failed on bean with name 'druidDataSource': org.springframework.beans.factory.BeanCreationNotAllowedException: Error creating bean with name 'dbIncrementService': Singleton bean creation not allowed while the singletons of this factory are in destruction (Do not request a bean from a BeanFactory in a destroy method implementation!)
2026-05-06 11:29:20 ERROR Error creating bean with name 'logicRmiManager' defined in class path resource [webgame/beans/server-beans.xml]: Invocation of init method failed; nested exception is java.rmi.server.ExportException: Port already in use: 0; nested exception is: 
	java.net.BindException: Address already in use: JVM_Bind
org.springframework.beans.factory.BeanCreationException: Error creating bean with name 'logicRmiManager' defined in class path resource [webgame/beans/server-beans.xml]: Invocation of init method failed; nested exception is java.rmi.server.ExportException: Port already in use: 0; nested exception is: 
	java.net.BindException: Address already in use: JVM_Bind
	at org.springframework.beans.factory.support.AbstractAutowireCapableBeanFactory.initializeBean(AbstractAutowireCapableBeanFactory.java:1583)
	at org.springframework.beans.factory.support.AbstractAutowireCapableBeanFactory.doCreateBean(AbstractAutowireCapableBeanFactory.java:545)
	at org.springframework.beans.factory.support.AbstractAutowireCapableBeanFactory.createBean(AbstractAutowireCapableBeanFactory.java:482)
	at org.springframework.beans.factory.support.AbstractBeanFactory$1.getObject(AbstractBeanFactory.java:306)
	at org.springframework.beans.factory.support.DefaultSingletonBeanRegistry.getSingleton(DefaultSingletonBeanRegistry.java:230)
	at org.springframework.beans.factory.support.AbstractBeanFactory.doGetBean(AbstractBeanFactory.java:302)
	at org.springframework.beans.factory.support.AbstractBeanFactory.getBean(AbstractBeanFactory.java:197)
	at org.springframework.beans.factory.support.DefaultListableBeanFactory.preInstantiateSingletons(DefaultListableBeanFactory.java:751)
	at org.springframework.context.support.AbstractApplicationContext.finishBeanFactoryInitialization(AbstractApplicationContext.java:861)
	at org.springframework.context.support.AbstractApplicationContext.refresh(AbstractApplicationContext.java:541)
	at org.springframework.context.annotation.AnnotationConfigApplicationContext.<init>(AnnotationConfigApplicationContext.java:84)
	at com.linlongyx.sanguo.webgame.startup.GameServer.main(GameServer.java:49)
Caused by: java.rmi.server.ExportException: Port already in use: 0; nested exception is: 
	java.net.BindException: Address already in use: JVM_Bind
	at sun.rmi.transport.tcp.TCPTransport.listen(TCPTransport.java:346)
	at sun.rmi.transport.tcp.TCPTransport.exportObject(TCPTransport.java:254)
	at sun.rmi.transport.tcp.TCPEndpoint.exportObject(TCPEndpoint.java:411)
	at sun.rmi.transport.LiveRef.exportObject(LiveRef.java:147)
	at sun.rmi.server.UnicastServerRef.exportObject(UnicastServerRef.java:236)
	at java.rmi.server.UnicastRemoteObject.exportObject(UnicastRemoteObject.java:383)
	at java.rmi.server.UnicastRemoteObject.exportObject(UnicastRemoteObject.java:320)
	at java.rmi.server.UnicastRemoteObject.<init>(UnicastRemoteObject.java:198)
	at java.rmi.server.UnicastRemoteObject.<init>(UnicastRemoteObject.java:180)
	at com.linlongyx.sanguo.webgame.rmi.LogicRmiServer.<init>(LogicRmiServer.java:49)
	at com.linlongyx.sanguo.webgame.rmi.LogicRmiManager.publishRmi(LogicRmiManager.java:30)
	at sun.reflect.NativeMethodAccessorImpl.invoke0(Native Method)
	at sun.reflect.NativeMethodAccessorImpl.invoke(NativeMethodAccessorImpl.java:62)
	at sun.reflect.DelegatingMethodAccessorImpl.invoke(DelegatingMethodAccessorImpl.java:43)
	at java.lang.reflect.Method.invoke(Method.java:498)
	at org.springframework.beans.factory.support.AbstractAutowireCapableBeanFactory.invokeCustomInitMethod(AbstractAutowireCapableBeanFactory.java:1711)
	at org.springframework.beans.factory.support.AbstractAutowireCapableBeanFactory.invokeInitMethods(AbstractAutowireCapableBeanFactory.java:1650)
	at org.springframework.beans.factory.support.AbstractAutowireCapableBeanFactory.initializeBean(AbstractAutowireCapableBeanFactory.java:1579)
	... 11 more
Caused by: java.net.BindException: Address already in use: JVM_Bind
	at java.net.DualStackPlainSocketImpl.bind0(Native Method)
	at java.net.DualStackPlainSocketImpl.socketBind(DualStackPlainSocketImpl.java:106)
	at java.net.AbstractPlainSocketImpl.bind(AbstractPlainSocketImpl.java:387)
	at java.net.PlainSocketImpl.bind(PlainSocketImpl.java:190)
	at java.net.ServerSocket.bind(ServerSocket.java:375)
	at java.net.ServerSocket.<init>(ServerSocket.java:237)
	at java.net.ServerSocket.<init>(ServerSocket.java:128)
	at com.linlongyx.sanguo.webgame.rmi.SMRMISocket.createServerSocket(SMRMISocket.java:27)
	at sun.rmi.transport.tcp.TCPEndpoint.newServerSocket(TCPEndpoint.java:666)
	at sun.rmi.transport.tcp.TCPTransport.listen(TCPTransport.java:335)
	... 28 more
2026-05-06 11:29:20 ERROR Started version:  110000 
2026-05-06 11:29:30 DEBUG Producing instance of Job 'AUTO.JOBS', class=com.linlongyx.sanguo.webgame.quartz.QuartzJob
2026-05-06 11:29:30 DEBUG Calling execute on job AUTO.JOBS
2026-05-06 11:29:30 INFO  触发cmd：20005
2026-05-06 11:29:42 ERROR rankBossReBorn 1017 
2026-05-06 11:30:00 DEBUG Producing instance of Job 'AUTO.JOBS', class=com.linlongyx.sanguo.webgame.quartz.QuartzJob
2026-05-06 11:30:00 DEBUG Producing instance of Job 'AUTO.JOBS', class=com.linlongyx.sanguo.webgame.quartz.QuartzJob
2026-05-06 11:30:00 DEBUG Calling execute on job AUTO.JOBS
2026-05-06 11:30:00 DEBUG Producing instance of Job 'AUTO.JOBS', class=com.linlongyx.sanguo.webgame.quartz.QuartzJob
2026-05-06 11:30:00 DEBUG Calling execute on job AUTO.JOBS
2026-05-06 11:30:00 DEBUG Calling execute on job AUTO.JOBS
2026-05-06 11:30:00 INFO  log_data_per_hour|10000|1|1|2026-05-06 11:30:00
2026-05-06 11:30:00 INFO  触发cmd：20001
2026-05-06 11:30:00 INFO  触发cmd：20005
2026-05-06 11:30:00 WARN  Could not connect to RMI service [rmi://localhost:19850/crossRankRMI] - retrying
2026-05-06 11:30:00 INFO  触发cmd：20003
2026-05-06 11:30:12 ERROR rankBossReBorn 1001 
2026-05-06 11:30:30 DEBUG Producing instance of Job 'AUTO.JOBS', class=com.linlongyx.sanguo.webgame.quartz.QuartzJob
2026-05-06 11:30:30 DEBUG Calling execute on job AUTO.JOBS
2026-05-06 11:30:30 INFO  触发cmd：20005
2026-05-06 11:30:32 ERROR rankBossTimeOut 1004 
2026-05-06 11:31:00 DEBUG Producing instance of Job 'AUTO.JOBS', class=com.linlongyx.sanguo.webgame.quartz.QuartzJob
2026-05-06 11:31:00 DEBUG Calling execute on job AUTO.JOBS
2026-05-06 11:31:00 INFO  触发cmd：20005
2026-05-06 11:31:30 DEBUG Producing instance of Job 'AUTO.JOBS', class=com.linlongyx.sanguo.webgame.quartz.QuartzJob
2026-05-06 11:31:30 DEBUG Calling execute on job AUTO.JOBS
2026-05-06 11:31:30 INFO  触发cmd：20005
2026-05-06 11:31:52 ERROR rankBossTimeOut 1001 
2026-05-06 11:32:00 DEBUG Producing instance of Job 'AUTO.JOBS', class=com.linlongyx.sanguo.webgame.quartz.QuartzJob
2026-05-06 11:32:00 DEBUG Calling execute on job AUTO.JOBS
2026-05-06 11:32:00 INFO  触发cmd：20005
2026-05-06 11:32:12 ERROR rankBossTimeOut 1002 
2026-05-06 11:32:12 ERROR rankBossReBorn 1003 
2026-05-06 11:32:12 ERROR rankBossReBorn 1008 
2026-05-06 11:32:12 ERROR rankBossTimeOut 1010 
2026-05-06 11:32:12 ERROR rankBossReBorn 1018 
2026-05-06 11:32:12 ERROR rankBossTimeOut 1020 
2026-05-06 11:32:30 DEBUG Producing instance of Job 'AUTO.JOBS', class=com.linlongyx.sanguo.webgame.quartz.QuartzJob
2026-05-06 11:32:30 DEBUG Calling execute on job AUTO.JOBS
2026-05-06 11:32:30 INFO  触发cmd：20005
2026-05-06 11:32:52 ERROR rankBossReBorn 1001 
2026-05-06 11:33:00 DEBUG Producing instance of Job 'AUTO.JOBS', class=com.linlongyx.sanguo.webgame.quartz.QuartzJob
2026-05-06 11:33:00 DEBUG Calling execute on job AUTO.JOBS
2026-05-06 11:33:00 INFO  触发cmd：20005
2026-05-06 11:33:30 DEBUG Producing instance of Job 'AUTO.JOBS', class=com.linlongyx.sanguo.webgame.quartz.QuartzJob
2026-05-06 11:33:30 DEBUG Calling execute on job AUTO.JOBS
2026-05-06 11:33:30 INFO  触发cmd：20005
2026-05-06 11:34:00 DEBUG Producing instance of Job 'AUTO.JOBS', class=com.linlongyx.sanguo.webgame.quartz.QuartzJob
2026-05-06 11:34:00 DEBUG Calling execute on job AUTO.JOBS
2026-05-06 11:34:00 INFO  触发cmd：20005
2026-05-06 11:34:30 DEBUG Producing instance of Job 'AUTO.JOBS', class=com.linlongyx.sanguo.webgame.quartz.QuartzJob
2026-05-06 11:34:30 DEBUG Calling execute on job AUTO.JOBS
2026-05-06 11:34:30 INFO  触发cmd：20005
2026-05-06 11:34:32 ERROR rankBossTimeOut 1001 
2026-05-06 11:34:42 ERROR rankBossReBorn 1002 
2026-05-06 11:34:42 ERROR rankBossReBorn 1005 
2026-05-06 11:35:00 DEBUG Producing instance of Job 'AUTO.JOBS', class=com.linlongyx.sanguo.webgame.quartz.QuartzJob
2026-05-06 11:35:00 DEBUG Calling execute on job AUTO.JOBS
2026-05-06 11:35:00 DEBUG Producing instance of Job 'AUTO.JOBS', class=com.linlongyx.sanguo.webgame.quartz.QuartzJob
2026-05-06 11:35:00 DEBUG Calling execute on job AUTO.JOBS
2026-05-06 11:35:00 INFO  触发cmd：20003
2026-05-06 11:35:00 INFO  触发cmd：20005
2026-05-06 11:35:00 ERROR destiny rank refresh 
2026-05-06 11:35:30 DEBUG Producing instance of Job 'AUTO.JOBS', class=com.linlongyx.sanguo.webgame.quartz.QuartzJob
2026-05-06 11:35:30 DEBUG Calling execute on job AUTO.JOBS
2026-05-06 11:35:30 INFO  触发cmd：20005
2026-05-06 11:35:32 ERROR rankBossReBorn 1001 
2026-05-06 11:35:32 ERROR rankBossReBorn 1004 
2026-05-06 11:35:33 ERROR rankBossTimeOut 1006 
2026-05-06 11:36:00 DEBUG Producing instance of Job 'AUTO.JOBS', class=com.linlongyx.sanguo.webgame.quartz.QuartzJob
2026-05-06 11:36:00 DEBUG Calling execute on job AUTO.JOBS
2026-05-06 11:36:00 INFO  触发cmd：20005
2026-05-06 11:36:22 ERROR rankBossTimeOut 1011 
2026-05-06 11:36:30 DEBUG Producing instance of Job 'AUTO.JOBS', class=com.linlongyx.sanguo.webgame.quartz.QuartzJob
2026-05-06 11:36:30 DEBUG Calling execute on job AUTO.JOBS
2026-05-06 11:36:30 INFO  触发cmd：20005
2026-05-06 11:37:00 DEBUG Producing instance of Job 'AUTO.JOBS', class=com.linlongyx.sanguo.webgame.quartz.QuartzJob
2026-05-06 11:37:00 DEBUG Calling execute on job AUTO.JOBS
2026-05-06 11:37:00 INFO  触发cmd：20005
2026-05-06 11:37:12 ERROR rankBossTimeOut 1001 
2026-05-06 11:37:12 ERROR rankBossTimeOut 1003 
2026-05-06 11:37:12 ERROR rankBossReBorn 1009 
2026-05-06 11:37:12 ERROR neutralBossBeanTimeOut 60001011 
2026-05-06 11:37:12 ERROR neutralBossBeanTimeOut 60001010 
2026-05-06 11:37:12 ERROR neutralBossBeanTimeOut 60001009 
2026-05-06 11:37:12 ERROR neutralBossBeanTimeOut 60001008 
2026-05-06 11:37:12 ERROR neutralBossBeanTimeOut 60001012 
2026-05-06 11:37:12 ERROR neutralBossBeanTimeOut 60001019 
2026-05-06 11:37:12 ERROR neutralBossBeanTimeOut 60001018 
2026-05-06 11:37:12 ERROR neutralBossBeanTimeOut 60001017 
2026-05-06 11:37:12 ERROR neutralBossBeanTimeOut 60001016 
2026-05-06 11:37:12 ERROR neutralBossBeanTimeOut 60001020 
2026-05-06 11:37:12 ERROR neutralBossBeanTimeOut 60001003 
2026-05-06 11:37:12 ERROR neutralBossBeanTimeOut 60001002 
2026-05-06 11:37:12 ERROR neutralBossBeanTimeOut 60001001 
2026-05-06 11:37:12 ERROR neutralBossBeanTimeOut 60001004 
2026-05-06 11:37:30 DEBUG Producing instance of Job 'AUTO.JOBS', class=com.linlongyx.sanguo.webgame.quartz.QuartzJob
2026-05-06 11:37:30 DEBUG Calling execute on job AUTO.JOBS
2026-05-06 11:37:30 INFO  触发cmd：20005
2026-05-06 11:38:00 DEBUG Producing instance of Job 'AUTO.JOBS', class=com.linlongyx.sanguo.webgame.quartz.QuartzJob
2026-05-06 11:38:00 DEBUG Calling execute on job AUTO.JOBS
2026-05-06 11:38:00 INFO  触发cmd：20005
2026-05-06 11:38:02 ERROR rankBossTimeOut 1002 
2026-05-06 11:38:12 ERROR rankBossReBorn 1001 
2026-05-06 11:38:30 DEBUG Producing instance of Job 'AUTO.JOBS', class=com.linlongyx.sanguo.webgame.quartz.QuartzJob
2026-05-06 11:38:30 DEBUG Calling execute on job AUTO.JOBS
2026-05-06 11:38:30 INFO  触发cmd：20005
2026-05-06 11:39:00 DEBUG Producing instance of Job 'AUTO.JOBS', class=com.linlongyx.sanguo.webgame.quartz.QuartzJob
2026-05-06 11:39:00 DEBUG Calling execute on job AUTO.JOBS
2026-05-06 11:39:00 INFO  触发cmd：20005
2026-05-06 11:39:16 DEBUG saveAll: 10000000006, name: raconag, time: 2026-05-06 11:39:16 
2026-05-06 11:39:30 DEBUG Producing instance of Job 'AUTO.JOBS', class=com.linlongyx.sanguo.webgame.quartz.QuartzJob
2026-05-06 11:39:30 DEBUG Calling execute on job AUTO.JOBS
2026-05-06 11:39:30 INFO  触发cmd：20005
2026-05-06 11:39:52 ERROR rankBossTimeOut 1001 
2026-05-06 11:40:00 DEBUG Producing instance of Job 'AUTO.JOBS', class=com.linlongyx.sanguo.webgame.quartz.QuartzJob
2026-05-06 11:40:00 DEBUG Calling execute on job AUTO.JOBS
2026-05-06 11:40:00 DEBUG Producing instance of Job 'AUTO.JOBS', class=com.linlongyx.sanguo.webgame.quartz.QuartzJob
2026-05-06 11:40:00 INFO  触发cmd：20003
2026-05-06 11:40:00 DEBUG Calling execute on job AUTO.JOBS
2026-05-06 11:40:00 ERROR destiny rank refresh 
2026-05-06 11:40:00 INFO  触发cmd：20005
2026-05-06 11:40:30 DEBUG Producing instance of Job 'AUTO.JOBS', class=com.linlongyx.sanguo.webgame.quartz.QuartzJob
2026-05-06 11:40:30 DEBUG Calling execute on job AUTO.JOBS
2026-05-06 11:40:30 INFO  触发cmd：20005
2026-05-06 11:40:32 ERROR rankBossReBorn 1002 
2026-05-06 11:40:32 ERROR rankBossReBorn 1003 
2026-05-06 11:40:32 ERROR rankBossTimeOut 1012 
2026-05-06 11:40:52 ERROR rankBossReBorn 1001 
2026-05-06 11:41:00 DEBUG Producing instance of Job 'AUTO.JOBS', class=com.linlongyx.sanguo.webgame.quartz.QuartzJob
2026-05-06 11:41:00 DEBUG Calling execute on job AUTO.JOBS
2026-05-06 11:41:00 INFO  触发cmd：20005
2026-05-06 11:41:22 ERROR rankBossReBorn 1019 
2026-05-06 11:41:30 DEBUG Producing instance of Job 'AUTO.JOBS', class=com.linlongyx.sanguo.webgame.quartz.QuartzJob
2026-05-06 11:41:30 DEBUG Calling execute on job AUTO.JOBS
2026-05-06 11:41:30 INFO  触发cmd：20005
2026-05-06 11:42:00 DEBUG Producing instance of Job 'AUTO.JOBS', class=com.linlongyx.sanguo.webgame.quartz.QuartzJob
2026-05-06 11:42:00 DEBUG Calling execute on job AUTO.JOBS
2026-05-06 11:42:00 INFO  触发cmd：20005
2026-05-06 11:42:12 ERROR rankBossTimeOut 1007 
2026-05-06 11:42:12 ERROR rankBossReBorn 1010 
2026-05-06 11:42:13 ERROR rankBossReBorn 1006 
2026-05-06 11:42:30 DEBUG Producing instance of Job 'AUTO.JOBS', class=com.linlongyx.sanguo.webgame.quartz.QuartzJob
2026-05-06 11:42:30 DEBUG Calling execute on job AUTO.JOBS
2026-05-06 11:42:30 INFO  触发cmd：20005
2026-05-06 11:42:32 ERROR rankBossTimeOut 1001 
2026-05-06 11:43:00 DEBUG Producing instance of Job 'AUTO.JOBS', class=com.linlongyx.sanguo.webgame.quartz.QuartzJob
2026-05-06 11:43:00 DEBUG Calling execute on job AUTO.JOBS
2026-05-06 11:43:00 INFO  触发cmd：20005
2026-05-06 11:43:30 DEBUG Producing instance of Job 'AUTO.JOBS', class=com.linlongyx.sanguo.webgame.quartz.QuartzJob
2026-05-06 11:43:30 DEBUG Calling execute on job AUTO.JOBS
2026-05-06 11:43:30 INFO  触发cmd：20005
2026-05-06 11:43:32 ERROR rankBossReBorn 1001 
2026-05-06 11:43:52 ERROR rankBossTimeOut 1002 
2026-05-06 11:43:52 ERROR rankBossTimeOut 1004 
2026-05-06 11:44:00 DEBUG Producing instance of Job 'AUTO.JOBS', class=com.linlongyx.sanguo.webgame.quartz.QuartzJob
2026-05-06 11:44:00 DEBUG Calling execute on job AUTO.JOBS
2026-05-06 11:44:00 INFO  触发cmd：20005
2026-05-06 11:44:30 DEBUG Producing instance of Job 'AUTO.JOBS', class=com.linlongyx.sanguo.webgame.quartz.QuartzJob
2026-05-06 11:44:30 DEBUG Calling execute on job AUTO.JOBS
2026-05-06 11:44:30 INFO  触发cmd：20005
2026-05-06 11:44:42 ERROR rankBossTimeOut 1013 
2026-05-06 11:45:00 DEBUG Producing instance of Job 'AUTO.JOBS', class=com.linlongyx.sanguo.webgame.quartz.QuartzJob
2026-05-06 11:45:00 DEBUG Calling execute on job AUTO.JOBS
2026-05-06 11:45:00 DEBUG Producing instance of Job 'AUTO.JOBS', class=com.linlongyx.sanguo.webgame.quartz.QuartzJob
2026-05-06 11:45:00 DEBUG Calling execute on job AUTO.JOBS
2026-05-06 11:45:00 ERROR groupAdd 55 1101 
2026-05-06 11:45:00 INFO  触发cmd：20003
2026-05-06 11:45:00 INFO  触发cmd：20005
2026-05-06 11:45:00 ERROR destiny rank refresh 
2026-05-06 11:45:12 ERROR rankBossTimeOut 1001 
2026-05-06 11:45:30 DEBUG Producing instance of Job 'AUTO.JOBS', class=com.linlongyx.sanguo.webgame.quartz.QuartzJob
2026-05-06 11:45:30 DEBUG Calling execute on job AUTO.JOBS
2026-05-06 11:45:30 INFO  触发cmd：20005
2026-05-06 11:45:32 ERROR rankBossTimeOut 1003 
2026-05-06 11:46:00 DEBUG Producing instance of Job 'AUTO.JOBS', class=com.linlongyx.sanguo.webgame.quartz.QuartzJob
2026-05-06 11:46:00 DEBUG Calling execute on job AUTO.JOBS
2026-05-06 11:46:00 INFO  触发cmd：20005
2026-05-06 11:46:12 ERROR rankBossReBorn 1001 
2026-05-06 11:46:22 ERROR rankBossReBorn 1002 
2026-05-06 11:46:22 ERROR rankBossTimeOut 1005 
2026-05-06 11:46:30 DEBUG Producing instance of Job 'AUTO.JOBS', class=com.linlongyx.sanguo.webgame.quartz.QuartzJob
2026-05-06 11:46:30 DEBUG Calling execute on job AUTO.JOBS
2026-05-06 11:46:30 INFO  触发cmd：20005
2026-05-06 11:47:00 DEBUG Producing instance of Job 'AUTO.JOBS', class=com.linlongyx.sanguo.webgame.quartz.QuartzJob
2026-05-06 11:47:00 DEBUG Calling execute on job AUTO.JOBS
2026-05-06 11:47:00 INFO  触发cmd：20005
2026-05-06 11:47:12 ERROR rankBossReBorn 1011 
2026-05-06 11:47:30 DEBUG Producing instance of Job 'AUTO.JOBS', class=com.linlongyx.sanguo.webgame.quartz.QuartzJob
2026-05-06 11:47:30 DEBUG Calling execute on job AUTO.JOBS
2026-05-06 11:47:30 INFO  触发cmd：20005
2026-05-06 11:47:52 ERROR rankBossTimeOut 1001 
2026-05-06 11:48:00 DEBUG Producing instance of Job 'AUTO.JOBS', class=com.linlongyx.sanguo.webgame.quartz.QuartzJob
2026-05-06 11:48:00 DEBUG Calling execute on job AUTO.JOBS
2026-05-06 11:48:00 INFO  触发cmd：20005
2026-05-06 11:53:55 INFO  Refreshing org.springframework.context.annotation.AnnotationConfigApplicationContext@61064425: startup date [Wed May 06 11:53:55 EET 2026]; root of context hierarchy
2026-05-06 11:53:55 INFO  Loading XML bean definitions from class path resource [webgame/beans/server-beans.xml]
2026-05-06 11:53:55 INFO  Loading XML bean definitions from class path resource [webgame/beans/mysql-beans.xml]
2026-05-06 11:53:55 INFO  Loading XML bean definitions from class path resource [webgame/beans/service-beans.xml]
2026-05-06 11:53:55 INFO  Loading XML bean definitions from class path resource [webgame/beans/mysql-beans.xml]
2026-05-06 11:53:55 INFO  Loading XML bean definitions from class path resource [webgame/beans/data-beans.xml]
2026-05-06 11:53:56 INFO  Loading properties file from class path resource [webgame/props/webgame.properties]
2026-05-06 11:53:56 INFO  Loading properties file from class path resource [webgame/props/mysql.properties]
2026-05-06 11:53:56 INFO  Loading properties file from class path resource [webgame/props/redis.properties]
2026-05-06 11:53:56 INFO  Loading properties file from class path resource [version.properties]
2026-05-06 11:53:56 DEBUG 加载配置文件 
2026-05-06 11:53:56 DEBUG key -> platform, value -> test 
2026-05-06 11:53:56 DEBUG key -> businessThreadCount, value -> 10 
2026-05-06 11:53:56 DEBUG key -> svn, value -> 32883 
2026-05-06 11:53:56 DEBUG key -> jdbc.url, value -> jdbc:mysql://localhost:3306/sanguo_game?useUnicode=true&characterEncoding=utf8 
2026-05-06 11:53:56 DEBUG key -> secretKey, value -> 5Jqxjo10Yl2ElQCwJm 
2026-05-06 11:53:56 DEBUG key -> so.backlog, value -> 128 
2026-05-06 11:53:56 DEBUG key -> url, value -> http://localhost 
2026-05-06 11:53:56 DEBUG key -> redis.testOnBorrow, value -> true 
2026-05-06 11:53:56 DEBUG key -> serverId, value -> 10000 
2026-05-06 11:53:56 DEBUG key -> redis.maxTotal, value -> 600 
2026-05-06 11:53:56 DEBUG key -> serverName, value -> å°æ¸¸æ1æ 
2026-05-06 11:53:56 DEBUG key -> logserver.isOpen, value -> false 
2026-05-06 11:53:56 DEBUG key -> redis.port, value -> 6379 
2026-05-06 11:53:56 DEBUG key -> jmxPort, value -> 19301 
2026-05-06 11:53:56 DEBUG key -> redis.db, value -> 13 
2026-05-06 11:53:56 DEBUG key -> redis.timeout, value -> 5000 
2026-05-06 11:53:56 DEBUG key -> logserver.port, value -> 6000 
2026-05-06 11:53:56 DEBUG key -> jdbc.user, value -> root 
2026-05-06 11:53:56 DEBUG key -> keystorePass, value ->  
2026-05-06 11:53:56 DEBUG key -> characterEncoding, value -> UTF-8 
2026-05-06 11:53:56 DEBUG key -> logicRmi.port, value -> 17003 
2026-05-06 11:53:56 DEBUG key -> debug, value -> true 
2026-05-06 11:53:56 DEBUG key -> wss, value -> false 
2026-05-06 11:53:56 DEBUG key -> dataLocation, value -> cn 
2026-05-06 11:53:56 DEBUG key -> useUnicode, value -> true 
2026-05-06 11:53:56 DEBUG key -> redis.pass, value -> e5968b5bd4f916e4 
2026-05-06 11:53:56 DEBUG key -> jmxPass, value -> g6UoONwr6joi1ApG 
2026-05-06 11:53:56 DEBUG key -> appId, value -> 100962 
2026-05-06 11:53:56 DEBUG key -> jks, value -> localhost 
2026-05-06 11:53:56 DEBUG key -> so.keepalive, value -> true 
2026-05-06 11:53:56 DEBUG key -> http.port, value -> 19201 
2026-05-06 11:53:56 DEBUG key -> jdbc.driverClassName, value -> com.mysql.jdbc.Driver 
2026-05-06 11:53:56 DEBUG key -> cchId, value -> 392 
2026-05-06 11:53:56 DEBUG key -> workerThreadCount, value -> 14 
2026-05-06 11:53:56 DEBUG key -> bossThreadCount, value -> 1 
2026-05-06 11:53:56 DEBUG key -> redis.host, value -> localhost 
2026-05-06 11:53:56 DEBUG key -> logserver.host, value -> localhost 
2026-05-06 11:53:56 DEBUG key -> openTime, value -> 2017-09-02 00:00:00 
2026-05-06 11:53:56 DEBUG key -> logserver.dataPath, value -> ./log 
2026-05-06 11:53:56 DEBUG key -> wordLocation, value -> cn 
2026-05-06 11:53:56 DEBUG key -> ws.port, value -> 19101 
2026-05-06 11:53:56 DEBUG key -> jdbc.password, value -> EghgTJGqPmZ9RQiW 
2026-05-06 11:53:56 DEBUG key -> logicRmi.cmport, value -> 17004 
2026-05-06 11:53:56 DEBUG key -> path, value -> webgame/platform/ 
2026-05-06 11:53:56 DEBUG key -> rmi.url, value -> rmi://localhost:19850/crossRankRMI 
2026-05-06 11:53:56 DEBUG key -> tag, value -> 24b0d14d02f7970e270d2b70dfab4ea62fc2390a 
2026-05-06 11:53:56 DEBUG key -> logicRmi.host, value -> localhost 
2026-05-06 11:53:56 DEBUG key -> jmxName, value -> llyx-sanguo 
2026-05-06 11:53:56 DEBUG key -> crossUrl, value -> ws://localhost 
2026-05-06 11:53:56 DEBUG key -> redis.maxWait, value -> 10000 
2026-05-06 11:53:56 DEBUG key -> version, value -> 1.1000 
2026-05-06 11:53:56 DEBUG key -> httpSwitch, value -> false 
2026-05-06 11:53:56 DEBUG key -> ws, value -> true 
2026-05-06 11:53:56 DEBUG key -> logicRmi.serviceName, value -> crossRankLogicRMI 
2026-05-06 11:53:56 DEBUG key -> redis.maxIdle, value -> 300 
2026-05-06 11:53:57 INFO  {dataSource-1} inited
2026-05-06 11:53:57 INFO  Loaded JDBC driver: com.mysql.jdbc.Driver
2026-05-06 11:54:00 ERROR LogicRmiManager::publish rmi service url: {} rmi://localhost:17003/crossRankLogicRMI 
2026-05-06 11:54:18 ERROR ContinuityParameter {1={"actId":1,"startTime":1682974800,"endTime":1683579600,"closeTime":0}, 2={"actId":2,"startTime":1683234000,"endTime":1683838800,"closeTime":0}, 3={"actId":3,"startTime":1551733200,"endTime":1552337999,"closeTime":0}} 
2026-05-06 11:54:20 DEBUG {conn-10004, pstmt-20016} enter cache
2026-05-06 11:54:20 DEBUG {conn-10004, pstmt-20017} enter cache
2026-05-06 11:54:20 ERROR update group Pre:update tb_group set id=10000000000 + id where id != 0 and id<=10000000000; 
2026-05-06 11:54:20 ERROR update groupMember Pre:update tb_groupMember set id=10000000000 + id where id != 0 and id<=10000000000; 
2026-05-06 11:54:22 DEBUG server open days: 1101, rankAct id: 15, state: Expire 
2026-05-06 11:54:22 DEBUG server open days: 1101, rankAct id: 16, state: Expire 
2026-05-06 11:54:22 DEBUG server open days: 1101, rankAct id: 17, state: Expire 
2026-05-06 11:54:22 DEBUG server open days: 1101, rankAct id: 18, state: Expire 
2026-05-06 11:54:22 DEBUG server open days: 1101, rankAct id: 19, state: Expire 
2026-05-06 11:54:22 DEBUG server open days: 1101, rankAct id: 20, state: Expire 
2026-05-06 11:54:22 DEBUG server open days: 1101, rankAct id: 21, state: Expire 
2026-05-06 11:54:23 WARN  Unknown channel option 'SO_KEEPALIVE' for channel '[id: 0xdeb42c11]'
2026-05-06 11:54:23 WARN  Unknown channel option 'SO_KEEPALIVE' for channel '[id: 0x39eacc56]'
2026-05-06 11:54:23 INFO  Using default implementation for ThreadExecutor
2026-05-06 11:54:23 INFO  Initialized Scheduler Signaller of type: class org.quartz.core.SchedulerSignalerImpl
2026-05-06 11:54:23 INFO  Quartz Scheduler v.1.8.6 created.
2026-05-06 11:54:23 INFO  Registering Quartz Job Initialization Plug-in.
2026-05-06 11:54:23 INFO  RAMJobStore initialized.
2026-05-06 11:54:23 INFO  Scheduler meta-data: Quartz Scheduler (v1.8.6) 'AUTO' with instanceId 'NON_CLUSTERED'
  Scheduler class: 'org.quartz.core.QuartzScheduler' - running locally.
  NOT STARTED.
  Currently in standby mode.
  Number of jobs executed: 0
  Using thread pool 'org.quartz.simpl.SimpleThreadPool' - with 5 threads.
  Using job-store 'org.quartz.simpl.RAMJobStore' - which does not support persistence. and is not clustered.

2026-05-06 11:54:23 INFO  Quartz scheduler 'AUTO' initialized from default resource file in Quartz package: 'quartz.properties'
2026-05-06 11:54:23 INFO  Quartz scheduler version: 1.8.6
2026-05-06 11:54:23 DEBUG Utilizing schema packaged in local quartz distribution jar.
2026-05-06 11:54:23 INFO  Parsing XML file: quartz_jobs.xml with systemId: quartz_jobs.xml
2026-05-06 11:54:23 DEBUG Found 0 delete job group commands.
2026-05-06 11:54:23 DEBUG Found 0 delete trigger group commands.
2026-05-06 11:54:23 DEBUG Found 0 delete job commands.
2026-05-06 11:54:23 DEBUG Found 0 delete trigger commands.
2026-05-06 11:54:23 DEBUG Directive 'overwrite-existing-data' not specified, defaulting to true
2026-05-06 11:54:23 DEBUG Directive 'ignore-duplicates' not specified, defaulting to false
2026-05-06 11:54:23 DEBUG Found 1 job definitions.
2026-05-06 11:54:23 DEBUG Parsed job definition: JobDetail 'AUTO.JOBS':  jobClass: 'com.linlongyx.sanguo.webgame.quartz.QuartzJob isStateful: false isVolatile: false isDurable: false requestsRecovers: false
2026-05-06 11:54:23 DEBUG Found 11 trigger definitions.
2026-05-06 11:54:23 DEBUG Parsed trigger definition: Trigger 'DEFAULT.10000':  triggerClass: 'org.quartz.CronTrigger isVolatile: false calendar: 'null' misfireInstruction: 0 nextFireTime: null
2026-05-06 11:54:23 DEBUG Parsed trigger definition: Trigger 'DEFAULT.10001':  triggerClass: 'org.quartz.CronTrigger isVolatile: false calendar: 'null' misfireInstruction: 0 nextFireTime: null
2026-05-06 11:54:23 DEBUG Parsed trigger definition: Trigger 'DEFAULT.10002':  triggerClass: 'org.quartz.CronTrigger isVolatile: false calendar: 'null' misfireInstruction: 0 nextFireTime: null
2026-05-06 11:54:23 DEBUG Parsed trigger definition: Trigger 'DEFAULT.10010':  triggerClass: 'org.quartz.CronTrigger isVolatile: false calendar: 'null' misfireInstruction: 0 nextFireTime: null
2026-05-06 11:54:23 DEBUG Parsed trigger definition: Trigger 'DEFAULT.10011':  triggerClass: 'org.quartz.CronTrigger isVolatile: false calendar: 'null' misfireInstruction: 0 nextFireTime: null
2026-05-06 11:54:23 DEBUG Parsed trigger definition: Trigger 'DEFAULT.10012':  triggerClass: 'org.quartz.CronTrigger isVolatile: false calendar: 'null' misfireInstruction: 0 nextFireTime: null
2026-05-06 11:54:24 DEBUG Parsed trigger definition: Trigger 'DEFAULT.20001':  triggerClass: 'org.quartz.CronTrigger isVolatile: false calendar: 'null' misfireInstruction: 0 nextFireTime: null
2026-05-06 11:54:24 DEBUG Parsed trigger definition: Trigger 'DEFAULT.20003':  triggerClass: 'org.quartz.CronTrigger isVolatile: false calendar: 'null' misfireInstruction: 0 nextFireTime: null
2026-05-06 11:54:24 DEBUG Parsed trigger definition: Trigger 'DEFAULT.20004':  triggerClass: 'org.quartz.CronTrigger isVolatile: false calendar: 'null' misfireInstruction: 0 nextFireTime: null
2026-05-06 11:54:24 DEBUG Parsed trigger definition: Trigger 'DEFAULT.20005':  triggerClass: 'org.quartz.CronTrigger isVolatile: false calendar: 'null' misfireInstruction: 0 nextFireTime: null
2026-05-06 11:54:24 DEBUG Parsed trigger definition: Trigger 'DEFAULT.20006':  triggerClass: 'org.quartz.CronTrigger isVolatile: false calendar: 'null' misfireInstruction: 0 nextFireTime: null
2026-05-06 11:54:24 INFO  Adding 1 jobs, 11 triggers.
2026-05-06 11:54:24 INFO  Adding job: AUTO.JOBS
2026-05-06 11:54:24 DEBUG Scheduling job: AUTO.JOBS with trigger: DEFAULT.10000
2026-05-06 11:54:24 DEBUG Scheduling job: AUTO.JOBS with trigger: DEFAULT.10001
2026-05-06 11:54:24 DEBUG Scheduling job: AUTO.JOBS with trigger: DEFAULT.10002
2026-05-06 11:54:24 DEBUG Scheduling job: AUTO.JOBS with trigger: DEFAULT.10010
2026-05-06 11:54:24 DEBUG Scheduling job: AUTO.JOBS with trigger: DEFAULT.10011
2026-05-06 11:54:24 DEBUG Scheduling job: AUTO.JOBS with trigger: DEFAULT.10012
2026-05-06 11:54:24 DEBUG Scheduling job: AUTO.JOBS with trigger: DEFAULT.20001
2026-05-06 11:54:24 DEBUG Scheduling job: AUTO.JOBS with trigger: DEFAULT.20003
2026-05-06 11:54:24 DEBUG Scheduling job: AUTO.JOBS with trigger: DEFAULT.20004
2026-05-06 11:54:24 DEBUG Scheduling job: AUTO.JOBS with trigger: DEFAULT.20005
2026-05-06 11:54:24 DEBUG Scheduling job: AUTO.JOBS with trigger: DEFAULT.20006
2026-05-06 11:54:24 INFO  Scheduler AUTO_$_NON_CLUSTERED started.
2026-05-06 11:54:24 DEBUG Reading descriptors ( dom ) 15
2026-05-06 11:54:24 DEBUG Using existing MBeanServer 0
2026-05-06 11:54:24 DEBUG default constructor
2026-05-06 11:54:24 DEBUG preRegister com.linlongyx.sanguo.webgame.service.LookUpService@4b4dd216 onlineNum:Click=ShowDetail
2026-05-06 11:54:24 DEBUG default constructor
2026-05-06 11:54:24 DEBUG preRegister com.linlongyx.sanguo.webgame.service.JsonTableService@5ca17ab0 reload:Click=reloadJson
2026-05-06 11:54:24 DEBUG default constructor
2026-05-06 11:54:24 DEBUG preRegister com.linlongyx.core.utils.ChatUtil@5a62b2a4 reload:Click=reloadSensitive
2026-05-06 11:54:24 ERROR Started version:  110000 
2026-05-06 11:54:24 DEBUG Checking for available updated version of Quartz...
2026-05-06 11:54:24 DEBUG Quartz version update check failed: Server returned HTTP response code: 403 for URL: http://www.terracotta.org/kit/reflector?kitID=quartz&pageID=update.properties&id=-1442953116&os-name=Windows+10&jvm-name=Java+HotSpot%28TM%29+64-Bit+Server+VM&jvm-version=1.8.0_181&platform=amd64&tc-version=1.8.6&tc-product=Quartz&source=Quartz&uptime-secs=1&patch=UNKNOWN
2026-05-06 11:54:30 DEBUG Producing instance of Job 'AUTO.JOBS', class=com.linlongyx.sanguo.webgame.quartz.QuartzJob
2026-05-06 11:54:30 DEBUG Calling execute on job AUTO.JOBS
2026-05-06 11:54:30 INFO  触发cmd：20005
2026-05-06 11:55:00 DEBUG Producing instance of Job 'AUTO.JOBS', class=com.linlongyx.sanguo.webgame.quartz.QuartzJob
2026-05-06 11:55:00 DEBUG Producing instance of Job 'AUTO.JOBS', class=com.linlongyx.sanguo.webgame.quartz.QuartzJob
2026-05-06 11:55:00 DEBUG Calling execute on job AUTO.JOBS
2026-05-06 11:55:00 DEBUG Calling execute on job AUTO.JOBS
2026-05-06 11:55:00 ERROR destiny rank refresh 
2026-05-06 11:55:00 INFO  触发cmd：20003
2026-05-06 11:55:00 INFO  触发cmd：20005
2026-05-06 11:55:09 INFO  初始化 消息处理器成功
2026-05-06 11:55:17 ERROR LoginInfoProcessor::handleRequest 21 10000 0 
2026-05-06 11:55:17 ERROR EnterGameProcessor::handleRequest userId: 21 playerId: 0 request.playerId: 10000000006 nanoTime: 10433946034200 
2026-05-06 11:55:21 DEBUG default constructor
2026-05-06 11:55:21 DEBUG preRegister RechargeRebateComponent:;<br>DestinyComponent:DestinyEntity{playerId=10000000006, attacks=[], defenses=[], battles={}, robTimes=6, totalRobTimes=0, refreshTimes=0, tasks=[], destinyStone=0, lastResetTime=1778053403};<br>ChatComponent:;<br>MountsComponent:;<br>CrossRankActComponent:;<br>TowerComponent:TowerEntity{playerId=10000000006, curLayers=0, preLayers=0, todayNormalReward=0, todayCCYReward=0, passTime=0, actPlayTime={}, mobai=1, needSend=0, records=[]};<br>ArenaComponent:ArenaEntity{playerId=10000000006, rank=3001, maxRank=0, reports=[], fightTimes=0, lastTime=0, buyTimes=0, eliminateTimes=0, totalFightTimes=0};<br>TurnplateComponent:;<br>InvitationComponent:ExtendEntity{playerId=10000000006, recruitInvitation=false, wxInfo=[], levelRewards={}, chargeRewards={}, normalRewards=[], invitationNum=0, invitationTotal=0, nextTime=0, levelNumMap={}, numMap={}};<br>CrossRaceComponent:com.linlongyx.sanguo.webgame.app.crossRace.CrossRaceEntity$$EnhancerByCGLIB$$f8680dfd@3ea4b19a;<br>GroupMemberComponent:GroupMemberEntity{playerId=10000000006, id=0, position=0, applySet=[], totalOffer=0, sacrificeBox=[], sacrificeType=0, skills={}, listOpen=false, playerRewards={}, fightTimes=0, lastResettime=0, totalTimes=0};<br>PartnerComponent:PartnerEntity{playerId=10000000006, pid=1, tableId=4504, stars=0, level=13, exp=0, wearSkin=0, activeSkins=[], desLv=0, progress=0, primLv=0, breakthroughs=0, equips={1=0, 2=0, 3=0, 4=0, 5=0, 6=0}, status=1, fightValue=8958, soulLevel=0, talisman=0, runeMap={}, reincarnationMap={}, reincarnationIds=[]}PartnerEntity{playerId=10000000006, pid=2, tableId=2402, stars=0, level=1, exp=0, wearSkin=0, activeSkins=[], desLv=0, progress=0, primLv=0, breakthroughs=0, equips={1=0, 2=0, 3=0, 4=0, 5=0, 6=0}, status=1, fightValue=3947, soulLevel=0, talisman=0, runeMap={}, reincarnationMap={}, reincarnationIds=[]};<br>SanGuoZhiComponent:SanGuoZhiEntity{playerId=10000000006, recordStarId=1, rewarded=[113, 108], finishes=[113, 108], activity=true, values={113=10, 108=6}}SanGuoZhiEntity{playerId=10000000006, recordStarId=2, rewarded=[113, 175], finishes=[113, 175], activity=true, values={113=72, 175=1}}SanGuoZhiEntity{playerId=10000000006, recordStarId=3, rewarded=[], finishes=[108], activity=false, values={129=0, 114=0, 108=13, 175=0}};<br>ContinuityComponent:;<br>ArtifactComponent:;<br>UnparalleledComponent:UnparalleledEntity{playerId=10000000006, partneredHpMap={}, resetTimes=0, buffs=[], layerAddition=[], curPoint=0, maxPoint=0, challengeNum=0, currMaxStar=0, surpStar=0, playedPoints={}, layerBox=[], lastMaxStar=0, battlePartner=[-1, 0, 0, 0, 0, 0], sweep=true, insMap={}, lastPassTime=0, lastMaxRank=0, totalResetTimes=0, attrsList={}, levelMap={}};<br>BossHomeComponent:BossHomeEntity{playerId=10000000006, counts={}, times={}, restores={}, buys={}, worldRewards=[], bossNeedNotice=[], teamFightTimes=0, totalFightTimes=0, alienCount=0, buyAlienCount=0, totalNeutralBoss=0};<br>StageComponent:;<br>SingleInsComponent:SingleInsEntity{playerId=10000000006, times={1=2}, maxPoints={1=1}, clears=[1101], totalTime=2, bossMap={3001=1778056083}, timesMap={3001=1}, buyTimeMap={}, totalChallengeMap={1=2}, vipSweepTimes={}, kfHandbook={}, stageHandbook={}, zfHandbook={}, actPlayTime={1={20260505=4, 20260504=4, 20260506=2}, 13={20260505=1, 20260504=1, 20260506=1}}};<br>RuneComponent:RuneEntity{playerId=10000000006, runeMidInit=0, goldEndTime=0, runeMap={}, totalZhuHun=0, talismanTurn=0, tatalArtificeTimes=0, point=0, times=0, hp=3, records=[], lastRecoverTime=0, dailyReward={}, stageReward={}};<br>KungFuComponent:;<br>DivineComponent:;<br>SecretiComponent:com.linlongyx.sanguo.webgame.app.secreti.SecretiEntity$$EnhancerByCGLIB$$d50cf76d@3a287486;<br>RankActComponent:RankActEntity{playerId=10000000006, id=15, value=0, open=false}RankActEntity{playerId=10000000006, id=16, value=0, open=false}RankActEntity{playerId=10000000006, id=17, value=0, open=false}RankActEntity{playerId=10000000006, id=18, value=0, open=false}RankActEntity{playerId=10000000006, id=19, value=0, open=false}RankActEntity{playerId=10000000006, id=20, value=0, open=false}RankActEntity{playerId=10000000006, id=21, value=0, open=false};<br>DrawCardComponent:;<br>MentalComponent:MentalEntity{playerId=10000000006, times=0, totalTimes=0, freeTime=0, rewardIds=[], point=0, records=[]};<br>FashionComponent:;<br>ZodiacComponent:;<br>WarLineupComponent:;<br>SignComponent:SignEntity{playerId=10000000006signToday=falsesignCount=0weekCharge=0dayCharge=0todayReward=[]weekReward=[]signReward={}levelMap={5=1778140079, 10=1778142006}timeMap={}showLevel=90};<br>SkillComponent:SkillEntity{playerId=10000000006, skillId=100101, level=1}SkillEntity{playerId=10000000006, skillId=100102, level=1};<br>BaguaComponent:BaguaEntity{playerId=10000000006, chapterMap={}, curInsId=0, insIdMap={}, asistTime=0, sweep=0};<br>RuneBagComponent:;<br>ConsumeRebateComponent:;<br>RecruitComponent:RecruitEntity{playerId=10000000006, nextFreeTime=1778053403, currFreeCount=3, recruitTimes=0, time=0, ccyRecruitTimes=0, totalRecruitTimes=10, score=0, boxList=[], free=0, today=[3], tommorow=[3], refreshNum=0, tenCCYRecruit=1, firstGetList=[{"key":211501,"value":5,"valueStr":"2"}, {"key":212401,"value":5,"valueStr":"2"}, {"key":211403,"value":3,"valueStr":"2"}, {"key":213503,"value":3,"valueStr":"2"}, {"key":212401,"value":3,"valueStr":"2"}, {"key":214501,"value":3,"valueStr":"2"}, {"key":212504,"value":3,"valueStr":"2"}, {"key":212404,"value":5,"valueStr":"2"}, {"key":214504,"value":3,"valueStr":"2"}, {"key":4504,"value":1,"valueStr":"4"}], rebateScore=0, rebateReward={}, endTime=0, goldScore=0, goldBoxList=[], goldFree=0, goldToday=[6], goldTommorow=[6], goldRefreshNum=0, goldRecruitTimes=0};<br>PlayerComponent:PlayerEntity{playerId=10000000006, userId=21, playerName='raconag', level=14, sex=1, sceneId=30501, head='sex:1:', currencies=[0, 292600, 100, 0, 186389, 0, 0, 0, 10000, 0, 34, 0, 100, 0, 0, 0, 0, 0, 0], fighters=[-1, 1, 2, 0, 0, 0], createTime=1778053401, mailIdCount=1, pubIdCount=23, status={}, breakthroughs=0, talents=[], desLv=0, desProgress=0, stars=0, equips={1=1, 2=2, 3=4, 4=3, 5=0, 6=0}, vip=10, vipReward=[], loginOutTime=1778056156, leaderId=101, fightValue=9517, totalValue=22422, quality=40, worships=[], isWorship=[0, 0, 0, 0, 0, 0, 0, 0, 0, 0], activeTitles={}, wearTitle=0, wearFashion=0, onlineTime=1233, onlineReward=[2, 0, 0], todayLevel=1, firstHand=0, soulLevel=0, soulsFighter=[], talisman=0, reincarnationMap={}, reincarnationIds=[]};<br>FriendComponent:FriendEntity{playerId=10000000006, ids=[], applyMap={}, chatMap={}, sendIds=[], needReceiveIds=[], receivedIds=[], totalSendCount=0, favors={}, offlineReceiveIds=[]};<br>LimitExchangeComponent:limitexchangeEntity{playerId=10000000006, id=1, limitExchangeGoods={}, open=false}limitexchangeEntity{playerId=10000000006, id=2, limitExchangeGoods={}, open=false}limitexchangeEntity{playerId=10000000006, id=1006, limitExchangeGoods={}, open=false}limitexchangeEntity{playerId=10000000006, id=3, limitExchangeGoods={}, open=false}limitexchangeEntity{playerId=10000000006, id=1005, limitExchangeGoods={}, open=false}limitexchangeEntity{playerId=10000000006, id=4, limitExchangeGoods={}, open=false}limitexchangeEntity{playerId=10000000006, id=1004, limitExchangeGoods={}, open=false}limitexchangeEntity{playerId=10000000006, id=5, limitExchangeGoods={}, open=false}limitexchangeEntity{playerId=10000000006, id=1003, limitExchangeGoods={}, open=false}limitexchangeEntity{playerId=10000000006, id=6, limitExchangeGoods={}, open=false}limitexchangeEntity{playerId=10000000006, id=1002, limitExchangeGoods={}, open=false}limitexchangeEntity{playerId=10000000006, id=1001, limitExchangeGoods={}, open=false};<br>GeneralComponent:GeneralEntity{playerId=10000000006, challenges={101=1}, resetTimes={}, stars={101=3}, boxReward={}, allStar=3, costOrder=1, restore=0, nextTime=1778057414, buyTime=0, totalNum=1, assistInBattle=[], difficultyStar=0, nightmareStar=0, diffboxReward={}, nightboxReward={}};<br>LimitBuyComponent:;<br>MailComponent:MailEntity{playerId=10000000006, id=1, type=1, sendId=0, sendName='Hệ thống bưu kiện', sendTime=1778053653, title='Thư chào mừng', context='Thánh Chiến Chibi chào đón bạn tham gia!', rewards=[{"type":1,"id":2,"num":5000}, {"type":1,"id":1,"num":1000000}], isRead=0, isExtract=0};<br>MilitaryOfficeComponent:MilitaryOfficeEntity{playerId=10000000006officeList={}currJobId=0endTime=0status=0officeHelpTimes=0helpList={}helpTimeAdd=0generalRecovery=0typeMap={}currJobHelped=0};<br>TaskComponent:TaskEntity{playerId=10000000006, id=320, schedule=1, chapterReward={1=1778053912, 2=1778054051, 3=1778055779, 4=1778056022}, insMap={1=30102, 2=30202, 3=30302, 4=30402}, point=0, dailyProcess={33=1, 34=1, 24=1, 25=1, 32=1, 27=2}, dailyDone=[33, 34, 24, 25], dailyReward=[], pointReward=[], chapter=30402, guideId=0, fixedStatus=36, firstFail=0, askReward={1=1778055788}, follow=0, realName=false, channelGift={}, channelTime={}, platformReward={}, previewValue={}, previewReward=[], findRewardMax={}};<br>RechargeActivityComponent:;<br>ExtendComponent:ExtendEntity{playerId=10000000006, battleMaxCount=6, totalCurrency={1=340960, 10=34, 11=0, 2=100, 12=100, 8=10000}, consumeCurrency={1=48360}, bagSize=100, offlineSec=1572, handbookMap={}, zeroResetDate=20260506, weekResetTime=1777842000, combatTimes=0, combatCostTimes=0, wpHandbook={}, equipId=33, functionIds=[6208, 6209, 6210, 6404, 6405, 70, 72, 9801, 9802, 10, 77, 13, 16, 1301, 6301, 31, 801, 36, 38, 1001, 1002, 1003, 1004, 1005, 46, 1006, 6203, 6204, 6205, 6401, 6402, 3601, 3602, 3603, 3604, 1302, 1303, 1304, 3102, 802, 300, 61, 62, 66, 68, 71, 9803, 82, 9601, 17, 75, 12, 301, 9804, 6501], partnerId=2, firstReChargeSet=[], firstReward=[], todayRecharge=0, speedRadio=2, totalChangeBoss=0, totalChargeCCB=0, totalComPartner=1, newFirstReward=[], newFirstCharge=[], groupReward={}, wanderReward={}, lastWanderReward=[110040, 210040, 310040], wanderEndtime=1778057406, choose=false, skipTimes=15, todayFirstCharge=0, todayFirstReward={}, dailyConsume=0, buyGoldTimes=0, buyGoldCost=0, questionnaire=[], clientSets='', shortCut=0};<br>UserComponent:UserEntity{userId=21, userName='', channel=1, token='c8b87b6e91941826f580069275191b12', players=[{"playerId":10000000006,"sex":1,"name":"raconag"}], lastLoginTime=0, accountId=0, openid='', orderByPlayerId='0', uid=''};<br>LimitComponent:LimitEntity{playerId=10000000006, id=45, rewardCounts={}, values={}, states={}, dateCharges={}, consumeValue=0, open=false, chargeValue=0, loginDay=0, loginTime=0}LimitEntity{playerId=10000000006, id=46, rewardCounts={}, values={}, states={}, dateCharges={}, consumeValue=0, open=false, chargeValue=0, loginDay=0, loginTime=0}LimitEntity{playerId=10000000006, id=49, rewardCounts={}, values={}, states={}, dateCharges={}, consumeValue=0, open=false, chargeValue=0, loginDay=0, loginTime=0}LimitEntity{playerId=10000000006, id=3002, rewardCounts={}, values={}, states={}, dateCharges={}, consumeValue=0, open=false, chargeValue=0, loginDay=0, loginTime=0}LimitEntity{playerId=10000000006, id=200103, rewardCounts={}, values={}, states={}, dateCharges={}, consumeValue=0, open=false, chargeValue=0, loginDay=0, loginTime=0}LimitEntity{playerId=10000000006, id=200111, rewardCounts={}, values={}, states={}, dateCharges={}, consumeValue=0, open=false, chargeValue=0, loginDay=0, loginTime=0}LimitEntity{playerId=10000000006, id=10013, rewardCounts={}, values={}, states={}, dateCharges={}, consumeValue=0, open=false, chargeValue=0, loginDay=0, loginTime=0}LimitEntity{playerId=10000000006, id=51, rewardCounts={}, values={}, states={}, dateCharges={}, consumeValue=0, open=false, chargeValue=0, loginDay=0, loginTime=0}LimitEntity{playerId=10000000006, id=53, rewardCounts={}, values={}, states={}, dateCharges={}, consumeValue=0, open=false, chargeValue=0, loginDay=0, loginTime=0}LimitEntity{playerId=10000000006, id=10017, rewardCounts={}, values={}, states={}, dateCharges={}, consumeValue=0, open=false, chargeValue=0, loginDay=0, loginTime=0}LimitEntity{playerId=10000000006, id=10, rewardCounts={}, values={}, states={}, dateCharges={}, consumeValue=0, open=false, chargeValue=0, loginDay=0, loginTime=0}LimitEntity{playerId=10000000006, id=55, rewardCounts={}, values={}, states={}, dateCharges={}, consumeValue=0, open=false, chargeValue=0, loginDay=0, loginTime=0}LimitEntity{playerId=10000000006, id=13, rewardCounts={}, values={}, states={}, dateCharges={}, consumeValue=0, open=false, chargeValue=0, loginDay=0, loginTime=0}LimitEntity{playerId=10000000006, id=300003, rewardCounts={}, values={}, states={}, dateCharges={}, consumeValue=0, open=false, chargeValue=0, loginDay=0, loginTime=0}LimitEntity{playerId=10000000006, id=15, rewardCounts={}, values={}, states={}, dateCharges={}, consumeValue=0, open=false, chargeValue=0, loginDay=0, loginTime=0}LimitEntity{playerId=10000000006, id=300009, rewardCounts={}, values={}, states={}, dateCharges={}, consumeValue=0, open=false, chargeValue=0, loginDay=0, loginTime=0}LimitEntity{playerId=10000000006, id=17, rewardCounts={}, values={}, states={}, dateCharges={}, consumeValue=0, open=false, chargeValue=0, loginDay=0, loginTime=0}LimitEntity{playerId=10000000006, id=18, rewardCounts={}, values={}, states={}, dateCharges={}, consumeValue=0, open=false, chargeValue=0, loginDay=0, loginTime=0}LimitEntity{playerId=10000000006, id=1, rewardCounts={}, values={}, states={}, dateCharges={}, consumeValue=0, open=false, chargeValue=0, loginDay=0, loginTime=0}LimitEntity{playerId=10000000006, id=310003, rewardCounts={}, values={}, states={}, dateCharges={}, consumeValue=0, open=false, chargeValue=0, loginDay=0, loginTime=0}LimitEntity{playerId=10000000006, id=2, rewardCounts={}, values={}, states={}, dateCharges={}, consumeValue=0, open=false, chargeValue=0, loginDay=0, loginTime=0}LimitEntity{playerId=10000000006, id=5, rewardCounts={}, values={}, states={}, dateCharges={}, consumeValue=0, open=false, chargeValue=0, loginDay=0, loginTime=0}LimitEntity{playerId=10000000006, id=6, rewardCounts={}, values={}, states={}, dateCharges={}, consumeValue=0, open=false, chargeValue=0, loginDay=0, loginTime=0}LimitEntity{playerId=10000000006, id=9, rewardCounts={}, values={}, states={}, dateCharges={}, consumeValue=0, open=false, chargeValue=0, loginDay=0, loginTime=0}LimitEntity{playerId=10000000006, id=10021, rewardCounts={}, values={}, states={}, dateCharges={}, consumeValue=0, open=false, chargeValue=0, loginDay=0, loginTime=0}LimitEntity{playerId=10000000006, id=320003, rewardCounts={}, values={}, states={}, dateCharges={}, consumeValue=0, open=false, chargeValue=0, loginDay=0, loginTime=0}LimitEntity{playerId=10000000006, id=10025, rewardCounts={}, values={}, states={}, dateCharges={}, consumeValue=0, open=false, chargeValue=0, loginDay=0, loginTime=0}LimitEntity{playerId=10000000006, id=21, rewardCounts={}, values={}, states={}, dateCharges={}, consumeValue=0, open=false, chargeValue=0, loginDay=0, loginTime=0}LimitEntity{playerId=10000000006, id=25, rewardCounts={}, values={}, states={}, dateCharges={}, consumeValue=0, open=false, chargeValue=0, loginDay=0, loginTime=0}LimitEntity{playerId=10000000006, id=27, rewardCounts={}, values={}, states={}, dateCharges={}, consumeValue=0, open=false, chargeValue=0, loginDay=0, loginTime=0}LimitEntity{playerId=10000000006, id=29, rewardCounts={}, values={}, states={}, dateCharges={}, consumeValue=0, open=false, chargeValue=0, loginDay=0, loginTime=0}LimitEntity{playerId=10000000006, id=200003, rewardCounts={}, values={}, states={}, dateCharges={}, consumeValue=0, open=false, chargeValue=0, loginDay=0, loginTime=0}LimitEntity{playerId=10000000006, id=200203, rewardCounts={}, values={}, states={}, dateCharges={}, consumeValue=0, open=false, chargeValue=0, loginDay=0, loginTime=0}LimitEntity{playerId=10000000006, id=200011, rewardCounts={}, values={}, states={}, dateCharges={}, consumeValue=0, open=false, chargeValue=0, loginDay=0, loginTime=0}LimitEntity{playerId=10000000006, id=2003, rewardCounts={}, values={}, states={}, dateCharges={}, consumeValue=0, open=false, chargeValue=0, loginDay=0, loginTime=0}LimitEntity{playerId=10000000006, id=30, rewardCounts={}, values={}, states={}, dateCharges={}, consumeValue=0, open=false, chargeValue=0, loginDay=0, loginTime=0}LimitEntity{playerId=10000000006, id=33, rewardCounts={}, values={}, states={}, dateCharges={}, consumeValue=0, open=false, chargeValue=0, loginDay=0, loginTime=0}LimitEntity{playerId=10000000006, id=300103, rewardCounts={}, values={}, states={}, dateCharges={}, consumeValue=0, open=false, chargeValue=0, loginDay=0, loginTime=0}LimitEntity{playerId=10000000006, id=37, rewardCounts={}, values={}, states={}, dateCharges={}, consumeValue=0, open=false, chargeValue=0, loginDay=0, loginTime=0}LimitEntity{playerId=10000000006, id=38, rewardCounts={}, values={}, states={}, dateCharges={}, consumeValue=0, open=false, chargeValue=0, loginDay=0, loginTime=0}LimitEntity{playerId=10000000006, id=300109, rewardCounts={}, values={}, states={}, dateCharges={}, consumeValue=0, open=false, chargeValue=0, loginDay=0, loginTime=0}LimitEntity{playerId=10000000006, id=200211, rewardCounts={}, values={}, states={}, dateCharges={}, consumeValue=0, open=false, chargeValue=0, loginDay=0, loginTime=0}LimitEntity{playerId=10000000006, id=10007, rewardCounts={}, values={}, states={}, dateCharges={}, consumeValue=0, open=false, chargeValue=0, loginDay=0, loginTime=0}LimitEntity{playerId=10000000006, id=310103, rewardCounts={}, values={}, states={}, dateCharges={}, consumeValue=0, open=false, chargeValue=0, loginDay=0, loginTime=0}LimitEntity{playerId=10000000006, id=10009, rewardCounts={}, values={}, states={}, dateCharges={}, consumeValue=0, open=false, chargeValue=0, loginDay=0, loginTime=0}LimitEntity{playerId=10000000006, id=1003, rewardCounts={}, values={}, states={}, dateCharges={}, consumeValue=0, open=false, chargeValue=0, loginDay=0, loginTime=0}LimitEntity{playerId=10000000006, id=1002, rewardCounts={}, values={}, states={}, dateCharges={}, consumeValue=0, open=false, chargeValue=0, loginDay=0, loginTime=0}LimitEntity{playerId=10000000006, id=10001, rewardCounts={}, values={}, states={}, dateCharges={}, consumeValue=0, open=false, chargeValue=0, loginDay=0, loginTime=0}LimitEntity{playerId=10000000006, id=41, rewardCounts={}, values={}, states={}, dateCharges={}, consumeValue=0, open=false, chargeValue=0, loginDay=0, loginTime=0}LimitEntity{playerId=10000000006, id=320103, rewardCounts={}, values={}, states={}, dateCharges={}, consumeValue=0, open=false, chargeValue=0, loginDay=0, loginTime=0}LimitEntity{playerId=10000000006, id=43, rewardCounts={}, values={}, states={}, dateCharges={}, consumeValue=0, open=false, chargeValue=0, loginDay=0, loginTime=0}LimitEntity{playerId=10000000006, id=10005, rewardCounts={}, values={}, states={}, dateCharges={}, consumeValue=0, open=false, chargeValue=0, loginDay=0, loginTime=0};<br>TalismanComponent:;<br>LuckyMoneyComponent:;<br>EquipComponent:EquipEntity{playerId=10000000006, mid=22, itemId=40200103, strengthLv=0, quaity=20, refineLv=0, zhuLv=0, stones={1=0, 2=0, 3=0, 4=0}, isWear=0, fightValue=120, artificeProcess=0, artificeLevel=0, artificeLucky=0, talismanRank=1, belondTo=0, star=0}EquipEntity{playerId=10000000006, mid=23, itemId=40200104, strengthLv=0, quaity=20, refineLv=0, zhuLv=0, stones={1=0, 2=0, 3=0, 4=0}, isWear=0, fightValue=120, artificeProcess=0, artificeLevel=0, artificeLucky=0, talismanRank=1, belondTo=0, star=0}EquipEntity{playerId=10000000006, mid=24, itemId=40100103, strengthLv=0, quaity=10, refineLv=0, zhuLv=0, stones={1=0, 2=0, 3=0, 4=0}, isWear=0, fightValue=60, artificeProcess=0, artificeLevel=0, artificeLucky=0, talismanRank=1, belondTo=0, star=0}EquipEntity{playerId=10000000006, mid=25, itemId=40100101, strengthLv=0, quaity=10, refineLv=0, zhuLv=0, stones={1=0, 2=0, 3=0, 4=0}, isWear=0, fightValue=60, artificeProcess=0, artificeLevel=0, artificeLucky=0, talismanRank=1, belondTo=0, star=0}EquipEntity{playerId=10000000006, mid=26, itemId=40100102, strengthLv=0, quaity=10, refineLv=0, zhuLv=0, stones={1=0, 2=0, 3=0, 4=0}, isWear=0, fightValue=60, artificeProcess=0, artificeLevel=0, artificeLucky=0, talismanRank=1, belondTo=0, star=0}EquipEntity{playerId=10000000006, mid=27, itemId=40100103, strengthLv=0, quaity=10, refineLv=0, zhuLv=0, stones={1=0, 2=0, 3=0, 4=0}, isWear=0, fightValue=60, artificeProcess=0, artificeLevel=0, artificeLucky=0, talismanRank=1, belondTo=0, star=0}EquipEntity{playerId=10000000006, mid=28, itemId=40100102, strengthLv=0, quaity=10, refineLv=0, zhuLv=0, stones={1=0, 2=0, 3=0, 4=0}, isWear=0, fightValue=60, artificeProcess=0, artificeLevel=0, artificeLucky=0, talismanRank=1, belondTo=0, star=0}EquipEntity{playerId=10000000006, mid=29, itemId=40100101, strengthLv=0, quaity=10, refineLv=0, zhuLv=0, stones={1=0, 2=0, 3=0, 4=0}, isWear=0, fightValue=60, artificeProcess=0, artificeLevel=0, artificeLucky=0, talismanRank=1, belondTo=0, star=0}EquipEntity{playerId=10000000006, mid=30, itemId=40200101, strengthLv=0, quaity=20, refineLv=0, zhuLv=0, stones={1=0, 2=0, 3=0, 4=0}, isWear=0, fightValue=120, artificeProcess=0, artificeLevel=0, artificeLucky=0, talismanRank=1, belondTo=0, star=0}EquipEntity{playerId=10000000006, mid=31, itemId=40200102, strengthLv=0, quaity=20, refineLv=0, zhuLv=0, stones={1=0, 2=0, 3=0, 4=0}, isWear=0, fightValue=120, artificeProcess=0, artificeLevel=0, artificeLucky=0, talismanRank=1, belondTo=0, star=0}EquipEntity{playerId=10000000006, mid=10, itemId=40100101, strengthLv=0, quaity=10, refineLv=0, zhuLv=0, stones={1=0, 2=0, 3=0, 4=0}, isWear=0, fightValue=60, artificeProcess=0, artificeLevel=0, artificeLucky=0, talismanRank=1, belondTo=0, star=0}EquipEntity{playerId=10000000006, mid=32, itemId=40200103, strengthLv=0, quaity=20, refineLv=0, zhuLv=0, stones={1=0, 2=0, 3=0, 4=0}, isWear=0, fightValue=120, artificeProcess=0, artificeLevel=0, artificeLucky=0, talismanRank=1, belondTo=0, star=0}EquipEntity{playerId=10000000006, mid=11, itemId=40100103, strengthLv=0, quaity=10, refineLv=0, zhuLv=0, stones={1=0, 2=0, 3=0, 4=0}, isWear=0, fightValue=60, artificeProcess=0, artificeLevel=0, artificeLucky=0, talismanRank=1, belondTo=0, star=0}EquipEntity{playerId=10000000006, mid=33, itemId=40200104, strengthLv=0, quaity=20, refineLv=0, zhuLv=0, stones={1=0, 2=0, 3=0, 4=0}, isWear=0, fightValue=120, artificeProcess=0, artificeLevel=0, artificeLucky=0, talismanRank=1, belondTo=0, star=0}EquipEntity{playerId=10000000006, mid=12, itemId=40100102, strengthLv=0, quaity=10, refineLv=0, zhuLv=0, stones={1=0, 2=0, 3=0, 4=0}, isWear=0, fightValue=60, artificeProcess=0, artificeLevel=0, artificeLucky=0, talismanRank=1, belondTo=0, star=0}EquipEntity{playerId=10000000006, mid=13, itemId=40100104, strengthLv=0, quaity=10, refineLv=0, zhuLv=0, stones={1=0, 2=0, 3=0, 4=0}, isWear=0, fightValue=60, artificeProcess=0, artificeLevel=0, artificeLucky=0, talismanRank=1, belondTo=0, star=0}EquipEntity{playerId=10000000006, mid=14, itemId=40100104, strengthLv=0, quaity=10, refineLv=0, zhuLv=0, stones={1=0, 2=0, 3=0, 4=0}, isWear=0, fightValue=60, artificeProcess=0, artificeLevel=0, artificeLucky=0, talismanRank=1, belondTo=0, star=0}EquipEntity{playerId=10000000006, mid=15, itemId=40100103, strengthLv=0, quaity=10, refineLv=0, zhuLv=0, stones={1=0, 2=0, 3=0, 4=0}, isWear=0, fightValue=60, artificeProcess=0, artificeLevel=0, artificeLucky=0, talismanRank=1, belondTo=0, star=0}EquipEntity{playerId=10000000006, mid=16, itemId=40100103, strengthLv=0, quaity=10, refineLv=0, zhuLv=0, stones={1=0, 2=0, 3=0, 4=0}, isWear=0, fightValue=60, artificeProcess=0, artificeLevel=0, artificeLucky=0, talismanRank=1, belondTo=0, star=0}EquipEntity{playerId=10000000006, mid=17, itemId=40100104, strengthLv=0, quaity=10, refineLv=0, zhuLv=0, stones={1=0, 2=0, 3=0, 4=0}, isWear=0, fightValue=60, artificeProcess=0, artificeLevel=0, artificeLucky=0, talismanRank=1, belondTo=0, star=0}EquipEntity{playerId=10000000006, mid=18, itemId=40100102, strengthLv=0, quaity=10, refineLv=0, zhuLv=0, stones={1=0, 2=0, 3=0, 4=0}, isWear=0, fightValue=60, artificeProcess=0, artificeLevel=0, artificeLucky=0, talismanRank=1, belondTo=0, star=0}EquipEntity{playerId=10000000006, mid=19, itemId=40100101, strengthLv=0, quaity=10, refineLv=0, zhuLv=0, stones={1=0, 2=0, 3=0, 4=0}, isWear=0, fightValue=60, artificeProcess=0, artificeLevel=0, artificeLucky=0, talismanRank=1, belondTo=0, star=0}EquipEntity{playerId=10000000006, mid=1, itemId=40100101, strengthLv=18, quaity=10, refineLv=0, zhuLv=0, stones={1=0, 2=0, 3=0, 4=0}, isWear=1, fightValue=132, artificeProcess=0, artificeLevel=0, artificeLucky=0, talismanRank=1, belondTo=0, star=0}EquipEntity{playerId=10000000006, mid=2, itemId=40100102, strengthLv=18, quaity=10, refineLv=0, zhuLv=0, stones={1=0, 2=0, 3=0, 4=0}, isWear=1, fightValue=132, artificeProcess=0, artificeLevel=0, artificeLucky=0, talismanRank=1, belondTo=0, star=0}EquipEntity{playerId=10000000006, mid=3, itemId=40100104, strengthLv=18, quaity=10, refineLv=0, zhuLv=0, stones={1=0, 2=0, 3=0, 4=0}, isWear=1, fightValue=132, artificeProcess=0, artificeLevel=0, artificeLucky=0, talismanRank=1, belondTo=0, star=0}EquipEntity{playerId=10000000006, mid=4, itemId=40100103, strengthLv=18, quaity=10, refineLv=0, zhuLv=0, stones={1=0, 2=0, 3=0, 4=0}, isWear=1, fightValue=132, artificeProcess=0, artificeLevel=0, artificeLucky=0, talismanRank=1, belondTo=0, star=0}EquipEntity{playerId=10000000006, mid=5, itemId=40100101, strengthLv=0, quaity=10, refineLv=0, zhuLv=0, stones={1=0, 2=0, 3=0, 4=0}, isWear=0, fightValue=60, artificeProcess=0, artificeLevel=0, artificeLucky=0, talismanRank=1, belondTo=0, star=0}EquipEntity{playerId=10000000006, mid=6, itemId=40100104, strengthLv=0, quaity=10, refineLv=0, zhuLv=0, stones={1=0, 2=0, 3=0, 4=0}, isWear=0, fightValue=60, artificeProcess=0, artificeLevel=0, artificeLucky=0, talismanRank=1, belondTo=0, star=0}EquipEntity{playerId=10000000006, mid=7, itemId=40100102, strengthLv=0, quaity=10, refineLv=0, zhuLv=0, stones={1=0, 2=0, 3=0, 4=0}, isWear=0, fightValue=60, artificeProcess=0, artificeLevel=0, artificeLucky=0, talismanRank=1, belondTo=0, star=0}EquipEntity{playerId=10000000006, mid=8, itemId=40100101, strengthLv=0, quaity=10, refineLv=0, zhuLv=0, stones={1=0, 2=0, 3=0, 4=0}, isWear=0, fightValue=60, artificeProcess=0, artificeLevel=0, artificeLucky=0, talismanRank=1, belondTo=0, star=0}EquipEntity{playerId=10000000006, mid=9, itemId=40100102, strengthLv=0, quaity=10, refineLv=0, zhuLv=0, stones={1=0, 2=0, 3=0, 4=0}, isWear=0, fightValue=60, artificeProcess=0, artificeLevel=0, artificeLucky=0, talismanRank=1, belondTo=0, star=0}EquipEntity{playerId=10000000006, mid=20, itemId=40200101, strengthLv=0, quaity=20, refineLv=0, zhuLv=0, stones={1=0, 2=0, 3=0, 4=0}, isWear=0, fightValue=120, artificeProcess=0, artificeLevel=0, artificeLucky=0, talismanRank=1, belondTo=0, star=0}EquipEntity{playerId=10000000006, mid=21, itemId=40200102, strengthLv=0, quaity=20, refineLv=0, zhuLv=0, stones={1=0, 2=0, 3=0, 4=0}, isWear=0, fightValue=120, artificeProcess=0, artificeLevel=0, artificeLucky=0, talismanRank=1, belondTo=0, star=0};<br>YearBeastComponent:;<br>ShopComponent:ShopEntity{playerId=10000000006, goodsType=11, refreshTime=0, sells={}, ids=[11001, 11002, 11003, 11004, 11005, 11006, 11007, 11008, 11009, 11010, 11011, 11012, 11013, 11014, 11015, 11016, 11017, 11018, 11019, 11020, 11021, 11022, 11023, 11024], refreshNum=0, totalSells={}, weekSells={}, actId=0, activitySells={}, currStock={}}ShopEntity{playerId=10000000006, goodsType=12, refreshTime=0, sells={}, ids=[3501, 3502, 3503, 3504, 3505, 3506, 3507, 3508, 3509, 3510, 3511, 3512, 3513, 3514, 3515, 3516, 3517, 3518, 3519, 3520, 3521], refreshNum=0, totalSells={}, weekSells={}, actId=0, activitySells={}, currStock={}}ShopEntity{playerId=10000000006, goodsType=13, refreshTime=0, sells={}, ids=[], refreshNum=0, totalSells={}, weekSells={}, actId=0, activitySells={}, currStock={}}ShopEntity{playerId=10000000006, goodsType=14, refreshTime=0, sells={}, ids=[3013, 3014, 3015, 3016, 3017, 3018, 3019, 3020, 3021, 3022, 3023, 3024], refreshNum=0, totalSells={}, weekSells={}, actId=0, activitySells={}, currStock={}}ShopEntity{playerId=10000000006, goodsType=15, refreshTime=0, sells={}, ids=[15001, 15002, 15003, 15004], refreshNum=0, totalSells={}, weekSells={}, actId=0, activitySells={}, currStock={}}ShopEntity{playerId=10000000006, goodsType=16, refreshTime=0, sells={}, ids=[16001, 16004, 16005, 16006], refreshNum=0, totalSells={}, weekSells={}, actId=0, activitySells={}, currStock={}}ShopEntity{playerId=10000000006, goodsType=17, refreshTime=0, sells={}, ids=[], refreshNum=0, totalSells={}, weekSells={}, actId=0, activitySells={}, currStock={}}ShopEntity{playerId=10000000006, goodsType=1, refreshTime=0, sells={}, ids=[1001, 1002, 1003, 1004, 1006, 1007, 1008, 1009, 1010, 1011, 1012, 1013, 1014, 1015, 1016, 1017, 1018, 1019, 1020, 1021], refreshNum=0, totalSells={}, weekSells={}, actId=0, activitySells={}, currStock={}}ShopEntity{playerId=10000000006, goodsType=100, refreshTime=1778058000, sells={}, ids=[8, 58, 65, 90, 91, 101], refreshNum=0, totalSells={}, weekSells={}, actId=0, activitySells={}, currStock={}}ShopEntity{playerId=10000000006, goodsType=2, refreshTime=0, sells={}, ids=[], refreshNum=0, totalSells={}, weekSells={}, actId=0, activitySells={}, currStock={}}ShopEntity{playerId=10000000006, goodsType=3, refreshTime=0, sells={}, ids=[3003, 3004, 3005, 3006, 3007, 3008, 3009, 3010, 3011, 3012], refreshNum=0, totalSells={}, weekSells={}, actId=0, activitySells={}, currStock={}}ShopEntity{playerId=10000000006, goodsType=4, refreshTime=0, sells={}, ids=[4001, 4002, 4003, 4004, 4005, 4006, 4007], refreshNum=0, totalSells={}, weekSells={}, actId=0, activitySells={}, currStock={}}ShopEntity{playerId=10000000006, goodsType=5, refreshTime=0, sells={}, ids=[5001, 5002, 5003, 5004, 5005, 5006, 5007, 5008, 5009, 5010, 5011, 5012, 5013, 5014, 5015, 5016, 5017, 5018, 5019, 5020, 5021, 5022, 5023], refreshNum=0, totalSells={}, weekSells={}, actId=0, activitySells={}, currStock={}}ShopEntity{playerId=10000000006, goodsType=6, refreshTime=0, sells={}, ids=[6001, 6002, 6003, 6004], refreshNum=0, totalSells={}, weekSells={}, actId=0, activitySells={}, currStock={}}ShopEntity{playerId=10000000006, goodsType=7, refreshTime=0, sells={}, ids=[7001, 7002, 7003, 7004, 7005, 7006, 7007, 7008, 7009, 7010, 7011, 7012, 7013, 7014, 7015, 7016, 7017, 7018, 7019], refreshNum=0, totalSells={}, weekSells={}, actId=0, activitySells={}, currStock={}}ShopEntity{playerId=10000000006, goodsType=8, refreshTime=0, sells={}, ids=[8001, 8002, 8003, 8004, 8005, 8006, 8007, 8008, 8009, 8010, 8011, 8012, 8013, 8014, 8015, 8016, 8017, 8018, 8019, 8020, 8021, 8022], refreshNum=0, totalSells={}, weekSells={}, actId=0, activitySells={}, currStock={}}ShopEntity{playerId=10000000006, goodsType=9, refreshTime=0, sells={}, ids=[9001, 9002, 9003, 9004, 9005, 9006, 9007, 9008, 9009, 9010, 9011, 9012, 9013, 9014, 9015, 9016, 9017], refreshNum=0, totalSells={}, weekSells={}, actId=0, activitySells={}, currStock={}}ShopEntity{playerId=10000000006, goodsType=97, refreshTime=1778058000, sells={}, ids=[101, 103, 104, 106, 107, 111], refreshNum=0, totalSells={}, weekSells={}, actId=0, activitySells={}, currStock={}}ShopEntity{playerId=10000000006, goodsType=10, refreshTime=0, sells={}, ids=[10001, 10002, 10003, 10004, 10005, 10006, 10007, 10008, 10009, 10010, 10011, 10012, 10013, 10014, 10015, 10016, 10017, 10018, 10019, 10020, 10021], refreshNum=0, totalSells={}, weekSells={}, actId=0, activitySells={}, currStock={}};<br>BagComponent:BagEntity{playerId=10000000006, itemId=30000302, num=2}BagEntity{playerId=10000000006, itemId=30000003, num=4}BagEntity{playerId=10000000006, itemId=30000014, num=4}BagEntity{playerId=10000000006, itemId=30000015, num=1005}BagEntity{playerId=10000000006, itemId=30000301, num=170}BagEntity{playerId=10000000006, itemId=30000019, num=1}BagEntity{playerId=10000000006, itemId=501027, num=1}BagEntity{playerId=10000000006, itemId=30000100, num=64}BagEntity{playerId=10000000006, itemId=30000101, num=16}BagEntity{playerId=10000000006, itemId=213503, num=3}BagEntity{playerId=10000000006, itemId=212404, num=5}BagEntity{playerId=10000000006, itemId=214504, num=3}BagEntity{playerId=10000000006, itemId=212504, num=3}BagEntity{playerId=10000000006, itemId=214501, num=3}BagEntity{playerId=10000000006, itemId=604504, num=1}BagEntity{playerId=10000000006, itemId=211403, num=3}BagEntity{playerId=10000000006, itemId=211502, num=2}BagEntity{playerId=10000000006, itemId=212401, num=8}BagEntity{playerId=10000000006, itemId=211501, num=5}BagEntity{playerId=10000000006, itemId=602402, num=1};<br>CardBookComponent:CardBookEntity{cardColor={}lastCardColor={}bottomCardAsk=0colorDanAsk=0lastToColor=0refToColor=0cardPair={}processMap={}giveTimes=0nextAskTime=0infoId=0endTime={}getGive={}itemAsk={}colorTime=0};<br>AchieveComponent:AchieveEntity{playerId=10000000006, value={1024=72, 1025=72, 1026=72, 1027=72, 1028=72, 1029=72, 1030=72, 1054=20000, 1055=22422, 1056=22422, 1057=22422, 1058=22422, 1059=22422, 1060=22422, 1061=22422, 1062=22422, 1063=22422, 1064=22422, 3112=14, 1065=22422, 3113=14, 1066=22422, 3114=14, 1067=3001, 3115=14, 1068=3001, 3116=14, 1069=3001, 3117=14, 1070=3001, 3118=14, 1071=3001, 3119=14, 1072=3001, 3120=14, 1073=3001, 3121=14, 3122=14, 3123=14, 3124=14, 3125=14, 3126=14, 1082=10, 1083=10, 1084=10, 1085=10, 1086=10, 1087=10, 1088=10, 1089=1, 1090=1, 1091=0, 1092=0, 1093=2, 1094=3, 1095=4, 1096=5, 1097=6, 1098=7, 1099=8, 1100=9, 1101=10, 1102=10, 1103=10, 1104=10, 1105=10, 1106=10, 3411=72, 3412=72, 3413=72, 3414=72, 3415=72, 3416=72, 3417=72, 3418=72, 3419=72, 3420=72, 4201=4, 4202=4, 4203=4, 4204=4, 4205=4, 4206=4, 4207=4, 3714=22422, 3715=22422, 3716=22422, 3204=0, 3717=22422, 3205=0, 3718=22422, 3206=0, 2011=1, 2012=10, 2013=10, 1001=14, 1002=14, 1003=14, 3307=0, 1004=14, 3308=0, 1005=14, 3309=0, 1006=14, 3310=0, 1007=14, 3311=0, 1008=14, 1009=14, 1010=14, 1011=14, 1012=2, 1013=1, 1014=0, 1015=0, 1016=0, 1017=0, 1018=0, 1019=0, 1020=0, 1021=72, 1022=72, 1023=72, 1074=2, 1075=2, 1076=2, 1077=2, 1078=2, 1079=2, 1080=2, 1081=2}, fameDone=[1089, 1093, 1094, 1095, 1096, 1097, 1098, 1099, 1100, 1101, 1082, 2011, 2012, 1090, 1054], fameReward=[], processReward=[], point=0};<br>WelfareComponent:WelfareEntity{playerId=10000000006, vipDailySet=[], vipWeekTime=1778053404, vipWeekLevel=79, vipWeekGoods={1=0, 2=0, 3=0, 4=0}, vipGiftGoods={}, monthEndTime={}, monthGetTime={}, buyFund=false, fundReward={}, dailyBuyReward={}, oneBuyCharge=0, oneBuyReward={}, gerenalGift=[], oneState=0, times=0, id=0, dailyHaoLi={}, backGiftId=0};<br>WarPetComponent:;<br>SoulsComponent:;<br> player:playerId=10000000006raconag
2026-05-06 11:55:23 INFO  log_level|10000|21|10000000006|1|15|2026-05-06 11:55:23
2026-05-06 11:55:23 ERROR RankActUtil addRankValue 10000000006 14 22703 
2026-05-06 11:55:30 DEBUG Producing instance of Job 'AUTO.JOBS', class=com.linlongyx.sanguo.webgame.quartz.QuartzJob
2026-05-06 11:55:30 DEBUG Calling execute on job AUTO.JOBS
2026-05-06 11:55:30 INFO  触发cmd：20005
2026-05-06 11:55:30 INFO  log_login|10000|21|10000000006|1|0|2026-05-06 11:55:30|2026-05-06 11:55:20|2026-05-06 11:55:30|2130706433|30501
2026-05-06 11:55:30 DEBUG saveAll: 10000000006, name: raconag, time: 2026-05-06 11:55:30 
2026-05-06 11:56:00 DEBUG Producing instance of Job 'AUTO.JOBS', class=com.linlongyx.sanguo.webgame.quartz.QuartzJob
2026-05-06 11:56:00 DEBUG Calling execute on job AUTO.JOBS
2026-05-06 11:56:00 INFO  触发cmd：20005
2026-05-06 11:56:00 ERROR rankBossTimeOut 1001 
2026-05-06 11:56:30 DEBUG Producing instance of Job 'AUTO.JOBS', class=com.linlongyx.sanguo.webgame.quartz.QuartzJob
2026-05-06 11:56:30 DEBUG Calling execute on job AUTO.JOBS
2026-05-06 11:56:30 INFO  触发cmd：20005
2026-05-06 11:57:00 DEBUG Producing instance of Job 'AUTO.JOBS', class=com.linlongyx.sanguo.webgame.quartz.QuartzJob
2026-05-06 11:57:00 DEBUG Calling execute on job AUTO.JOBS
2026-05-06 11:57:00 INFO  触发cmd：20005
2026-05-06 11:57:00 ERROR rankBossReBorn 1001 
2026-05-06 11:57:30 DEBUG Producing instance of Job 'AUTO.JOBS', class=com.linlongyx.sanguo.webgame.quartz.QuartzJob
2026-05-06 11:57:30 DEBUG Calling execute on job AUTO.JOBS
2026-05-06 11:57:30 INFO  触发cmd：20005
2026-05-06 11:57:42 ERROR rankBossTimeOut 1002 
2026-05-06 11:58:00 DEBUG Producing instance of Job 'AUTO.JOBS', class=com.linlongyx.sanguo.webgame.quartz.QuartzJob
2026-05-06 11:58:00 DEBUG Calling execute on job AUTO.JOBS
2026-05-06 11:58:00 INFO  触发cmd：20005
2026-05-06 11:58:30 DEBUG Producing instance of Job 'AUTO.JOBS', class=com.linlongyx.sanguo.webgame.quartz.QuartzJob
2026-05-06 11:58:30 DEBUG Calling execute on job AUTO.JOBS
2026-05-06 11:58:30 INFO  触发cmd：20005
2026-05-06 11:58:40 ERROR rankBossTimeOut 1001 
2026-05-06 11:59:00 DEBUG Producing instance of Job 'AUTO.JOBS', class=com.linlongyx.sanguo.webgame.quartz.QuartzJob
2026-05-06 11:59:00 DEBUG Calling execute on job AUTO.JOBS
2026-05-06 11:59:00 INFO  触发cmd：20005
2026-05-06 11:59:07 DEBUG Going to close tcp connection in class: [id: 0xedafa7e1, L:0.0.0.0/0.0.0.0:19101 ! R:/127.0.0.1:62760]
2026-05-06 11:59:07 ERROR LoginInfoProcessor::handleRequest 21 10000 0 
2026-05-06 11:59:07 ERROR EnterGameProcessor::handleRequest userId: 21 playerId: 10000000006 request.playerId: 10000000006 nanoTime: 10664681751100 
2026-05-06 11:59:08 DEBUG default constructor
2026-05-06 11:59:09 INFO  log_level|10000|21|10000000006|1|16|2026-05-06 11:59:09
2026-05-06 11:59:09 ERROR RankActUtil addRankValue 10000000006 14 22985 
2026-05-06 11:59:22 ERROR rankBossTimeOut 1003 
2026-05-06 11:59:30 DEBUG Producing instance of Job 'AUTO.JOBS', class=com.linlongyx.sanguo.webgame.quartz.QuartzJob
2026-05-06 11:59:30 DEBUG Calling execute on job AUTO.JOBS
2026-05-06 11:59:30 INFO  触发cmd：20005
2026-05-06 11:59:40 ERROR rankBossReBorn 1001 
2026-05-06 12:00:00 DEBUG Producing instance of Job 'AUTO.JOBS', class=com.linlongyx.sanguo.webgame.quartz.QuartzJob
2026-05-06 12:00:00 DEBUG Calling execute on job AUTO.JOBS
2026-05-06 12:00:00 ERROR destiny rank refresh 
2026-05-06 12:00:00 DEBUG Producing instance of Job 'AUTO.JOBS', class=com.linlongyx.sanguo.webgame.quartz.QuartzJob
2026-05-06 12:00:00 DEBUG Calling execute on job AUTO.JOBS
2026-05-06 12:00:00 DEBUG Producing instance of Job 'AUTO.JOBS', class=com.linlongyx.sanguo.webgame.quartz.QuartzJob
2026-05-06 12:00:00 INFO  HttpSender.socket：127.0.0.1:19201 GET /?cmd=10010&signature=da17f04de701f635f23cdfa3f23bbee5 HTTP/1.1

2026-05-06 12:00:00 INFO  HttpServerHandler.channelRead0:cmd=10010,signature=da17f04de701f635f23cdfa3f23bbee5,
2026-05-06 12:00:00 DEBUG Producing instance of Job 'AUTO.JOBS', class=com.linlongyx.sanguo.webgame.quartz.QuartzJob
2026-05-06 12:00:00 DEBUG Calling execute on job AUTO.JOBS
2026-05-06 12:00:00 DEBUG Calling execute on job AUTO.JOBS
2026-05-06 12:00:00 DEBUG Producing instance of Job 'AUTO.JOBS', class=com.linlongyx.sanguo.webgame.quartz.QuartzJob
2026-05-06 12:00:00 INFO  HttpSender.socket：127.0.0.1:19201 GET /?cmd=10012&signature=c18c989c08dea6f64754a0d42eb61183 HTTP/1.1

2026-05-06 12:00:00 INFO  触发cmd：10012
2026-05-06 12:00:00 INFO  触发cmd：10010
2026-05-06 12:00:00 DEBUG Producing instance of Job 'AUTO.JOBS', class=com.linlongyx.sanguo.webgame.quartz.QuartzJob
2026-05-06 12:00:00 DEBUG Calling execute on job AUTO.JOBS
2026-05-06 12:00:00 DEBUG Calling execute on job AUTO.JOBS
2026-05-06 12:00:00 INFO  HttpServerHandler.channelRead0:cmd=10012,signature=c18c989c08dea6f64754a0d42eb61183,
2026-05-06 12:00:00 INFO  log_data_per_hour|10000|1|1|2026-05-06 12:00:00
2026-05-06 12:00:00 INFO  触发cmd：20001
2026-05-06 12:00:00 INFO  触发cmd：20006
2026-05-06 12:00:00 INFO  触发cmd：20005
2026-05-06 12:00:00 INFO  触发cmd：20003
2026-05-06 12:00:00 INFO  ProcessingHttpEvents.trigger.income.cmd:10012 method:
2026-05-06 12:00:00 INFO  ProcessingHttpEvents.trigger.income.cmd:10010 method:
2026-05-06 12:00:00 DEBUG ProcessingHttpEvents.trigger.cmd:10012 method: spendTime:22 p:{cmd=[10012], signature=[c18c989c08dea6f64754a0d42eb61183]}
2026-05-06 12:00:01 DEBUG world boss open 20260506 
2026-05-06 12:00:01 DEBUG ProcessingHttpEvents.trigger.cmd:10010 method: spendTime:184 p:{cmd=[10010], signature=[da17f04de701f635f23cdfa3f23bbee5]}
2026-05-06 12:00:12 ERROR rankBossReBorn 1002 
2026-05-06 12:00:30 DEBUG Producing instance of Job 'AUTO.JOBS', class=com.linlongyx.sanguo.webgame.quartz.QuartzJob
2026-05-06 12:00:30 DEBUG Calling execute on job AUTO.JOBS
2026-05-06 12:00:30 INFO  触发cmd：20005
2026-05-06 12:01:00 DEBUG Producing instance of Job 'AUTO.JOBS', class=com.linlongyx.sanguo.webgame.quartz.QuartzJob
2026-05-06 12:01:00 DEBUG Calling execute on job AUTO.JOBS
2026-05-06 12:01:00 INFO  触发cmd：20005
2026-05-06 12:01:20 ERROR rankBossTimeOut 1001 
2026-05-06 12:01:30 DEBUG Producing instance of Job 'AUTO.JOBS', class=com.linlongyx.sanguo.webgame.quartz.QuartzJob
2026-05-06 12:01:30 DEBUG Calling execute on job AUTO.JOBS
2026-05-06 12:01:30 INFO  触发cmd：20005
2026-05-06 12:01:47 ERROR RankActUtil addRankValue 10000000006 17 120 
2026-05-06 12:01:47 ERROR RankActUtil end 10000000006 17 120 
2026-05-06 12:01:47 ERROR RankActUtil addRankValue 10000000006 14 23105 
2026-05-06 12:01:47 ERROR UpOrDownEquipProcessor: 10000000006 40200101 20 1 0 
2026-05-06 12:01:47 ERROR RankActUtil addRankValue 10000000006 17 120 
2026-05-06 12:01:47 ERROR RankActUtil end 10000000006 17 120 
2026-05-06 12:01:47 ERROR RankActUtil addRankValue 10000000006 14 23273 
2026-05-06 12:01:48 ERROR UpOrDownEquipProcessor: 10000000006 40200102 21 1 0 
2026-05-06 12:01:48 ERROR RankActUtil addRankValue 10000000006 17 120 
2026-05-06 12:01:48 ERROR RankActUtil end 10000000006 17 120 
2026-05-06 12:01:48 ERROR RankActUtil addRankValue 10000000006 14 23441 
2026-05-06 12:01:48 ERROR UpOrDownEquipProcessor: 10000000006 40200103 22 1 0 
2026-05-06 12:01:48 ERROR RankActUtil addRankValue 10000000006 17 120 
2026-05-06 12:01:48 ERROR RankActUtil end 10000000006 17 120 
2026-05-06 12:01:48 ERROR RankActUtil addRankValue 10000000006 14 25561 
2026-05-06 12:01:48 ERROR UpOrDownEquipProcessor: 10000000006 40200104 23 1 0 
2026-05-06 12:01:48 INFO  log_task|10000|21|10000000006|1|320|0|2026-05-06 12:01:48
2026-05-06 12:01:48 INFO  log_guide|10000|21|10000000006|1|81925|2026-05-06 12:01:48
2026-05-06 12:01:51 INFO  log_task|10000|21|10000000006|1|320|1|2026-05-06 12:01:51
2026-05-06 12:01:51 INFO  log_task|10000|21|10000000006|1|330|-1|2026-05-06 12:01:51
2026-05-06 12:01:51 INFO  log_task|10000|21|10000000006|1|330|0|2026-05-06 12:01:51
2026-05-06 12:01:51 INFO  log_guide|10000|21|10000000006|1|84480|2026-05-06 12:01:51
2026-05-06 12:01:51 INFO  log_guide|10000|21|10000000006|1|84485|2026-05-06 12:01:51
2026-05-06 12:01:51 INFO  log_task|10000|21|10000000006|1|330|1|2026-05-06 12:01:51
2026-05-06 12:01:51 INFO  log_task|10000|21|10000000006|1|341|-1|2026-05-06 12:01:51
2026-05-06 12:01:51 INFO  log_guide|10000|21|10000000006|1|87296|2026-05-06 12:01:51
2026-05-06 12:02:00 DEBUG Producing instance of Job 'AUTO.JOBS', class=com.linlongyx.sanguo.webgame.quartz.QuartzJob
2026-05-06 12:02:00 DEBUG Calling execute on job AUTO.JOBS
2026-05-06 12:02:00 INFO  触发cmd：20005
2026-05-06 12:02:20 ERROR rankBossReBorn 1001 
2026-05-06 12:02:22 ERROR RankActUtil addRankValue 10000000006 17 188 
2026-05-06 12:02:22 ERROR RankActUtil end 10000000006 17 188 
2026-05-06 12:02:22 ERROR RankActUtil addRankValue 10000000006 17 188 
2026-05-06 12:02:22 ERROR RankActUtil end 10000000006 17 188 
2026-05-06 12:02:22 ERROR RankActUtil addRankValue 10000000006 17 188 
2026-05-06 12:02:22 ERROR RankActUtil end 10000000006 17 188 
2026-05-06 12:02:22 ERROR RankActUtil addRankValue 10000000006 17 188 
2026-05-06 12:02:22 ERROR RankActUtil end 10000000006 17 188 
2026-05-06 12:02:22 ERROR RankActUtil addRankValue 10000000006 14 25785 
2026-05-06 12:02:22 ERROR EquipStrength 10000000006 -1 0 2 56 
2026-05-06 12:02:24 ERROR RankActUtil addRankValue 10000000006 17 376 
2026-05-06 12:02:24 ERROR RankActUtil end 10000000006 17 376 
2026-05-06 12:02:24 ERROR RankActUtil addRankValue 10000000006 17 376 
2026-05-06 12:02:24 ERROR RankActUtil end 10000000006 17 376 
2026-05-06 12:02:24 ERROR RankActUtil addRankValue 10000000006 17 376 
2026-05-06 12:02:24 ERROR RankActUtil end 10000000006 17 376 
2026-05-06 12:02:24 ERROR RankActUtil addRankValue 10000000006 17 376 
2026-05-06 12:02:24 ERROR RankActUtil end 10000000006 17 376 
2026-05-06 12:02:24 INFO  log_task|10000|21|10000000006|1|341|0|2026-05-06 12:02:24
2026-05-06 12:02:24 ERROR RankActUtil addRankValue 10000000006 14 26809 
2026-05-06 12:02:24 ERROR EquipStrength 10000000006 1 0 2 128 
2026-05-06 12:02:24 INFO  log_guide|10000|21|10000000006|1|87302|2026-05-06 12:02:24
2026-05-06 12:02:30 DEBUG Producing instance of Job 'AUTO.JOBS', class=com.linlongyx.sanguo.webgame.quartz.QuartzJob
2026-05-06 12:02:30 DEBUG Calling execute on job AUTO.JOBS
2026-05-06 12:02:30 INFO  触发cmd：20005
2026-05-06 12:02:42 ERROR rankBossReBorn 1003 
2026-05-06 12:02:42 ERROR rankBossTimeOut 1004 
2026-05-06 12:03:00 DEBUG Producing instance of Job 'AUTO.JOBS', class=com.linlongyx.sanguo.webgame.quartz.QuartzJob
2026-05-06 12:03:00 DEBUG Calling execute on job AUTO.JOBS
2026-05-06 12:03:00 INFO  触发cmd：20005
2026-05-06 12:03:29 INFO  log_task|10000|21|10000000006|1|341|1|2026-05-06 12:03:29
2026-05-06 12:03:29 INFO  log_task|10000|21|10000000006|1|350|-1|2026-05-06 12:03:29
2026-05-06 12:03:29 INFO  log_guide|10000|21|10000000006|1|89600|2026-05-06 12:03:29
2026-05-06 12:03:30 DEBUG Producing instance of Job 'AUTO.JOBS', class=com.linlongyx.sanguo.webgame.quartz.QuartzJob
2026-05-06 12:03:30 DEBUG Calling execute on job AUTO.JOBS
2026-05-06 12:03:30 INFO  触发cmd：20005
2026-05-06 12:03:32 ERROR rankBossTimeOut 1002 
2026-05-06 12:03:32 ERROR rankBossTimeOut 1002 
2026-05-06 12:03:33 DEBUG 第1回合：
玩家[guid:1,pos:1,hp:11720,fury:3]使用了普通技能[100101] 攻击怪物[guid:101,pos:7,hp:2802,fury:0]; 扣除血量-4208; 被攻击后:怪物[guid:101,pos:7,hp:0,fury:0];
武将[guid:2,pos:2,hp:20865,fury:3]使用了普通技能[45040101] 攻击怪物[guid:102,pos:8,hp:2802,fury:0]; 怪物[guid:102,pos:8,hp:2802,fury:0]被暴击; 扣除血量-5601; 被攻击后:怪物[guid:102,pos:8,hp:0,fury:0];
武将[guid:3,pos:3,hp:2937,fury:3]使用了普通技能[24020101] 攻击怪物[guid:103,pos:9,hp:2802,fury:0]; 怪物[guid:103,pos:9,hp:2802,fury:0]闪避
怪物[guid:103,pos:9,hp:2802,fury:0]使用了普通技能[3001] 攻击武将[guid:3,pos:3,hp:2937,fury:4]; 武将[guid:3,pos:3,hp:2937,fury:4]被暴击; 扣除血量-222; 被攻击后:武将[guid:3,pos:3,hp:2715,fury:4];
第2回合：
玩家[guid:1,pos:1,hp:11720,fury:4]使用了怒气技能[100102] 攻击怪物[guid:103,pos:9,hp:2802,fury:1]; 扣除血量-5255; 被攻击后:怪物[guid:103,pos:9,hp:0,fury:1];

挑战方胜利

挑战方胜利
 
2026-05-06 12:03:33 INFO  log_task|10000|21|10000000006|1|350|0|2026-05-06 12:03:33
2026-05-06 12:03:33 INFO  log_currency|10000|21|10000000006|1|10|3|37|2026-05-06 12:03:33|40|1
2026-05-06 12:03:33 INFO  log_bag|10000|21|10000000006|1|30000100|20|84|2026-05-06 12:03:33|40|1
2026-05-06 12:03:33 INFO  log_equip|10000|0|10000000006|40100101|2026-05-06 12:03:33|40|1
2026-05-06 12:03:33 ERROR RankActUtil addRankValue 10000000006 17 60 
2026-05-06 12:03:33 ERROR RankActUtil end 10000000006 17 60 
2026-05-06 12:03:33 ERROR RankActUtil addRankValue 10000000006 17 60 
2026-05-06 12:03:33 ERROR RankActUtil end 10000000006 17 60 
2026-05-06 12:03:33 INFO  log_equip|10000|0|10000000006|40100104|2026-05-06 12:03:33|40|1
2026-05-06 12:03:33 ERROR RankActUtil addRankValue 10000000006 17 60 
2026-05-06 12:03:33 ERROR RankActUtil end 10000000006 17 60 
2026-05-06 12:03:33 ERROR RankActUtil addRankValue 10000000006 17 60 
2026-05-06 12:03:33 ERROR RankActUtil end 10000000006 17 60 
2026-05-06 12:03:33 INFO  log_equip|10000|0|10000000006|40100103|2026-05-06 12:03:33|40|1
2026-05-06 12:03:33 ERROR RankActUtil addRankValue 10000000006 17 60 
2026-05-06 12:03:33 ERROR RankActUtil end 10000000006 17 60 
2026-05-06 12:03:33 ERROR RankActUtil addRankValue 10000000006 17 60 
2026-05-06 12:03:33 ERROR RankActUtil end 10000000006 17 60 
2026-05-06 12:03:34 INFO  log_guide|10000|21|10000000006|1|89602|2026-05-06 12:03:34
2026-05-06 12:04:00 DEBUG Producing instance of Job 'AUTO.JOBS', class=com.linlongyx.sanguo.webgame.quartz.QuartzJob
2026-05-06 12:04:00 DEBUG Calling execute on job AUTO.JOBS
2026-05-06 12:04:00 ERROR rankBossTimeOut 1001 
2026-05-06 12:04:00 INFO  触发cmd：20005
2026-05-06 12:04:30 DEBUG Producing instance of Job 'AUTO.JOBS', class=com.linlongyx.sanguo.webgame.quartz.QuartzJob
2026-05-06 12:04:30 DEBUG Calling execute on job AUTO.JOBS
2026-05-06 12:04:30 INFO  触发cmd：20005
2026-05-06 12:05:00 DEBUG Producing instance of Job 'AUTO.JOBS', class=com.linlongyx.sanguo.webgame.quartz.QuartzJob
2026-05-06 12:05:00 DEBUG Calling execute on job AUTO.JOBS
2026-05-06 12:05:00 DEBUG Producing instance of Job 'AUTO.JOBS', class=com.linlongyx.sanguo.webgame.quartz.QuartzJob
2026-05-06 12:05:00 DEBUG Calling execute on job AUTO.JOBS
2026-05-06 12:05:00 ERROR destiny rank refresh 
2026-05-06 12:05:00 INFO  触发cmd：20005
2026-05-06 12:05:00 INFO  触发cmd：20003
2026-05-06 12:05:00 ERROR rankBossReBorn 1001 
2026-05-06 12:05:30 DEBUG Producing instance of Job 'AUTO.JOBS', class=com.linlongyx.sanguo.webgame.quartz.QuartzJob
2026-05-06 12:05:30 DEBUG Calling execute on job AUTO.JOBS
2026-05-06 12:05:30 INFO  触发cmd：20005
2026-05-06 12:05:33 INFO  log_login|10000|21|10000000006|1|0|2026-05-06 12:05:33|2026-05-06 11:59:07|2026-05-06 12:05:33|2130706433|30502
2026-05-06 12:05:33 DEBUG saveAll: 10000000006, name: raconag, time: 2026-05-06 12:05:33 
